id,member_id,buyer_role,ordered_at,volume_month,status
1,1,member,2026-02-01 00:00:00+00,2026-02-01,completed
2,1,member,2026-02-01 00:00:00+00,2026-02-01,completed
3,2,member,2026-02-01 00:00:00+00,2026-02-01,completed
4,2,member,2026-02-01 00:00:00+00,2026-02-01,completed
5,2,member,2026-02-01 00:00:00+00,2026-02-01,completed
6,2,member,2026-02-01 00:00:00+00,2026-02-01,completed
7,2,member,2026-02-01 00:00:00+00,2026-02-01,completed
8,3,member,2026-02-01 00:00:00+00,2026-02-01,completed
9,3,member,2026-02-01 00:00:00+00,2026-02-01,completed
10,3,member,2026-02-01 00:00:00+00,2026-02-01,completed
11,3,member,2026-02-01 00:00:00+00,2026-02-01,completed
12,4,member,2026-02-01 00:00:00+00,2026-02-01,completed
13,4,member,2026-02-01 00:00:00+00,2026-02-01,completed
14,5,member,2026-02-01 00:00:00+00,2026-02-01,completed
15,6,member,2026-02-01 00:00:00+00,2026-02-01,completed
16,7,member,2026-02-01 00:00:00+00,2026-02-01,completed
17,7,member,2026-02-01 00:00:00+00,2026-02-01,completed
18,7,member,2026-02-01 00:00:00+00,2026-02-01,completed
19,7,member,2026-02-01 00:00:00+00,2026-02-01,completed
20,7,member,2026-02-01 00:00:00+00,2026-02-01,completed
21,9,member,2026-02-01 00:00:00+00,2026-02-01,completed
22,10,member,2026-02-01 00:00:00+00,2026-02-01,completed
23,11,member,2026-02-01 00:00:00+00,2026-02-01,completed
24,11,member,2026-02-01 00:00:00+00,2026-02-01,completed
25,11,member,2026-02-01 00:00:00+00,2026-02-01,completed
26,11,member,2026-02-01 00:00:00+00,2026-02-01,completed
27,12,member,2026-02-01 00:00:00+00,2026-02-01,completed
28,12,member,2026-02-01 00:00:00+00,2026-02-01,completed
29,12,member,2026-02-01 00:00:00+00,2026-02-01,completed
30,12,member,2026-02-01 00:00:00+00,2026-02-01,completed
31,12,member,2026-02-01 00:00:00+00,2026-02-01,completed
32,12,member,2026-02-01 00:00:00+00,2026-02-01,completed
33,12,member,2026-02-01 00:00:00+00,2026-02-01,completed
34,12,member,2026-02-01 00:00:00+00,2026-02-01,completed
35,12,member,2026-02-01 00:00:00+00,2026-02-01,completed
36,12,member,2026-02-01 00:00:00+00,2026-02-01,completed
37,12,member,2026-02-01 00:00:00+00,2026-02-01,completed
38,13,member,2026-02-01 00:00:00+00,2026-02-01,completed
39,14,member,2026-02-01 00:00:00+00,2026-02-01,completed
40,14,member,2026-02-01 00:00:00+00,2026-02-01,completed
41,14,member,2026-02-01 00:00:00+00,2026-02-01,completed
42,15,member,2026-02-01 00:00:00+00,2026-02-01,completed
43,15,member,2026-02-01 00:00:00+00,2026-02-01,completed
44,15,member,2026-02-01 00:00:00+00,2026-02-01,completed
45,16,member,2026-02-01 00:00:00+00,2026-02-01,completed
46,17,member,2026-02-01 00:00:00+00,2026-02-01,completed
47,17,member,2026-02-01 00:00:00+00,2026-02-01,completed
48,17,member,2026-02-01 00:00:00+00,2026-02-01,completed
49,18,member,2026-02-01 00:00:00+00,2026-02-01,completed
50,18,member,2026-02-01 00:00:00+00,2026-02-01,completed
51,18,member,2026-02-01 00:00:00+00,2026-02-01,completed
52,19,member,2026-02-01 00:00:00+00,2026-02-01,completed
53,19,member,2026-02-01 00:00:00+00,2026-02-01,completed
54,19,member,2026-02-01 00:00:00+00,2026-02-01,completed
55,19,member,2026-02-01 00:00:00+00,2026-02-01,completed
56,19,member,2026-02-01 00:00:00+00,2026-02-01,completed
57,20,member,2026-02-01 00:00:00+00,2026-02-01,completed
58,21,member,2026-02-01 00:00:00+00,2026-02-01,completed
59,22,member,2026-02-01 00:00:00+00,2026-02-01,completed
60,22,member,2026-02-01 00:00:00+00,2026-02-01,completed
61,22,member,2026-02-01 00:00:00+00,2026-02-01,completed
62,23,member,2026-02-01 00:00:00+00,2026-02-01,completed
63,24,member,2026-02-01 00:00:00+00,2026-02-01,completed
64,24,member,2026-02-01 00:00:00+00,2026-02-01,completed
65,24,member,2026-02-01 00:00:00+00,2026-02-01,completed
66,24,member,2026-02-01 00:00:00+00,2026-02-01,completed
67,24,member,2026-02-01 00:00:00+00,2026-02-01,completed
68,25,member,2026-02-01 00:00:00+00,2026-02-01,completed
69,25,member,2026-02-01 00:00:00+00,2026-02-01,completed
70,25,member,2026-02-01 00:00:00+00,2026-02-01,completed
71,25,member,2026-02-01 00:00:00+00,2026-02-01,completed
72,25,member,2026-02-01 00:00:00+00,2026-02-01,completed
73,26,member,2026-02-01 00:00:00+00,2026-02-01,completed
74,27,member,2026-02-01 00:00:00+00,2026-02-01,completed
75,28,member,2026-02-01 00:00:00+00,2026-02-01,completed
76,29,member,2026-02-01 00:00:00+00,2026-02-01,completed
77,29,member,2026-02-01 00:00:00+00,2026-02-01,completed
78,30,member,2026-02-01 00:00:00+00,2026-02-01,completed
79,30,member,2026-02-01 00:00:00+00,2026-02-01,completed
80,30,member,2026-02-01 00:00:00+00,2026-02-01,completed
81,32,member,2026-02-01 00:00:00+00,2026-02-01,completed
82,32,member,2026-02-01 00:00:00+00,2026-02-01,completed
83,32,member,2026-02-01 00:00:00+00,2026-02-01,completed
84,32,member,2026-02-01 00:00:00+00,2026-02-01,completed
85,33,member,2026-02-01 00:00:00+00,2026-02-01,completed
86,33,member,2026-02-01 00:00:00+00,2026-02-01,completed
87,33,member,2026-02-01 00:00:00+00,2026-02-01,completed
88,33,member,2026-02-01 00:00:00+00,2026-02-01,completed
89,34,member,2026-02-01 00:00:00+00,2026-02-01,completed
90,35,member,2026-02-01 00:00:00+00,2026-02-01,completed
91,35,member,2026-02-01 00:00:00+00,2026-02-01,completed
92,37,member,2026-02-01 00:00:00+00,2026-02-01,completed
93,38,member,2026-02-01 00:00:00+00,2026-02-01,completed
94,38,member,2026-02-01 00:00:00+00,2026-02-01,completed
95,39,member,2026-02-01 00:00:00+00,2026-02-01,completed
96,39,member,2026-02-01 00:00:00+00,2026-02-01,completed
97,39,member,2026-02-01 00:00:00+00,2026-02-01,completed
98,40,member,2026-02-01 00:00:00+00,2026-02-01,completed
99,42,member,2026-02-01 00:00:00+00,2026-02-01,completed
100,43,member,2026-02-01 00:00:00+00,2026-02-01,completed
101,43,member,2026-02-01 00:00:00+00,2026-02-01,completed
102,44,member,2026-02-01 00:00:00+00,2026-02-01,completed
103,44,member,2026-02-01 00:00:00+00,2026-02-01,completed
104,44,member,2026-02-01 00:00:00+00,2026-02-01,completed
105,44,member,2026-02-01 00:00:00+00,2026-02-01,completed
106,44,member,2026-02-01 00:00:00+00,2026-02-01,completed
107,44,member,2026-02-01 00:00:00+00,2026-02-01,completed
108,44,member,2026-02-01 00:00:00+00,2026-02-01,completed
109,44,member,2026-02-01 00:00:00+00,2026-02-01,completed
110,44,member,2026-02-01 00:00:00+00,2026-02-01,completed
111,44,member,2026-02-01 00:00:00+00,2026-02-01,completed
112,45,member,2026-02-01 00:00:00+00,2026-02-01,completed
113,45,member,2026-02-01 00:00:00+00,2026-02-01,completed
114,45,member,2026-02-01 00:00:00+00,2026-02-01,completed
115,45,member,2026-02-01 00:00:00+00,2026-02-01,completed
116,45,member,2026-02-01 00:00:00+00,2026-02-01,completed
117,45,member,2026-02-01 00:00:00+00,2026-02-01,completed
118,45,member,2026-02-01 00:00:00+00,2026-02-01,completed
119,45,member,2026-02-01 00:00:00+00,2026-02-01,completed
120,45,member,2026-02-01 00:00:00+00,2026-02-01,completed
121,45,member,2026-02-01 00:00:00+00,2026-02-01,completed
122,45,member,2026-02-01 00:00:00+00,2026-02-01,completed
123,45,member,2026-02-01 00:00:00+00,2026-02-01,completed
124,46,member,2026-02-01 00:00:00+00,2026-02-01,completed
125,47,member,2026-02-01 00:00:00+00,2026-02-01,completed
126,48,member,2026-02-01 00:00:00+00,2026-02-01,completed
127,48,member,2026-02-01 00:00:00+00,2026-02-01,completed
128,48,member,2026-02-01 00:00:00+00,2026-02-01,completed
129,49,member,2026-02-01 00:00:00+00,2026-02-01,completed
130,50,member,2026-02-01 00:00:00+00,2026-02-01,completed
131,50,member,2026-02-01 00:00:00+00,2026-02-01,completed
132,51,member,2026-02-01 00:00:00+00,2026-02-01,completed
133,51,member,2026-02-01 00:00:00+00,2026-02-01,completed
134,51,member,2026-02-01 00:00:00+00,2026-02-01,completed
135,51,member,2026-02-01 00:00:00+00,2026-02-01,completed
136,52,member,2026-02-01 00:00:00+00,2026-02-01,completed
137,52,member,2026-02-01 00:00:00+00,2026-02-01,completed
138,53,member,2026-02-01 00:00:00+00,2026-02-01,completed
139,55,member,2026-02-01 00:00:00+00,2026-02-01,completed
140,56,member,2026-02-01 00:00:00+00,2026-02-01,completed
141,56,member,2026-02-01 00:00:00+00,2026-02-01,completed
142,57,member,2026-02-01 00:00:00+00,2026-02-01,completed
143,58,member,2026-02-01 00:00:00+00,2026-02-01,completed
144,59,member,2026-02-01 00:00:00+00,2026-02-01,completed
145,60,member,2026-02-01 00:00:00+00,2026-02-01,completed
146,61,member,2026-02-01 00:00:00+00,2026-02-01,completed
147,61,member,2026-02-01 00:00:00+00,2026-02-01,completed
148,63,member,2026-02-01 00:00:00+00,2026-02-01,completed
149,63,member,2026-02-01 00:00:00+00,2026-02-01,completed
150,66,member,2026-02-01 00:00:00+00,2026-02-01,completed
151,66,member,2026-02-01 00:00:00+00,2026-02-01,completed
152,67,member,2026-02-01 00:00:00+00,2026-02-01,completed
153,68,member,2026-02-01 00:00:00+00,2026-02-01,completed
154,68,member,2026-02-01 00:00:00+00,2026-02-01,completed
155,69,member,2026-02-01 00:00:00+00,2026-02-01,completed
156,71,member,2026-02-01 00:00:00+00,2026-02-01,completed
157,72,member,2026-02-01 00:00:00+00,2026-02-01,completed
158,73,member,2026-02-01 00:00:00+00,2026-02-01,completed
159,74,member,2026-02-01 00:00:00+00,2026-02-01,completed
160,74,member,2026-02-01 00:00:00+00,2026-02-01,completed
161,75,member,2026-02-01 00:00:00+00,2026-02-01,completed
162,76,member,2026-02-01 00:00:00+00,2026-02-01,completed
163,77,member,2026-02-01 00:00:00+00,2026-02-01,completed
164,78,member,2026-02-01 00:00:00+00,2026-02-01,completed
165,79,member,2026-02-01 00:00:00+00,2026-02-01,completed
166,79,member,2026-02-01 00:00:00+00,2026-02-01,completed
167,80,member,2026-02-01 00:00:00+00,2026-02-01,completed
168,80,member,2026-02-01 00:00:00+00,2026-02-01,completed
169,80,member,2026-02-01 00:00:00+00,2026-02-01,completed
170,80,member,2026-02-01 00:00:00+00,2026-02-01,completed
171,80,member,2026-02-01 00:00:00+00,2026-02-01,completed
172,81,member,2026-02-01 00:00:00+00,2026-02-01,completed
173,81,member,2026-02-01 00:00:00+00,2026-02-01,completed
174,81,member,2026-02-01 00:00:00+00,2026-02-01,completed
175,82,member,2026-02-01 00:00:00+00,2026-02-01,completed
176,82,member,2026-02-01 00:00:00+00,2026-02-01,completed
177,83,member,2026-02-01 00:00:00+00,2026-02-01,completed
178,85,member,2026-02-01 00:00:00+00,2026-02-01,completed
179,86,member,2026-02-01 00:00:00+00,2026-02-01,completed
180,87,member,2026-02-01 00:00:00+00,2026-02-01,completed
181,88,member,2026-02-01 00:00:00+00,2026-02-01,completed
182,88,member,2026-02-01 00:00:00+00,2026-02-01,completed
183,89,member,2026-02-01 00:00:00+00,2026-02-01,completed
184,89,member,2026-02-01 00:00:00+00,2026-02-01,completed
185,89,member,2026-02-01 00:00:00+00,2026-02-01,completed
186,91,member,2026-02-01 00:00:00+00,2026-02-01,completed
187,91,member,2026-02-01 00:00:00+00,2026-02-01,completed
188,92,member,2026-02-01 00:00:00+00,2026-02-01,completed
189,93,member,2026-02-01 00:00:00+00,2026-02-01,completed
190,93,member,2026-02-01 00:00:00+00,2026-02-01,completed
191,95,member,2026-02-01 00:00:00+00,2026-02-01,completed
192,96,member,2026-02-01 00:00:00+00,2026-02-01,completed
193,97,member,2026-02-01 00:00:00+00,2026-02-01,completed
194,97,member,2026-02-01 00:00:00+00,2026-02-01,completed
195,97,member,2026-02-01 00:00:00+00,2026-02-01,completed
196,98,member,2026-02-01 00:00:00+00,2026-02-01,completed
197,99,member,2026-02-01 00:00:00+00,2026-02-01,completed
198,100,member,2026-02-01 00:00:00+00,2026-02-01,completed
199,100,member,2026-02-01 00:00:00+00,2026-02-01,completed
200,101,member,2026-02-01 00:00:00+00,2026-02-01,completed
201,102,member,2026-02-01 00:00:00+00,2026-02-01,completed
202,103,member,2026-02-01 00:00:00+00,2026-02-01,completed
203,104,member,2026-02-01 00:00:00+00,2026-02-01,completed
204,104,member,2026-02-01 00:00:00+00,2026-02-01,completed
205,106,member,2026-02-01 00:00:00+00,2026-02-01,completed
206,106,member,2026-02-01 00:00:00+00,2026-02-01,completed
207,106,member,2026-02-01 00:00:00+00,2026-02-01,completed
208,107,member,2026-02-01 00:00:00+00,2026-02-01,completed
209,108,member,2026-02-01 00:00:00+00,2026-02-01,completed
210,109,member,2026-02-01 00:00:00+00,2026-02-01,completed
211,109,member,2026-02-01 00:00:00+00,2026-02-01,completed
212,109,member,2026-02-01 00:00:00+00,2026-02-01,completed
213,110,member,2026-02-01 00:00:00+00,2026-02-01,completed
214,111,member,2026-02-01 00:00:00+00,2026-02-01,completed
215,111,member,2026-02-01 00:00:00+00,2026-02-01,completed
216,113,member,2026-02-01 00:00:00+00,2026-02-01,completed
217,113,member,2026-02-01 00:00:00+00,2026-02-01,completed
218,114,member,2026-02-01 00:00:00+00,2026-02-01,completed
219,116,member,2026-02-01 00:00:00+00,2026-02-01,completed
220,117,member,2026-02-01 00:00:00+00,2026-02-01,completed
221,117,member,2026-02-01 00:00:00+00,2026-02-01,completed
222,117,member,2026-02-01 00:00:00+00,2026-02-01,completed
223,117,member,2026-02-01 00:00:00+00,2026-02-01,completed
224,117,member,2026-02-01 00:00:00+00,2026-02-01,completed
225,118,member,2026-02-01 00:00:00+00,2026-02-01,completed
226,119,member,2026-02-01 00:00:00+00,2026-02-01,completed
227,119,member,2026-02-01 00:00:00+00,2026-02-01,completed
228,119,member,2026-02-01 00:00:00+00,2026-02-01,completed
229,119,member,2026-02-01 00:00:00+00,2026-02-01,completed
230,120,member,2026-02-01 00:00:00+00,2026-02-01,completed
231,120,member,2026-02-01 00:00:00+00,2026-02-01,completed
232,120,member,2026-02-01 00:00:00+00,2026-02-01,completed
233,121,member,2026-02-01 00:00:00+00,2026-02-01,completed
234,122,member,2026-02-01 00:00:00+00,2026-02-01,completed
235,123,member,2026-02-01 00:00:00+00,2026-02-01,completed
236,123,member,2026-02-01 00:00:00+00,2026-02-01,completed
237,123,member,2026-02-01 00:00:00+00,2026-02-01,completed
238,124,member,2026-02-01 00:00:00+00,2026-02-01,completed
239,125,member,2026-02-01 00:00:00+00,2026-02-01,completed
240,125,member,2026-02-01 00:00:00+00,2026-02-01,completed
241,126,member,2026-02-01 00:00:00+00,2026-02-01,completed
242,127,member,2026-02-01 00:00:00+00,2026-02-01,completed
243,129,member,2026-02-01 00:00:00+00,2026-02-01,completed
244,129,member,2026-02-01 00:00:00+00,2026-02-01,completed
245,132,member,2026-02-01 00:00:00+00,2026-02-01,completed
246,132,member,2026-02-01 00:00:00+00,2026-02-01,completed
247,133,member,2026-02-01 00:00:00+00,2026-02-01,completed
248,134,member,2026-02-01 00:00:00+00,2026-02-01,completed
249,135,member,2026-02-01 00:00:00+00,2026-02-01,completed
250,136,member,2026-02-01 00:00:00+00,2026-02-01,completed
251,136,member,2026-02-01 00:00:00+00,2026-02-01,completed
252,137,member,2026-02-01 00:00:00+00,2026-02-01,completed
253,138,member,2026-02-01 00:00:00+00,2026-02-01,completed
254,138,member,2026-02-01 00:00:00+00,2026-02-01,completed
255,139,member,2026-02-01 00:00:00+00,2026-02-01,completed
256,140,member,2026-02-01 00:00:00+00,2026-02-01,completed
257,142,member,2026-02-01 00:00:00+00,2026-02-01,completed
258,143,member,2026-02-01 00:00:00+00,2026-02-01,completed
259,144,member,2026-02-01 00:00:00+00,2026-02-01,completed
260,144,member,2026-02-01 00:00:00+00,2026-02-01,completed
261,145,member,2026-02-01 00:00:00+00,2026-02-01,completed
262,146,member,2026-02-01 00:00:00+00,2026-02-01,completed
263,146,member,2026-02-01 00:00:00+00,2026-02-01,completed
264,146,member,2026-02-01 00:00:00+00,2026-02-01,completed
265,146,member,2026-02-01 00:00:00+00,2026-02-01,completed
266,146,member,2026-02-01 00:00:00+00,2026-02-01,completed
267,147,member,2026-02-01 00:00:00+00,2026-02-01,completed
268,147,member,2026-02-01 00:00:00+00,2026-02-01,completed
269,148,member,2026-02-01 00:00:00+00,2026-02-01,completed
270,148,member,2026-02-01 00:00:00+00,2026-02-01,completed
271,148,member,2026-02-01 00:00:00+00,2026-02-01,completed
272,148,member,2026-02-01 00:00:00+00,2026-02-01,completed
273,148,member,2026-02-01 00:00:00+00,2026-02-01,completed
274,149,member,2026-02-01 00:00:00+00,2026-02-01,completed
275,149,member,2026-02-01 00:00:00+00,2026-02-01,completed
276,150,member,2026-02-01 00:00:00+00,2026-02-01,completed
277,150,member,2026-02-01 00:00:00+00,2026-02-01,completed
278,150,member,2026-02-01 00:00:00+00,2026-02-01,completed
279,150,member,2026-02-01 00:00:00+00,2026-02-01,completed
280,151,member,2026-02-01 00:00:00+00,2026-02-01,completed
281,151,member,2026-02-01 00:00:00+00,2026-02-01,completed
282,151,member,2026-02-01 00:00:00+00,2026-02-01,completed
283,151,member,2026-02-01 00:00:00+00,2026-02-01,completed
284,153,member,2026-02-01 00:00:00+00,2026-02-01,completed
285,154,member,2026-02-01 00:00:00+00,2026-02-01,completed
286,154,member,2026-02-01 00:00:00+00,2026-02-01,completed
287,154,member,2026-02-01 00:00:00+00,2026-02-01,completed
288,156,member,2026-02-01 00:00:00+00,2026-02-01,completed
289,156,member,2026-02-01 00:00:00+00,2026-02-01,completed
290,156,member,2026-02-01 00:00:00+00,2026-02-01,completed
291,157,member,2026-02-01 00:00:00+00,2026-02-01,completed
292,158,member,2026-02-01 00:00:00+00,2026-02-01,completed
293,158,member,2026-02-01 00:00:00+00,2026-02-01,completed
294,159,member,2026-02-01 00:00:00+00,2026-02-01,completed
295,160,member,2026-02-01 00:00:00+00,2026-02-01,completed
296,161,member,2026-02-01 00:00:00+00,2026-02-01,completed
297,161,member,2026-02-01 00:00:00+00,2026-02-01,completed
298,162,member,2026-02-01 00:00:00+00,2026-02-01,completed
299,162,member,2026-02-01 00:00:00+00,2026-02-01,completed
300,163,member,2026-02-01 00:00:00+00,2026-02-01,completed
301,164,member,2026-02-01 00:00:00+00,2026-02-01,completed
302,165,member,2026-02-01 00:00:00+00,2026-02-01,completed
303,166,member,2026-02-01 00:00:00+00,2026-02-01,completed
304,167,member,2026-02-01 00:00:00+00,2026-02-01,completed
305,168,member,2026-02-01 00:00:00+00,2026-02-01,completed
306,170,member,2026-02-01 00:00:00+00,2026-02-01,completed
307,171,member,2026-02-01 00:00:00+00,2026-02-01,completed
308,171,member,2026-02-01 00:00:00+00,2026-02-01,completed
309,172,member,2026-02-01 00:00:00+00,2026-02-01,completed
310,172,member,2026-02-01 00:00:00+00,2026-02-01,completed
311,172,member,2026-02-01 00:00:00+00,2026-02-01,completed
312,172,member,2026-02-01 00:00:00+00,2026-02-01,completed
313,172,member,2026-02-01 00:00:00+00,2026-02-01,completed
314,173,member,2026-02-01 00:00:00+00,2026-02-01,completed
315,173,member,2026-02-01 00:00:00+00,2026-02-01,completed
316,174,member,2026-02-01 00:00:00+00,2026-02-01,completed
317,174,member,2026-02-01 00:00:00+00,2026-02-01,completed
318,174,member,2026-02-01 00:00:00+00,2026-02-01,completed
319,174,member,2026-02-01 00:00:00+00,2026-02-01,completed
320,175,member,2026-02-01 00:00:00+00,2026-02-01,completed
321,176,member,2026-02-01 00:00:00+00,2026-02-01,completed
322,176,member,2026-02-01 00:00:00+00,2026-02-01,completed
323,176,member,2026-02-01 00:00:00+00,2026-02-01,completed
324,179,member,2026-02-01 00:00:00+00,2026-02-01,completed
325,179,member,2026-02-01 00:00:00+00,2026-02-01,completed
326,179,member,2026-02-01 00:00:00+00,2026-02-01,completed
327,180,member,2026-02-01 00:00:00+00,2026-02-01,completed
328,180,member,2026-02-01 00:00:00+00,2026-02-01,completed
329,180,member,2026-02-01 00:00:00+00,2026-02-01,completed
330,180,member,2026-02-01 00:00:00+00,2026-02-01,completed
331,180,member,2026-02-01 00:00:00+00,2026-02-01,completed
332,180,member,2026-02-01 00:00:00+00,2026-02-01,completed
333,180,member,2026-02-01 00:00:00+00,2026-02-01,completed
334,181,member,2026-02-01 00:00:00+00,2026-02-01,completed
335,182,member,2026-02-01 00:00:00+00,2026-02-01,completed
336,182,member,2026-02-01 00:00:00+00,2026-02-01,completed
337,182,member,2026-02-01 00:00:00+00,2026-02-01,completed
338,182,member,2026-02-01 00:00:00+00,2026-02-01,completed
339,182,member,2026-02-01 00:00:00+00,2026-02-01,completed
340,183,member,2026-02-01 00:00:00+00,2026-02-01,completed
341,183,member,2026-02-01 00:00:00+00,2026-02-01,completed
342,183,member,2026-02-01 00:00:00+00,2026-02-01,completed
343,184,member,2026-02-01 00:00:00+00,2026-02-01,completed
344,185,member,2026-02-01 00:00:00+00,2026-02-01,completed
345,185,member,2026-02-01 00:00:00+00,2026-02-01,completed
346,186,member,2026-02-01 00:00:00+00,2026-02-01,completed
347,187,member,2026-02-01 00:00:00+00,2026-02-01,completed
348,187,member,2026-02-01 00:00:00+00,2026-02-01,completed
349,188,member,2026-02-01 00:00:00+00,2026-02-01,completed
350,188,member,2026-02-01 00:00:00+00,2026-02-01,completed
351,189,member,2026-02-01 00:00:00+00,2026-02-01,completed
352,189,member,2026-02-01 00:00:00+00,2026-02-01,completed
353,189,member,2026-02-01 00:00:00+00,2026-02-01,completed
354,189,member,2026-02-01 00:00:00+00,2026-02-01,completed
355,189,member,2026-02-01 00:00:00+00,2026-02-01,completed
356,189,member,2026-02-01 00:00:00+00,2026-02-01,completed
357,189,member,2026-02-01 00:00:00+00,2026-02-01,completed
358,189,member,2026-02-01 00:00:00+00,2026-02-01,completed
359,189,member,2026-02-01 00:00:00+00,2026-02-01,completed
360,189,member,2026-02-01 00:00:00+00,2026-02-01,completed
361,189,member,2026-02-01 00:00:00+00,2026-02-01,completed
362,189,member,2026-02-01 00:00:00+00,2026-02-01,completed
363,190,member,2026-02-01 00:00:00+00,2026-02-01,completed
364,192,member,2026-02-01 00:00:00+00,2026-02-01,completed
365,193,member,2026-02-01 00:00:00+00,2026-02-01,completed
366,194,member,2026-02-01 00:00:00+00,2026-02-01,completed
367,195,member,2026-02-01 00:00:00+00,2026-02-01,completed
368,195,member,2026-02-01 00:00:00+00,2026-02-01,completed
369,195,member,2026-02-01 00:00:00+00,2026-02-01,completed
370,196,member,2026-02-01 00:00:00+00,2026-02-01,completed
371,197,member,2026-02-01 00:00:00+00,2026-02-01,completed
372,197,member,2026-02-01 00:00:00+00,2026-02-01,completed
373,198,member,2026-02-01 00:00:00+00,2026-02-01,completed
374,198,member,2026-02-01 00:00:00+00,2026-02-01,completed
375,198,member,2026-02-01 00:00:00+00,2026-02-01,completed
376,198,member,2026-02-01 00:00:00+00,2026-02-01,completed
377,198,member,2026-02-01 00:00:00+00,2026-02-01,completed
378,199,member,2026-02-01 00:00:00+00,2026-02-01,completed
379,200,member,2026-02-01 00:00:00+00,2026-02-01,completed
380,201,member,2026-02-01 00:00:00+00,2026-02-01,completed
381,202,member,2026-02-01 00:00:00+00,2026-02-01,completed
382,202,member,2026-02-01 00:00:00+00,2026-02-01,completed
383,202,member,2026-02-01 00:00:00+00,2026-02-01,completed
384,202,member,2026-02-01 00:00:00+00,2026-02-01,completed
385,202,member,2026-02-01 00:00:00+00,2026-02-01,completed
386,202,member,2026-02-01 00:00:00+00,2026-02-01,completed
387,202,member,2026-02-01 00:00:00+00,2026-02-01,completed
388,202,member,2026-02-01 00:00:00+00,2026-02-01,completed
389,202,member,2026-02-01 00:00:00+00,2026-02-01,completed
390,204,member,2026-02-01 00:00:00+00,2026-02-01,completed
391,206,member,2026-02-01 00:00:00+00,2026-02-01,completed
392,207,member,2026-02-01 00:00:00+00,2026-02-01,completed
393,208,member,2026-02-01 00:00:00+00,2026-02-01,completed
394,209,member,2026-02-01 00:00:00+00,2026-02-01,completed
395,210,member,2026-02-01 00:00:00+00,2026-02-01,completed
396,210,member,2026-02-01 00:00:00+00,2026-02-01,completed
397,211,member,2026-02-01 00:00:00+00,2026-02-01,completed
398,212,member,2026-02-01 00:00:00+00,2026-02-01,completed
399,212,member,2026-02-01 00:00:00+00,2026-02-01,completed
400,212,member,2026-02-01 00:00:00+00,2026-02-01,completed
401,212,member,2026-02-01 00:00:00+00,2026-02-01,completed
402,213,member,2026-02-01 00:00:00+00,2026-02-01,completed
403,215,member,2026-02-01 00:00:00+00,2026-02-01,completed
404,216,member,2026-02-01 00:00:00+00,2026-02-01,completed
405,217,member,2026-02-01 00:00:00+00,2026-02-01,completed
406,217,member,2026-02-01 00:00:00+00,2026-02-01,completed
407,217,member,2026-02-01 00:00:00+00,2026-02-01,completed
408,217,member,2026-02-01 00:00:00+00,2026-02-01,completed
409,217,member,2026-02-01 00:00:00+00,2026-02-01,completed
410,217,member,2026-02-01 00:00:00+00,2026-02-01,completed
411,217,member,2026-02-01 00:00:00+00,2026-02-01,completed
412,217,member,2026-02-01 00:00:00+00,2026-02-01,completed
413,217,member,2026-02-01 00:00:00+00,2026-02-01,completed
414,217,member,2026-02-01 00:00:00+00,2026-02-01,completed
415,218,member,2026-02-01 00:00:00+00,2026-02-01,completed
416,218,member,2026-02-01 00:00:00+00,2026-02-01,completed
417,219,member,2026-02-01 00:00:00+00,2026-02-01,completed
418,219,member,2026-02-01 00:00:00+00,2026-02-01,completed
419,220,member,2026-02-01 00:00:00+00,2026-02-01,completed
420,220,member,2026-02-01 00:00:00+00,2026-02-01,completed
421,221,member,2026-02-01 00:00:00+00,2026-02-01,completed
422,221,member,2026-02-01 00:00:00+00,2026-02-01,completed
423,221,member,2026-02-01 00:00:00+00,2026-02-01,completed
424,222,member,2026-02-01 00:00:00+00,2026-02-01,completed
425,223,member,2026-02-01 00:00:00+00,2026-02-01,completed
426,223,member,2026-02-01 00:00:00+00,2026-02-01,completed
427,223,member,2026-02-01 00:00:00+00,2026-02-01,completed
428,223,member,2026-02-01 00:00:00+00,2026-02-01,completed
429,224,member,2026-02-01 00:00:00+00,2026-02-01,completed
430,224,member,2026-02-01 00:00:00+00,2026-02-01,completed
431,225,member,2026-02-01 00:00:00+00,2026-02-01,completed
432,225,member,2026-02-01 00:00:00+00,2026-02-01,completed
433,226,member,2026-02-01 00:00:00+00,2026-02-01,completed
434,226,member,2026-02-01 00:00:00+00,2026-02-01,completed
435,226,member,2026-02-01 00:00:00+00,2026-02-01,completed
436,227,member,2026-02-01 00:00:00+00,2026-02-01,completed
437,227,member,2026-02-01 00:00:00+00,2026-02-01,completed
438,228,member,2026-02-01 00:00:00+00,2026-02-01,completed
439,228,member,2026-02-01 00:00:00+00,2026-02-01,completed
440,229,member,2026-02-01 00:00:00+00,2026-02-01,completed
441,230,member,2026-02-01 00:00:00+00,2026-02-01,completed
442,231,member,2026-02-01 00:00:00+00,2026-02-01,completed
443,231,member,2026-02-01 00:00:00+00,2026-02-01,completed
444,232,member,2026-02-01 00:00:00+00,2026-02-01,completed
445,232,member,2026-02-01 00:00:00+00,2026-02-01,completed
446,232,member,2026-02-01 00:00:00+00,2026-02-01,completed
447,232,member,2026-02-01 00:00:00+00,2026-02-01,completed
448,233,member,2026-02-01 00:00:00+00,2026-02-01,completed
449,234,member,2026-02-01 00:00:00+00,2026-02-01,completed
450,235,member,2026-02-01 00:00:00+00,2026-02-01,completed
451,236,member,2026-02-01 00:00:00+00,2026-02-01,completed
452,236,member,2026-02-01 00:00:00+00,2026-02-01,completed
453,236,member,2026-02-01 00:00:00+00,2026-02-01,completed
454,238,member,2026-02-01 00:00:00+00,2026-02-01,completed
455,238,member,2026-02-01 00:00:00+00,2026-02-01,completed
456,238,member,2026-02-01 00:00:00+00,2026-02-01,completed
457,240,member,2026-02-01 00:00:00+00,2026-02-01,completed
458,241,member,2026-02-01 00:00:00+00,2026-02-01,completed
459,241,member,2026-02-01 00:00:00+00,2026-02-01,completed
460,242,member,2026-02-01 00:00:00+00,2026-02-01,completed
461,242,member,2026-02-01 00:00:00+00,2026-02-01,completed
462,243,member,2026-02-01 00:00:00+00,2026-02-01,completed
463,244,member,2026-02-01 00:00:00+00,2026-02-01,completed
464,245,member,2026-02-01 00:00:00+00,2026-02-01,completed
465,245,member,2026-02-01 00:00:00+00,2026-02-01,completed
466,246,member,2026-02-01 00:00:00+00,2026-02-01,completed
467,246,member,2026-02-01 00:00:00+00,2026-02-01,completed
468,248,member,2026-02-01 00:00:00+00,2026-02-01,completed
469,249,member,2026-02-01 00:00:00+00,2026-02-01,completed
470,250,member,2026-02-01 00:00:00+00,2026-02-01,completed
471,251,member,2026-02-01 00:00:00+00,2026-02-01,completed
472,251,member,2026-02-01 00:00:00+00,2026-02-01,completed
473,252,member,2026-02-01 00:00:00+00,2026-02-01,completed
474,253,member,2026-02-01 00:00:00+00,2026-02-01,completed
475,253,member,2026-02-01 00:00:00+00,2026-02-01,completed
476,254,member,2026-02-01 00:00:00+00,2026-02-01,completed
477,255,member,2026-02-01 00:00:00+00,2026-02-01,completed
478,256,member,2026-02-01 00:00:00+00,2026-02-01,completed
479,257,member,2026-02-01 00:00:00+00,2026-02-01,completed
480,257,member,2026-02-01 00:00:00+00,2026-02-01,completed
481,258,member,2026-02-01 00:00:00+00,2026-02-01,completed
482,258,member,2026-02-01 00:00:00+00,2026-02-01,completed
483,259,member,2026-02-01 00:00:00+00,2026-02-01,completed
484,259,member,2026-02-01 00:00:00+00,2026-02-01,completed
485,260,member,2026-02-01 00:00:00+00,2026-02-01,completed
486,261,member,2026-02-01 00:00:00+00,2026-02-01,completed
487,262,member,2026-02-01 00:00:00+00,2026-02-01,completed
488,262,member,2026-02-01 00:00:00+00,2026-02-01,completed
489,263,member,2026-02-01 00:00:00+00,2026-02-01,completed
490,264,member,2026-02-01 00:00:00+00,2026-02-01,completed
491,266,member,2026-02-01 00:00:00+00,2026-02-01,completed
492,267,member,2026-02-01 00:00:00+00,2026-02-01,completed
493,267,member,2026-02-01 00:00:00+00,2026-02-01,completed
494,268,member,2026-02-01 00:00:00+00,2026-02-01,completed
495,269,member,2026-02-01 00:00:00+00,2026-02-01,completed
496,270,member,2026-02-01 00:00:00+00,2026-02-01,completed
497,271,member,2026-02-01 00:00:00+00,2026-02-01,completed
498,271,member,2026-02-01 00:00:00+00,2026-02-01,completed
499,271,member,2026-02-01 00:00:00+00,2026-02-01,completed
500,271,member,2026-02-01 00:00:00+00,2026-02-01,completed
501,272,member,2026-02-01 00:00:00+00,2026-02-01,completed
502,273,member,2026-02-01 00:00:00+00,2026-02-01,completed
503,273,member,2026-02-01 00:00:00+00,2026-02-01,completed
504,273,member,2026-02-01 00:00:00+00,2026-02-01,completed
505,275,member,2026-02-01 00:00:00+00,2026-02-01,completed
506,277,member,2026-02-01 00:00:00+00,2026-02-01,completed
507,278,member,2026-02-01 00:00:00+00,2026-02-01,completed
508,278,member,2026-02-01 00:00:00+00,2026-02-01,completed
509,280,member,2026-02-01 00:00:00+00,2026-02-01,completed
510,281,member,2026-02-01 00:00:00+00,2026-02-01,completed
511,282,member,2026-02-01 00:00:00+00,2026-02-01,completed
512,282,member,2026-02-01 00:00:00+00,2026-02-01,completed
513,282,member,2026-02-01 00:00:00+00,2026-02-01,completed
514,283,member,2026-02-01 00:00:00+00,2026-02-01,completed
515,283,member,2026-02-01 00:00:00+00,2026-02-01,completed
516,284,member,2026-02-01 00:00:00+00,2026-02-01,completed
517,284,member,2026-02-01 00:00:00+00,2026-02-01,completed
518,285,member,2026-02-01 00:00:00+00,2026-02-01,completed
519,286,member,2026-02-01 00:00:00+00,2026-02-01,completed
520,286,member,2026-02-01 00:00:00+00,2026-02-01,completed
521,287,member,2026-02-01 00:00:00+00,2026-02-01,completed
522,288,member,2026-02-01 00:00:00+00,2026-02-01,completed
523,289,member,2026-02-01 00:00:00+00,2026-02-01,completed
524,291,member,2026-02-01 00:00:00+00,2026-02-01,completed
525,292,member,2026-02-01 00:00:00+00,2026-02-01,completed
526,292,member,2026-02-01 00:00:00+00,2026-02-01,completed
527,292,member,2026-02-01 00:00:00+00,2026-02-01,completed
528,294,member,2026-02-01 00:00:00+00,2026-02-01,completed
529,295,member,2026-02-01 00:00:00+00,2026-02-01,completed
530,295,member,2026-02-01 00:00:00+00,2026-02-01,completed
531,296,member,2026-02-01 00:00:00+00,2026-02-01,completed
532,297,member,2026-02-01 00:00:00+00,2026-02-01,completed
533,298,member,2026-02-01 00:00:00+00,2026-02-01,completed
534,298,member,2026-02-01 00:00:00+00,2026-02-01,completed
535,298,member,2026-02-01 00:00:00+00,2026-02-01,completed
536,299,member,2026-02-01 00:00:00+00,2026-02-01,completed
537,300,member,2026-02-01 00:00:00+00,2026-02-01,completed
538,300,member,2026-02-01 00:00:00+00,2026-02-01,completed
539,301,member,2026-02-01 00:00:00+00,2026-02-01,completed
540,301,member,2026-02-01 00:00:00+00,2026-02-01,completed
541,302,member,2026-02-01 00:00:00+00,2026-02-01,completed
542,303,member,2026-02-01 00:00:00+00,2026-02-01,completed
543,304,member,2026-02-01 00:00:00+00,2026-02-01,completed
544,304,member,2026-02-01 00:00:00+00,2026-02-01,completed
545,304,member,2026-02-01 00:00:00+00,2026-02-01,completed
546,305,member,2026-02-01 00:00:00+00,2026-02-01,completed
547,306,member,2026-02-01 00:00:00+00,2026-02-01,completed
548,307,member,2026-02-01 00:00:00+00,2026-02-01,completed
549,307,member,2026-02-01 00:00:00+00,2026-02-01,completed
550,307,member,2026-02-01 00:00:00+00,2026-02-01,completed
551,307,member,2026-02-01 00:00:00+00,2026-02-01,completed
552,308,member,2026-02-01 00:00:00+00,2026-02-01,completed
553,308,member,2026-02-01 00:00:00+00,2026-02-01,completed
554,309,member,2026-02-01 00:00:00+00,2026-02-01,completed
555,310,member,2026-02-01 00:00:00+00,2026-02-01,completed
556,310,member,2026-02-01 00:00:00+00,2026-02-01,completed
557,310,member,2026-02-01 00:00:00+00,2026-02-01,completed
558,311,member,2026-02-01 00:00:00+00,2026-02-01,completed
559,313,member,2026-02-01 00:00:00+00,2026-02-01,completed
560,314,member,2026-02-01 00:00:00+00,2026-02-01,completed
561,314,member,2026-02-01 00:00:00+00,2026-02-01,completed
562,315,member,2026-02-01 00:00:00+00,2026-02-01,completed
563,316,member,2026-02-01 00:00:00+00,2026-02-01,completed
564,317,member,2026-02-01 00:00:00+00,2026-02-01,completed
565,317,member,2026-02-01 00:00:00+00,2026-02-01,completed
566,318,member,2026-02-01 00:00:00+00,2026-02-01,completed
567,319,member,2026-02-01 00:00:00+00,2026-02-01,completed
568,319,member,2026-02-01 00:00:00+00,2026-02-01,completed
569,319,member,2026-02-01 00:00:00+00,2026-02-01,completed
570,319,member,2026-02-01 00:00:00+00,2026-02-01,completed
571,319,member,2026-02-01 00:00:00+00,2026-02-01,completed
572,319,member,2026-02-01 00:00:00+00,2026-02-01,completed
573,319,member,2026-02-01 00:00:00+00,2026-02-01,completed
574,319,member,2026-02-01 00:00:00+00,2026-02-01,completed
575,319,member,2026-02-01 00:00:00+00,2026-02-01,completed
576,321,member,2026-02-01 00:00:00+00,2026-02-01,completed
577,322,member,2026-02-01 00:00:00+00,2026-02-01,completed
578,322,member,2026-02-01 00:00:00+00,2026-02-01,completed
579,322,member,2026-02-01 00:00:00+00,2026-02-01,completed
580,322,member,2026-02-01 00:00:00+00,2026-02-01,completed
581,323,member,2026-02-01 00:00:00+00,2026-02-01,completed
582,323,member,2026-02-01 00:00:00+00,2026-02-01,completed
583,323,member,2026-02-01 00:00:00+00,2026-02-01,completed
584,324,member,2026-02-01 00:00:00+00,2026-02-01,completed
585,325,member,2026-02-01 00:00:00+00,2026-02-01,completed
586,326,member,2026-02-01 00:00:00+00,2026-02-01,completed
587,326,member,2026-02-01 00:00:00+00,2026-02-01,completed
588,327,member,2026-02-01 00:00:00+00,2026-02-01,completed
589,327,member,2026-02-01 00:00:00+00,2026-02-01,completed
590,328,member,2026-02-01 00:00:00+00,2026-02-01,completed
591,328,member,2026-02-01 00:00:00+00,2026-02-01,completed
592,330,member,2026-02-01 00:00:00+00,2026-02-01,completed
593,332,member,2026-02-01 00:00:00+00,2026-02-01,completed
594,333,member,2026-02-01 00:00:00+00,2026-02-01,completed
595,333,member,2026-02-01 00:00:00+00,2026-02-01,completed
596,334,member,2026-02-01 00:00:00+00,2026-02-01,completed
597,334,member,2026-02-01 00:00:00+00,2026-02-01,completed
598,335,member,2026-02-01 00:00:00+00,2026-02-01,completed
599,335,member,2026-02-01 00:00:00+00,2026-02-01,completed
600,335,member,2026-02-01 00:00:00+00,2026-02-01,completed
601,335,member,2026-02-01 00:00:00+00,2026-02-01,completed
602,335,member,2026-02-01 00:00:00+00,2026-02-01,completed
603,336,member,2026-02-01 00:00:00+00,2026-02-01,completed
604,336,member,2026-02-01 00:00:00+00,2026-02-01,completed
605,337,member,2026-02-01 00:00:00+00,2026-02-01,completed
606,338,member,2026-02-01 00:00:00+00,2026-02-01,completed
607,338,member,2026-02-01 00:00:00+00,2026-02-01,completed
608,338,member,2026-02-01 00:00:00+00,2026-02-01,completed
609,339,member,2026-02-01 00:00:00+00,2026-02-01,completed
610,339,member,2026-02-01 00:00:00+00,2026-02-01,completed
611,340,member,2026-02-01 00:00:00+00,2026-02-01,completed
612,341,member,2026-02-01 00:00:00+00,2026-02-01,completed
613,342,member,2026-02-01 00:00:00+00,2026-02-01,completed
614,343,member,2026-02-01 00:00:00+00,2026-02-01,completed
615,344,member,2026-02-01 00:00:00+00,2026-02-01,completed
616,346,member,2026-02-01 00:00:00+00,2026-02-01,completed
617,347,member,2026-02-01 00:00:00+00,2026-02-01,completed
618,347,member,2026-02-01 00:00:00+00,2026-02-01,completed
619,347,member,2026-02-01 00:00:00+00,2026-02-01,completed
620,347,member,2026-02-01 00:00:00+00,2026-02-01,completed
621,349,member,2026-02-01 00:00:00+00,2026-02-01,completed
622,350,member,2026-02-01 00:00:00+00,2026-02-01,completed
623,351,member,2026-02-01 00:00:00+00,2026-02-01,completed
624,351,member,2026-02-01 00:00:00+00,2026-02-01,completed
625,351,member,2026-02-01 00:00:00+00,2026-02-01,completed
626,352,member,2026-02-01 00:00:00+00,2026-02-01,completed
627,352,member,2026-02-01 00:00:00+00,2026-02-01,completed
628,352,member,2026-02-01 00:00:00+00,2026-02-01,completed
629,352,member,2026-02-01 00:00:00+00,2026-02-01,completed
630,352,member,2026-02-01 00:00:00+00,2026-02-01,completed
631,352,member,2026-02-01 00:00:00+00,2026-02-01,completed
632,352,member,2026-02-01 00:00:00+00,2026-02-01,completed
633,352,member,2026-02-01 00:00:00+00,2026-02-01,completed
634,352,member,2026-02-01 00:00:00+00,2026-02-01,completed
635,352,member,2026-02-01 00:00:00+00,2026-02-01,completed
636,352,member,2026-02-01 00:00:00+00,2026-02-01,completed
637,352,member,2026-02-01 00:00:00+00,2026-02-01,completed
638,353,member,2026-02-01 00:00:00+00,2026-02-01,completed
639,353,member,2026-02-01 00:00:00+00,2026-02-01,completed
640,355,member,2026-02-01 00:00:00+00,2026-02-01,completed
641,356,member,2026-02-01 00:00:00+00,2026-02-01,completed
642,357,member,2026-02-01 00:00:00+00,2026-02-01,completed
643,358,member,2026-02-01 00:00:00+00,2026-02-01,completed
644,359,member,2026-02-01 00:00:00+00,2026-02-01,completed
645,359,member,2026-02-01 00:00:00+00,2026-02-01,completed
646,359,member,2026-02-01 00:00:00+00,2026-02-01,completed
647,359,member,2026-02-01 00:00:00+00,2026-02-01,completed
648,359,member,2026-02-01 00:00:00+00,2026-02-01,completed
649,359,member,2026-02-01 00:00:00+00,2026-02-01,completed
650,359,member,2026-02-01 00:00:00+00,2026-02-01,completed
651,359,member,2026-02-01 00:00:00+00,2026-02-01,completed
652,359,member,2026-02-01 00:00:00+00,2026-02-01,completed
653,360,member,2026-02-01 00:00:00+00,2026-02-01,completed
654,360,member,2026-02-01 00:00:00+00,2026-02-01,completed
655,361,member,2026-02-01 00:00:00+00,2026-02-01,completed
656,361,member,2026-02-01 00:00:00+00,2026-02-01,completed
657,362,member,2026-02-01 00:00:00+00,2026-02-01,completed
658,362,member,2026-02-01 00:00:00+00,2026-02-01,completed
659,363,member,2026-02-01 00:00:00+00,2026-02-01,completed
660,363,member,2026-02-01 00:00:00+00,2026-02-01,completed
661,363,member,2026-02-01 00:00:00+00,2026-02-01,completed
662,363,member,2026-02-01 00:00:00+00,2026-02-01,completed
663,363,member,2026-02-01 00:00:00+00,2026-02-01,completed
664,364,member,2026-02-01 00:00:00+00,2026-02-01,completed
665,364,member,2026-02-01 00:00:00+00,2026-02-01,completed
666,364,member,2026-02-01 00:00:00+00,2026-02-01,completed
667,365,member,2026-02-01 00:00:00+00,2026-02-01,completed
668,365,member,2026-02-01 00:00:00+00,2026-02-01,completed
669,366,member,2026-02-01 00:00:00+00,2026-02-01,completed
670,366,member,2026-02-01 00:00:00+00,2026-02-01,completed
671,367,member,2026-02-01 00:00:00+00,2026-02-01,completed
672,368,member,2026-02-01 00:00:00+00,2026-02-01,completed
673,368,member,2026-02-01 00:00:00+00,2026-02-01,completed
674,368,member,2026-02-01 00:00:00+00,2026-02-01,completed
675,369,member,2026-02-01 00:00:00+00,2026-02-01,completed
676,369,member,2026-02-01 00:00:00+00,2026-02-01,completed
677,370,member,2026-02-01 00:00:00+00,2026-02-01,completed
678,371,member,2026-02-01 00:00:00+00,2026-02-01,completed
679,371,member,2026-02-01 00:00:00+00,2026-02-01,completed
680,372,member,2026-02-01 00:00:00+00,2026-02-01,completed
681,372,member,2026-02-01 00:00:00+00,2026-02-01,completed
682,373,member,2026-02-01 00:00:00+00,2026-02-01,completed
683,373,member,2026-02-01 00:00:00+00,2026-02-01,completed
684,374,member,2026-02-01 00:00:00+00,2026-02-01,completed
685,375,member,2026-02-01 00:00:00+00,2026-02-01,completed
686,375,member,2026-02-01 00:00:00+00,2026-02-01,completed
687,377,member,2026-02-01 00:00:00+00,2026-02-01,completed
688,378,member,2026-02-01 00:00:00+00,2026-02-01,completed
689,379,member,2026-02-01 00:00:00+00,2026-02-01,completed
690,379,member,2026-02-01 00:00:00+00,2026-02-01,completed
691,380,member,2026-02-01 00:00:00+00,2026-02-01,completed
692,380,member,2026-02-01 00:00:00+00,2026-02-01,completed
693,382,member,2026-02-01 00:00:00+00,2026-02-01,completed
694,383,member,2026-02-01 00:00:00+00,2026-02-01,completed
695,384,member,2026-02-01 00:00:00+00,2026-02-01,completed
696,384,member,2026-02-01 00:00:00+00,2026-02-01,completed
697,384,member,2026-02-01 00:00:00+00,2026-02-01,completed
698,385,member,2026-02-01 00:00:00+00,2026-02-01,completed
699,386,member,2026-02-01 00:00:00+00,2026-02-01,completed
700,386,member,2026-02-01 00:00:00+00,2026-02-01,completed
701,386,member,2026-02-01 00:00:00+00,2026-02-01,completed
702,387,member,2026-02-01 00:00:00+00,2026-02-01,completed
703,388,member,2026-02-01 00:00:00+00,2026-02-01,completed
704,388,member,2026-02-01 00:00:00+00,2026-02-01,completed
705,389,member,2026-02-01 00:00:00+00,2026-02-01,completed
706,390,member,2026-02-01 00:00:00+00,2026-02-01,completed
707,390,member,2026-02-01 00:00:00+00,2026-02-01,completed
708,390,member,2026-02-01 00:00:00+00,2026-02-01,completed
709,391,member,2026-02-01 00:00:00+00,2026-02-01,completed
710,392,member,2026-02-01 00:00:00+00,2026-02-01,completed
711,392,member,2026-02-01 00:00:00+00,2026-02-01,completed
712,393,member,2026-02-01 00:00:00+00,2026-02-01,completed
713,394,member,2026-02-01 00:00:00+00,2026-02-01,completed
714,394,member,2026-02-01 00:00:00+00,2026-02-01,completed
715,395,member,2026-02-01 00:00:00+00,2026-02-01,completed
716,396,member,2026-02-01 00:00:00+00,2026-02-01,completed
717,396,member,2026-02-01 00:00:00+00,2026-02-01,completed
718,397,member,2026-02-01 00:00:00+00,2026-02-01,completed
719,398,member,2026-02-01 00:00:00+00,2026-02-01,completed
720,398,member,2026-02-01 00:00:00+00,2026-02-01,completed
721,398,member,2026-02-01 00:00:00+00,2026-02-01,completed
722,398,member,2026-02-01 00:00:00+00,2026-02-01,completed
723,398,member,2026-02-01 00:00:00+00,2026-02-01,completed
724,398,member,2026-02-01 00:00:00+00,2026-02-01,completed
725,398,member,2026-02-01 00:00:00+00,2026-02-01,completed
726,398,member,2026-02-01 00:00:00+00,2026-02-01,completed
727,398,member,2026-02-01 00:00:00+00,2026-02-01,completed
728,398,member,2026-02-01 00:00:00+00,2026-02-01,completed
729,398,member,2026-02-01 00:00:00+00,2026-02-01,completed
730,399,member,2026-02-01 00:00:00+00,2026-02-01,completed
731,400,member,2026-02-01 00:00:00+00,2026-02-01,completed
732,401,member,2026-02-01 00:00:00+00,2026-02-01,completed
733,402,member,2026-02-01 00:00:00+00,2026-02-01,completed
734,403,member,2026-02-01 00:00:00+00,2026-02-01,completed
735,404,member,2026-02-01 00:00:00+00,2026-02-01,completed
736,405,member,2026-02-01 00:00:00+00,2026-02-01,completed
737,405,member,2026-02-01 00:00:00+00,2026-02-01,completed
738,405,member,2026-02-01 00:00:00+00,2026-02-01,completed
739,406,member,2026-02-01 00:00:00+00,2026-02-01,completed
740,407,member,2026-02-01 00:00:00+00,2026-02-01,completed
741,409,member,2026-02-01 00:00:00+00,2026-02-01,completed
742,410,member,2026-02-01 00:00:00+00,2026-02-01,completed
743,411,member,2026-02-01 00:00:00+00,2026-02-01,completed
744,412,member,2026-02-01 00:00:00+00,2026-02-01,completed
745,412,member,2026-02-01 00:00:00+00,2026-02-01,completed
746,413,member,2026-02-01 00:00:00+00,2026-02-01,completed
747,414,member,2026-02-01 00:00:00+00,2026-02-01,completed
748,415,member,2026-02-01 00:00:00+00,2026-02-01,completed
749,415,member,2026-02-01 00:00:00+00,2026-02-01,completed
750,416,member,2026-02-01 00:00:00+00,2026-02-01,completed
751,417,member,2026-02-01 00:00:00+00,2026-02-01,completed
752,418,member,2026-02-01 00:00:00+00,2026-02-01,completed
753,418,member,2026-02-01 00:00:00+00,2026-02-01,completed
754,419,member,2026-02-01 00:00:00+00,2026-02-01,completed
755,419,member,2026-02-01 00:00:00+00,2026-02-01,completed
756,420,member,2026-02-01 00:00:00+00,2026-02-01,completed
757,420,member,2026-02-01 00:00:00+00,2026-02-01,completed
758,420,member,2026-02-01 00:00:00+00,2026-02-01,completed
759,421,member,2026-02-01 00:00:00+00,2026-02-01,completed
760,422,member,2026-02-01 00:00:00+00,2026-02-01,completed
761,422,member,2026-02-01 00:00:00+00,2026-02-01,completed
762,423,member,2026-02-01 00:00:00+00,2026-02-01,completed
763,424,member,2026-02-01 00:00:00+00,2026-02-01,completed
764,425,member,2026-02-01 00:00:00+00,2026-02-01,completed
765,425,member,2026-02-01 00:00:00+00,2026-02-01,completed
766,426,member,2026-02-01 00:00:00+00,2026-02-01,completed
767,427,member,2026-02-01 00:00:00+00,2026-02-01,completed
768,427,member,2026-02-01 00:00:00+00,2026-02-01,completed
769,428,member,2026-02-01 00:00:00+00,2026-02-01,completed
770,429,member,2026-02-01 00:00:00+00,2026-02-01,completed
771,429,member,2026-02-01 00:00:00+00,2026-02-01,completed
772,429,member,2026-02-01 00:00:00+00,2026-02-01,completed
773,430,member,2026-02-01 00:00:00+00,2026-02-01,completed
774,431,member,2026-02-01 00:00:00+00,2026-02-01,completed
775,432,member,2026-02-01 00:00:00+00,2026-02-01,completed
776,433,member,2026-02-01 00:00:00+00,2026-02-01,completed
777,433,member,2026-02-01 00:00:00+00,2026-02-01,completed
778,434,member,2026-02-01 00:00:00+00,2026-02-01,completed
779,435,member,2026-02-01 00:00:00+00,2026-02-01,completed
780,435,member,2026-02-01 00:00:00+00,2026-02-01,completed
781,435,member,2026-02-01 00:00:00+00,2026-02-01,completed
782,435,member,2026-02-01 00:00:00+00,2026-02-01,completed
783,435,member,2026-02-01 00:00:00+00,2026-02-01,completed
784,435,member,2026-02-01 00:00:00+00,2026-02-01,completed
785,435,member,2026-02-01 00:00:00+00,2026-02-01,completed
786,435,member,2026-02-01 00:00:00+00,2026-02-01,completed
787,435,member,2026-02-01 00:00:00+00,2026-02-01,completed
788,435,member,2026-02-01 00:00:00+00,2026-02-01,completed
789,435,member,2026-02-01 00:00:00+00,2026-02-01,completed
790,435,member,2026-02-01 00:00:00+00,2026-02-01,completed
791,436,member,2026-02-01 00:00:00+00,2026-02-01,completed
792,437,member,2026-02-01 00:00:00+00,2026-02-01,completed
793,437,member,2026-02-01 00:00:00+00,2026-02-01,completed
794,440,member,2026-02-01 00:00:00+00,2026-02-01,completed
795,441,member,2026-02-01 00:00:00+00,2026-02-01,completed
796,441,member,2026-02-01 00:00:00+00,2026-02-01,completed
797,442,member,2026-02-01 00:00:00+00,2026-02-01,completed
798,442,member,2026-02-01 00:00:00+00,2026-02-01,completed
799,443,member,2026-02-01 00:00:00+00,2026-02-01,completed
800,445,member,2026-02-01 00:00:00+00,2026-02-01,completed
801,446,member,2026-02-01 00:00:00+00,2026-02-01,completed
802,446,member,2026-02-01 00:00:00+00,2026-02-01,completed
803,446,member,2026-02-01 00:00:00+00,2026-02-01,completed
804,446,member,2026-02-01 00:00:00+00,2026-02-01,completed
805,447,member,2026-02-01 00:00:00+00,2026-02-01,completed
806,447,member,2026-02-01 00:00:00+00,2026-02-01,completed
807,448,member,2026-02-01 00:00:00+00,2026-02-01,completed
808,448,member,2026-02-01 00:00:00+00,2026-02-01,completed
809,449,member,2026-02-01 00:00:00+00,2026-02-01,completed
810,450,member,2026-02-01 00:00:00+00,2026-02-01,completed
811,451,member,2026-02-01 00:00:00+00,2026-02-01,completed
812,451,member,2026-02-01 00:00:00+00,2026-02-01,completed
813,452,member,2026-02-01 00:00:00+00,2026-02-01,completed
814,452,member,2026-02-01 00:00:00+00,2026-02-01,completed
815,453,member,2026-02-01 00:00:00+00,2026-02-01,completed
816,453,member,2026-02-01 00:00:00+00,2026-02-01,completed
817,454,member,2026-02-01 00:00:00+00,2026-02-01,completed
818,454,member,2026-02-01 00:00:00+00,2026-02-01,completed
819,455,member,2026-02-01 00:00:00+00,2026-02-01,completed
820,456,member,2026-02-01 00:00:00+00,2026-02-01,completed
821,456,member,2026-02-01 00:00:00+00,2026-02-01,completed
822,457,member,2026-02-01 00:00:00+00,2026-02-01,completed
823,458,member,2026-02-01 00:00:00+00,2026-02-01,completed
824,459,member,2026-02-01 00:00:00+00,2026-02-01,completed
825,460,member,2026-02-01 00:00:00+00,2026-02-01,completed
826,461,member,2026-02-01 00:00:00+00,2026-02-01,completed
827,462,member,2026-02-01 00:00:00+00,2026-02-01,completed
828,462,member,2026-02-01 00:00:00+00,2026-02-01,completed
829,463,member,2026-02-01 00:00:00+00,2026-02-01,completed
830,464,member,2026-02-01 00:00:00+00,2026-02-01,completed
831,464,member,2026-02-01 00:00:00+00,2026-02-01,completed
832,464,member,2026-02-01 00:00:00+00,2026-02-01,completed
833,465,member,2026-02-01 00:00:00+00,2026-02-01,completed
834,466,member,2026-02-01 00:00:00+00,2026-02-01,completed
835,467,member,2026-02-01 00:00:00+00,2026-02-01,completed
836,468,member,2026-02-01 00:00:00+00,2026-02-01,completed
837,468,member,2026-02-01 00:00:00+00,2026-02-01,completed
838,469,member,2026-02-01 00:00:00+00,2026-02-01,completed
839,469,member,2026-02-01 00:00:00+00,2026-02-01,completed
840,470,member,2026-02-01 00:00:00+00,2026-02-01,completed
841,470,member,2026-02-01 00:00:00+00,2026-02-01,completed
842,470,member,2026-02-01 00:00:00+00,2026-02-01,completed
843,471,member,2026-02-01 00:00:00+00,2026-02-01,completed
844,472,member,2026-02-01 00:00:00+00,2026-02-01,completed
845,473,member,2026-02-01 00:00:00+00,2026-02-01,completed
846,474,member,2026-02-01 00:00:00+00,2026-02-01,completed
847,476,member,2026-02-01 00:00:00+00,2026-02-01,completed
848,476,member,2026-02-01 00:00:00+00,2026-02-01,completed
849,477,member,2026-02-01 00:00:00+00,2026-02-01,completed
850,478,member,2026-02-01 00:00:00+00,2026-02-01,completed
851,479,member,2026-02-01 00:00:00+00,2026-02-01,completed
852,480,member,2026-02-01 00:00:00+00,2026-02-01,completed
853,481,member,2026-02-01 00:00:00+00,2026-02-01,completed
854,482,member,2026-02-01 00:00:00+00,2026-02-01,completed
855,482,member,2026-02-01 00:00:00+00,2026-02-01,completed
856,483,member,2026-02-01 00:00:00+00,2026-02-01,completed
857,484,member,2026-02-01 00:00:00+00,2026-02-01,completed
858,484,member,2026-02-01 00:00:00+00,2026-02-01,completed
859,485,member,2026-02-01 00:00:00+00,2026-02-01,completed
860,485,member,2026-02-01 00:00:00+00,2026-02-01,completed
861,486,member,2026-02-01 00:00:00+00,2026-02-01,completed
862,487,member,2026-02-01 00:00:00+00,2026-02-01,completed
863,487,member,2026-02-01 00:00:00+00,2026-02-01,completed
864,488,member,2026-02-01 00:00:00+00,2026-02-01,completed
865,489,member,2026-02-01 00:00:00+00,2026-02-01,completed
866,490,member,2026-02-01 00:00:00+00,2026-02-01,completed
867,491,member,2026-02-01 00:00:00+00,2026-02-01,completed
868,492,member,2026-02-01 00:00:00+00,2026-02-01,completed
869,492,member,2026-02-01 00:00:00+00,2026-02-01,completed
870,493,member,2026-02-01 00:00:00+00,2026-02-01,completed
871,493,member,2026-02-01 00:00:00+00,2026-02-01,completed
872,494,member,2026-02-01 00:00:00+00,2026-02-01,completed
873,494,member,2026-02-01 00:00:00+00,2026-02-01,completed
874,495,member,2026-02-01 00:00:00+00,2026-02-01,completed
875,496,member,2026-02-01 00:00:00+00,2026-02-01,completed
876,497,member,2026-02-01 00:00:00+00,2026-02-01,completed
877,498,member,2026-02-01 00:00:00+00,2026-02-01,completed
878,499,member,2026-02-01 00:00:00+00,2026-02-01,completed
879,499,member,2026-02-01 00:00:00+00,2026-02-01,completed
880,500,member,2026-02-01 00:00:00+00,2026-02-01,completed
881,501,member,2026-02-01 00:00:00+00,2026-02-01,completed
882,501,member,2026-02-01 00:00:00+00,2026-02-01,completed
883,502,member,2026-02-01 00:00:00+00,2026-02-01,completed
884,502,member,2026-02-01 00:00:00+00,2026-02-01,completed
885,503,member,2026-02-01 00:00:00+00,2026-02-01,completed
886,504,member,2026-02-01 00:00:00+00,2026-02-01,completed
887,505,member,2026-02-01 00:00:00+00,2026-02-01,completed
888,506,member,2026-02-01 00:00:00+00,2026-02-01,completed
889,506,member,2026-02-01 00:00:00+00,2026-02-01,completed
890,507,member,2026-02-01 00:00:00+00,2026-02-01,completed
891,508,member,2026-02-01 00:00:00+00,2026-02-01,completed
892,508,member,2026-02-01 00:00:00+00,2026-02-01,completed
893,509,member,2026-02-01 00:00:00+00,2026-02-01,completed
894,510,member,2026-02-01 00:00:00+00,2026-02-01,completed
895,511,member,2026-02-01 00:00:00+00,2026-02-01,completed
896,512,member,2026-02-01 00:00:00+00,2026-02-01,completed
897,512,member,2026-02-01 00:00:00+00,2026-02-01,completed
898,515,member,2026-02-01 00:00:00+00,2026-02-01,completed
899,515,member,2026-02-01 00:00:00+00,2026-02-01,completed
900,515,member,2026-02-01 00:00:00+00,2026-02-01,completed
901,515,member,2026-02-01 00:00:00+00,2026-02-01,completed
902,516,member,2026-02-01 00:00:00+00,2026-02-01,completed
903,516,member,2026-02-01 00:00:00+00,2026-02-01,completed
904,517,member,2026-02-01 00:00:00+00,2026-02-01,completed
905,518,member,2026-02-01 00:00:00+00,2026-02-01,completed
906,518,member,2026-02-01 00:00:00+00,2026-02-01,completed
907,518,member,2026-02-01 00:00:00+00,2026-02-01,completed
908,519,member,2026-02-01 00:00:00+00,2026-02-01,completed
909,520,member,2026-02-01 00:00:00+00,2026-02-01,completed
910,521,member,2026-02-01 00:00:00+00,2026-02-01,completed
911,521,member,2026-02-01 00:00:00+00,2026-02-01,completed
912,522,member,2026-02-01 00:00:00+00,2026-02-01,completed
913,522,member,2026-02-01 00:00:00+00,2026-02-01,completed
914,523,member,2026-02-01 00:00:00+00,2026-02-01,completed
915,523,member,2026-02-01 00:00:00+00,2026-02-01,completed
916,524,member,2026-02-01 00:00:00+00,2026-02-01,completed
917,525,member,2026-02-01 00:00:00+00,2026-02-01,completed
918,525,member,2026-02-01 00:00:00+00,2026-02-01,completed
919,525,member,2026-02-01 00:00:00+00,2026-02-01,completed
920,526,member,2026-02-01 00:00:00+00,2026-02-01,completed
921,526,member,2026-02-01 00:00:00+00,2026-02-01,completed
922,527,member,2026-02-01 00:00:00+00,2026-02-01,completed
923,528,member,2026-02-01 00:00:00+00,2026-02-01,completed
924,529,member,2026-02-01 00:00:00+00,2026-02-01,completed
925,530,member,2026-02-01 00:00:00+00,2026-02-01,completed
926,531,member,2026-02-01 00:00:00+00,2026-02-01,completed
927,531,member,2026-02-01 00:00:00+00,2026-02-01,completed
928,532,member,2026-02-01 00:00:00+00,2026-02-01,completed
929,533,member,2026-02-01 00:00:00+00,2026-02-01,completed
930,533,member,2026-02-01 00:00:00+00,2026-02-01,completed
931,533,member,2026-02-01 00:00:00+00,2026-02-01,completed
932,533,member,2026-02-01 00:00:00+00,2026-02-01,completed
933,533,member,2026-02-01 00:00:00+00,2026-02-01,completed
934,534,member,2026-02-01 00:00:00+00,2026-02-01,completed
935,535,member,2026-02-01 00:00:00+00,2026-02-01,completed
936,536,member,2026-02-01 00:00:00+00,2026-02-01,completed
937,536,member,2026-02-01 00:00:00+00,2026-02-01,completed
938,537,member,2026-02-01 00:00:00+00,2026-02-01,completed
939,537,member,2026-02-01 00:00:00+00,2026-02-01,completed
940,538,member,2026-02-01 00:00:00+00,2026-02-01,completed
941,538,member,2026-02-01 00:00:00+00,2026-02-01,completed
942,538,member,2026-02-01 00:00:00+00,2026-02-01,completed
943,539,member,2026-02-01 00:00:00+00,2026-02-01,completed
944,540,member,2026-02-01 00:00:00+00,2026-02-01,completed
945,541,member,2026-02-01 00:00:00+00,2026-02-01,completed
946,541,member,2026-02-01 00:00:00+00,2026-02-01,completed
947,542,member,2026-02-01 00:00:00+00,2026-02-01,completed
948,543,member,2026-02-01 00:00:00+00,2026-02-01,completed
949,544,member,2026-02-01 00:00:00+00,2026-02-01,completed
950,545,member,2026-02-01 00:00:00+00,2026-02-01,completed
951,546,member,2026-02-01 00:00:00+00,2026-02-01,completed
952,547,member,2026-02-01 00:00:00+00,2026-02-01,completed
953,548,member,2026-02-01 00:00:00+00,2026-02-01,completed
954,548,member,2026-02-01 00:00:00+00,2026-02-01,completed
955,549,member,2026-02-01 00:00:00+00,2026-02-01,completed
956,550,member,2026-02-01 00:00:00+00,2026-02-01,completed
957,550,member,2026-02-01 00:00:00+00,2026-02-01,completed
958,551,member,2026-02-01 00:00:00+00,2026-02-01,completed
959,551,member,2026-02-01 00:00:00+00,2026-02-01,completed
960,552,member,2026-02-01 00:00:00+00,2026-02-01,completed
961,552,member,2026-02-01 00:00:00+00,2026-02-01,completed
962,553,member,2026-02-01 00:00:00+00,2026-02-01,completed
963,553,member,2026-02-01 00:00:00+00,2026-02-01,completed
964,554,member,2026-02-01 00:00:00+00,2026-02-01,completed
965,555,member,2026-02-01 00:00:00+00,2026-02-01,completed
966,555,member,2026-02-01 00:00:00+00,2026-02-01,completed
967,556,member,2026-02-01 00:00:00+00,2026-02-01,completed
968,557,member,2026-02-01 00:00:00+00,2026-02-01,completed
969,557,member,2026-02-01 00:00:00+00,2026-02-01,completed
970,558,member,2026-02-01 00:00:00+00,2026-02-01,completed
971,559,member,2026-02-01 00:00:00+00,2026-02-01,completed
972,560,member,2026-02-01 00:00:00+00,2026-02-01,completed
973,561,member,2026-02-01 00:00:00+00,2026-02-01,completed
974,562,member,2026-02-01 00:00:00+00,2026-02-01,completed
975,563,member,2026-02-01 00:00:00+00,2026-02-01,completed
976,563,member,2026-02-01 00:00:00+00,2026-02-01,completed
977,564,member,2026-02-01 00:00:00+00,2026-02-01,completed
978,565,member,2026-02-01 00:00:00+00,2026-02-01,completed
979,566,member,2026-02-01 00:00:00+00,2026-02-01,completed
980,567,member,2026-02-01 00:00:00+00,2026-02-01,completed
981,567,member,2026-02-01 00:00:00+00,2026-02-01,completed
982,568,member,2026-02-01 00:00:00+00,2026-02-01,completed
983,569,member,2026-02-01 00:00:00+00,2026-02-01,completed
984,570,member,2026-02-01 00:00:00+00,2026-02-01,completed
985,571,member,2026-02-01 00:00:00+00,2026-02-01,completed
986,572,member,2026-02-01 00:00:00+00,2026-02-01,completed
987,572,member,2026-02-01 00:00:00+00,2026-02-01,completed
988,573,member,2026-02-01 00:00:00+00,2026-02-01,completed
989,574,member,2026-02-01 00:00:00+00,2026-02-01,completed
990,575,member,2026-02-01 00:00:00+00,2026-02-01,completed
991,575,member,2026-02-01 00:00:00+00,2026-02-01,completed
992,575,member,2026-02-01 00:00:00+00,2026-02-01,completed
993,576,member,2026-02-01 00:00:00+00,2026-02-01,completed
994,576,member,2026-02-01 00:00:00+00,2026-02-01,completed
995,577,member,2026-02-01 00:00:00+00,2026-02-01,completed
996,578,member,2026-02-01 00:00:00+00,2026-02-01,completed
997,578,member,2026-02-01 00:00:00+00,2026-02-01,completed
998,578,member,2026-02-01 00:00:00+00,2026-02-01,completed
999,579,member,2026-02-01 00:00:00+00,2026-02-01,completed
1000,580,member,2026-02-01 00:00:00+00,2026-02-01,completed
1001,581,member,2026-02-01 00:00:00+00,2026-02-01,completed
1002,582,member,2026-02-01 00:00:00+00,2026-02-01,completed
1003,582,member,2026-02-01 00:00:00+00,2026-02-01,completed
1004,583,member,2026-02-01 00:00:00+00,2026-02-01,completed
1005,584,member,2026-02-01 00:00:00+00,2026-02-01,completed
1006,585,member,2026-02-01 00:00:00+00,2026-02-01,completed
1007,585,member,2026-02-01 00:00:00+00,2026-02-01,completed
1008,586,member,2026-02-01 00:00:00+00,2026-02-01,completed
1009,586,member,2026-02-01 00:00:00+00,2026-02-01,completed
1010,587,member,2026-02-01 00:00:00+00,2026-02-01,completed
1011,588,member,2026-02-01 00:00:00+00,2026-02-01,completed
1012,589,member,2026-02-01 00:00:00+00,2026-02-01,completed
1013,590,member,2026-02-01 00:00:00+00,2026-02-01,completed
1014,591,member,2026-02-01 00:00:00+00,2026-02-01,completed
1015,591,member,2026-02-01 00:00:00+00,2026-02-01,completed
1016,592,member,2026-02-01 00:00:00+00,2026-02-01,completed
1017,593,member,2026-02-01 00:00:00+00,2026-02-01,completed
1018,594,member,2026-02-01 00:00:00+00,2026-02-01,completed
1019,595,member,2026-02-01 00:00:00+00,2026-02-01,completed
1020,595,member,2026-02-01 00:00:00+00,2026-02-01,completed
1021,596,member,2026-02-01 00:00:00+00,2026-02-01,completed
1022,597,member,2026-02-01 00:00:00+00,2026-02-01,completed
1023,597,member,2026-02-01 00:00:00+00,2026-02-01,completed
1024,598,member,2026-02-01 00:00:00+00,2026-02-01,completed
1025,599,member,2026-02-01 00:00:00+00,2026-02-01,completed
1026,600,member,2026-02-01 00:00:00+00,2026-02-01,completed
1027,600,member,2026-02-01 00:00:00+00,2026-02-01,completed
1028,601,member,2026-02-01 00:00:00+00,2026-02-01,completed
1029,602,member,2026-02-01 00:00:00+00,2026-02-01,completed
1030,602,member,2026-02-01 00:00:00+00,2026-02-01,completed
1031,603,member,2026-02-01 00:00:00+00,2026-02-01,completed
1032,603,member,2026-02-01 00:00:00+00,2026-02-01,completed
1033,604,member,2026-02-01 00:00:00+00,2026-02-01,completed
1034,605,member,2026-02-01 00:00:00+00,2026-02-01,completed
1035,605,member,2026-02-01 00:00:00+00,2026-02-01,completed
1036,606,member,2026-02-01 00:00:00+00,2026-02-01,completed
1037,607,member,2026-02-01 00:00:00+00,2026-02-01,completed
1038,608,member,2026-02-01 00:00:00+00,2026-02-01,completed
1039,608,member,2026-02-01 00:00:00+00,2026-02-01,completed
1040,609,member,2026-02-01 00:00:00+00,2026-02-01,completed
1041,610,member,2026-02-01 00:00:00+00,2026-02-01,completed
1042,611,member,2026-02-01 00:00:00+00,2026-02-01,completed
1043,611,member,2026-02-01 00:00:00+00,2026-02-01,completed
1044,611,member,2026-02-01 00:00:00+00,2026-02-01,completed
1045,612,member,2026-02-01 00:00:00+00,2026-02-01,completed
1046,613,member,2026-02-01 00:00:00+00,2026-02-01,completed
1047,614,member,2026-02-01 00:00:00+00,2026-02-01,completed
1048,615,member,2026-02-01 00:00:00+00,2026-02-01,completed
1049,616,member,2026-02-01 00:00:00+00,2026-02-01,completed
1050,617,member,2026-02-01 00:00:00+00,2026-02-01,completed
1051,618,member,2026-02-01 00:00:00+00,2026-02-01,completed
1052,619,member,2026-02-01 00:00:00+00,2026-02-01,completed
1053,620,member,2026-02-01 00:00:00+00,2026-02-01,completed
1054,621,member,2026-02-01 00:00:00+00,2026-02-01,completed
1055,622,member,2026-02-01 00:00:00+00,2026-02-01,completed
1056,623,member,2026-02-01 00:00:00+00,2026-02-01,completed
1057,623,member,2026-02-01 00:00:00+00,2026-02-01,completed
1058,624,member,2026-02-01 00:00:00+00,2026-02-01,completed
1059,624,member,2026-02-01 00:00:00+00,2026-02-01,completed
1060,625,member,2026-02-01 00:00:00+00,2026-02-01,completed
1061,626,member,2026-02-01 00:00:00+00,2026-02-01,completed
1062,626,member,2026-02-01 00:00:00+00,2026-02-01,completed
1063,627,member,2026-02-01 00:00:00+00,2026-02-01,completed
1064,628,member,2026-02-01 00:00:00+00,2026-02-01,completed
1065,628,member,2026-02-01 00:00:00+00,2026-02-01,completed
1066,629,member,2026-02-01 00:00:00+00,2026-02-01,completed
1067,630,member,2026-02-01 00:00:00+00,2026-02-01,completed
1068,631,member,2026-02-01 00:00:00+00,2026-02-01,completed
1069,632,member,2026-02-01 00:00:00+00,2026-02-01,completed
1070,633,member,2026-02-01 00:00:00+00,2026-02-01,completed
1071,633,member,2026-02-01 00:00:00+00,2026-02-01,completed
1072,634,member,2026-02-01 00:00:00+00,2026-02-01,completed
1073,635,member,2026-02-01 00:00:00+00,2026-02-01,completed
1074,636,member,2026-02-01 00:00:00+00,2026-02-01,completed
1075,637,member,2026-02-01 00:00:00+00,2026-02-01,completed
1076,637,member,2026-02-01 00:00:00+00,2026-02-01,completed
1077,638,member,2026-02-01 00:00:00+00,2026-02-01,completed
1078,638,member,2026-02-01 00:00:00+00,2026-02-01,completed
1079,639,member,2026-02-01 00:00:00+00,2026-02-01,completed
1080,639,member,2026-02-01 00:00:00+00,2026-02-01,completed
1081,640,member,2026-02-01 00:00:00+00,2026-02-01,completed
1082,641,member,2026-02-01 00:00:00+00,2026-02-01,completed
1083,642,member,2026-02-01 00:00:00+00,2026-02-01,completed
1084,643,member,2026-02-01 00:00:00+00,2026-02-01,completed
1085,644,member,2026-02-01 00:00:00+00,2026-02-01,completed
1086,644,member,2026-02-01 00:00:00+00,2026-02-01,completed
1087,644,member,2026-02-01 00:00:00+00,2026-02-01,completed
1088,644,member,2026-02-01 00:00:00+00,2026-02-01,completed
1089,645,member,2026-02-01 00:00:00+00,2026-02-01,completed
1090,646,member,2026-02-01 00:00:00+00,2026-02-01,completed
1091,647,member,2026-02-01 00:00:00+00,2026-02-01,completed
1092,648,member,2026-02-01 00:00:00+00,2026-02-01,completed
1093,648,member,2026-02-01 00:00:00+00,2026-02-01,completed
1094,649,member,2026-02-01 00:00:00+00,2026-02-01,completed
1095,650,member,2026-02-01 00:00:00+00,2026-02-01,completed
1096,651,member,2026-02-01 00:00:00+00,2026-02-01,completed
1097,652,member,2026-02-01 00:00:00+00,2026-02-01,completed
1098,653,member,2026-02-01 00:00:00+00,2026-02-01,completed
1099,654,member,2026-02-01 00:00:00+00,2026-02-01,completed
1100,655,member,2026-02-01 00:00:00+00,2026-02-01,completed
1101,1,member,2026-03-01 00:00:00+00,2026-03-01,completed
1102,1,member,2026-03-01 00:00:00+00,2026-03-01,completed
1103,2,member,2026-03-01 00:00:00+00,2026-03-01,completed
1104,2,member,2026-03-01 00:00:00+00,2026-03-01,completed
1105,2,member,2026-03-01 00:00:00+00,2026-03-01,completed
1106,2,member,2026-03-01 00:00:00+00,2026-03-01,completed
1107,2,member,2026-03-01 00:00:00+00,2026-03-01,completed
1108,3,member,2026-03-01 00:00:00+00,2026-03-01,completed
1109,3,member,2026-03-01 00:00:00+00,2026-03-01,completed
1110,3,member,2026-03-01 00:00:00+00,2026-03-01,completed
1111,3,member,2026-03-01 00:00:00+00,2026-03-01,completed
1112,4,member,2026-03-01 00:00:00+00,2026-03-01,completed
1113,4,member,2026-03-01 00:00:00+00,2026-03-01,completed
1114,5,member,2026-03-01 00:00:00+00,2026-03-01,completed
1115,6,member,2026-03-01 00:00:00+00,2026-03-01,completed
1116,7,member,2026-03-01 00:00:00+00,2026-03-01,completed
1117,7,member,2026-03-01 00:00:00+00,2026-03-01,completed
1118,7,member,2026-03-01 00:00:00+00,2026-03-01,completed
1119,7,member,2026-03-01 00:00:00+00,2026-03-01,completed
1120,7,member,2026-03-01 00:00:00+00,2026-03-01,completed
1121,9,member,2026-03-01 00:00:00+00,2026-03-01,completed
1122,10,member,2026-03-01 00:00:00+00,2026-03-01,completed
1123,11,member,2026-03-01 00:00:00+00,2026-03-01,completed
1124,11,member,2026-03-01 00:00:00+00,2026-03-01,completed
1125,11,member,2026-03-01 00:00:00+00,2026-03-01,completed
1126,11,member,2026-03-01 00:00:00+00,2026-03-01,completed
1127,12,member,2026-03-01 00:00:00+00,2026-03-01,completed
1128,12,member,2026-03-01 00:00:00+00,2026-03-01,completed
1129,12,member,2026-03-01 00:00:00+00,2026-03-01,completed
1130,12,member,2026-03-01 00:00:00+00,2026-03-01,completed
1131,12,member,2026-03-01 00:00:00+00,2026-03-01,completed
1132,12,member,2026-03-01 00:00:00+00,2026-03-01,completed
1133,12,member,2026-03-01 00:00:00+00,2026-03-01,completed
1134,12,member,2026-03-01 00:00:00+00,2026-03-01,completed
1135,12,member,2026-03-01 00:00:00+00,2026-03-01,completed
1136,12,member,2026-03-01 00:00:00+00,2026-03-01,completed
1137,12,member,2026-03-01 00:00:00+00,2026-03-01,completed
1138,13,member,2026-03-01 00:00:00+00,2026-03-01,completed
1139,14,member,2026-03-01 00:00:00+00,2026-03-01,completed
1140,14,member,2026-03-01 00:00:00+00,2026-03-01,completed
1141,14,member,2026-03-01 00:00:00+00,2026-03-01,completed
1142,15,member,2026-03-01 00:00:00+00,2026-03-01,completed
1143,15,member,2026-03-01 00:00:00+00,2026-03-01,completed
1144,15,member,2026-03-01 00:00:00+00,2026-03-01,completed
1145,16,member,2026-03-01 00:00:00+00,2026-03-01,completed
1146,17,member,2026-03-01 00:00:00+00,2026-03-01,completed
1147,17,member,2026-03-01 00:00:00+00,2026-03-01,completed
1148,17,member,2026-03-01 00:00:00+00,2026-03-01,completed
1149,18,member,2026-03-01 00:00:00+00,2026-03-01,completed
1150,18,member,2026-03-01 00:00:00+00,2026-03-01,completed
1151,18,member,2026-03-01 00:00:00+00,2026-03-01,completed
1152,19,member,2026-03-01 00:00:00+00,2026-03-01,completed
1153,19,member,2026-03-01 00:00:00+00,2026-03-01,completed
1154,19,member,2026-03-01 00:00:00+00,2026-03-01,completed
1155,19,member,2026-03-01 00:00:00+00,2026-03-01,completed
1156,19,member,2026-03-01 00:00:00+00,2026-03-01,completed
1157,20,member,2026-03-01 00:00:00+00,2026-03-01,completed
1158,21,member,2026-03-01 00:00:00+00,2026-03-01,completed
1159,22,member,2026-03-01 00:00:00+00,2026-03-01,completed
1160,22,member,2026-03-01 00:00:00+00,2026-03-01,completed
1161,22,member,2026-03-01 00:00:00+00,2026-03-01,completed
1162,23,member,2026-03-01 00:00:00+00,2026-03-01,completed
1163,24,member,2026-03-01 00:00:00+00,2026-03-01,completed
1164,24,member,2026-03-01 00:00:00+00,2026-03-01,completed
1165,24,member,2026-03-01 00:00:00+00,2026-03-01,completed
1166,24,member,2026-03-01 00:00:00+00,2026-03-01,completed
1167,24,member,2026-03-01 00:00:00+00,2026-03-01,completed
1168,25,member,2026-03-01 00:00:00+00,2026-03-01,completed
1169,25,member,2026-03-01 00:00:00+00,2026-03-01,completed
1170,25,member,2026-03-01 00:00:00+00,2026-03-01,completed
1171,25,member,2026-03-01 00:00:00+00,2026-03-01,completed
1172,25,member,2026-03-01 00:00:00+00,2026-03-01,completed
1173,26,member,2026-03-01 00:00:00+00,2026-03-01,completed
1174,27,member,2026-03-01 00:00:00+00,2026-03-01,completed
1175,28,member,2026-03-01 00:00:00+00,2026-03-01,completed
1176,29,member,2026-03-01 00:00:00+00,2026-03-01,completed
1177,30,member,2026-03-01 00:00:00+00,2026-03-01,completed
1178,30,member,2026-03-01 00:00:00+00,2026-03-01,completed
1179,30,member,2026-03-01 00:00:00+00,2026-03-01,completed
1180,32,member,2026-03-01 00:00:00+00,2026-03-01,completed
1181,32,member,2026-03-01 00:00:00+00,2026-03-01,completed
1182,32,member,2026-03-01 00:00:00+00,2026-03-01,completed
1183,32,member,2026-03-01 00:00:00+00,2026-03-01,completed
1184,33,member,2026-03-01 00:00:00+00,2026-03-01,completed
1185,33,member,2026-03-01 00:00:00+00,2026-03-01,completed
1186,33,member,2026-03-01 00:00:00+00,2026-03-01,completed
1187,33,member,2026-03-01 00:00:00+00,2026-03-01,completed
1188,34,member,2026-03-01 00:00:00+00,2026-03-01,completed
1189,35,member,2026-03-01 00:00:00+00,2026-03-01,completed
1190,35,member,2026-03-01 00:00:00+00,2026-03-01,completed
1191,37,member,2026-03-01 00:00:00+00,2026-03-01,completed
1192,38,member,2026-03-01 00:00:00+00,2026-03-01,completed
1193,38,member,2026-03-01 00:00:00+00,2026-03-01,completed
1194,39,member,2026-03-01 00:00:00+00,2026-03-01,completed
1195,39,member,2026-03-01 00:00:00+00,2026-03-01,completed
1196,39,member,2026-03-01 00:00:00+00,2026-03-01,completed
1197,40,member,2026-03-01 00:00:00+00,2026-03-01,completed
1198,42,member,2026-03-01 00:00:00+00,2026-03-01,completed
1199,43,member,2026-03-01 00:00:00+00,2026-03-01,completed
1200,43,member,2026-03-01 00:00:00+00,2026-03-01,completed
1201,44,member,2026-03-01 00:00:00+00,2026-03-01,completed
1202,44,member,2026-03-01 00:00:00+00,2026-03-01,completed
1203,44,member,2026-03-01 00:00:00+00,2026-03-01,completed
1204,44,member,2026-03-01 00:00:00+00,2026-03-01,completed
1205,44,member,2026-03-01 00:00:00+00,2026-03-01,completed
1206,44,member,2026-03-01 00:00:00+00,2026-03-01,completed
1207,44,member,2026-03-01 00:00:00+00,2026-03-01,completed
1208,44,member,2026-03-01 00:00:00+00,2026-03-01,completed
1209,44,member,2026-03-01 00:00:00+00,2026-03-01,completed
1210,44,member,2026-03-01 00:00:00+00,2026-03-01,completed
1211,45,member,2026-03-01 00:00:00+00,2026-03-01,completed
1212,45,member,2026-03-01 00:00:00+00,2026-03-01,completed
1213,45,member,2026-03-01 00:00:00+00,2026-03-01,completed
1214,45,member,2026-03-01 00:00:00+00,2026-03-01,completed
1215,45,member,2026-03-01 00:00:00+00,2026-03-01,completed
1216,45,member,2026-03-01 00:00:00+00,2026-03-01,completed
1217,45,member,2026-03-01 00:00:00+00,2026-03-01,completed
1218,45,member,2026-03-01 00:00:00+00,2026-03-01,completed
1219,45,member,2026-03-01 00:00:00+00,2026-03-01,completed
1220,45,member,2026-03-01 00:00:00+00,2026-03-01,completed
1221,45,member,2026-03-01 00:00:00+00,2026-03-01,completed
1222,45,member,2026-03-01 00:00:00+00,2026-03-01,completed
1223,46,member,2026-03-01 00:00:00+00,2026-03-01,completed
1224,47,member,2026-03-01 00:00:00+00,2026-03-01,completed
1225,48,member,2026-03-01 00:00:00+00,2026-03-01,completed
1226,48,member,2026-03-01 00:00:00+00,2026-03-01,completed
1227,48,member,2026-03-01 00:00:00+00,2026-03-01,completed
1228,49,member,2026-03-01 00:00:00+00,2026-03-01,completed
1229,50,member,2026-03-01 00:00:00+00,2026-03-01,completed
1230,50,member,2026-03-01 00:00:00+00,2026-03-01,completed
1231,51,member,2026-03-01 00:00:00+00,2026-03-01,completed
1232,51,member,2026-03-01 00:00:00+00,2026-03-01,completed
1233,51,member,2026-03-01 00:00:00+00,2026-03-01,completed
1234,51,member,2026-03-01 00:00:00+00,2026-03-01,completed
1235,52,member,2026-03-01 00:00:00+00,2026-03-01,completed
1236,52,member,2026-03-01 00:00:00+00,2026-03-01,completed
1237,53,member,2026-03-01 00:00:00+00,2026-03-01,completed
1238,55,member,2026-03-01 00:00:00+00,2026-03-01,completed
1239,56,member,2026-03-01 00:00:00+00,2026-03-01,completed
1240,56,member,2026-03-01 00:00:00+00,2026-03-01,completed
1241,57,member,2026-03-01 00:00:00+00,2026-03-01,completed
1242,58,member,2026-03-01 00:00:00+00,2026-03-01,completed
1243,59,member,2026-03-01 00:00:00+00,2026-03-01,completed
1244,60,member,2026-03-01 00:00:00+00,2026-03-01,completed
1245,61,member,2026-03-01 00:00:00+00,2026-03-01,completed
1246,61,member,2026-03-01 00:00:00+00,2026-03-01,completed
1247,63,member,2026-03-01 00:00:00+00,2026-03-01,completed
1248,63,member,2026-03-01 00:00:00+00,2026-03-01,completed
1249,66,member,2026-03-01 00:00:00+00,2026-03-01,completed
1250,66,member,2026-03-01 00:00:00+00,2026-03-01,completed
1251,67,member,2026-03-01 00:00:00+00,2026-03-01,completed
1252,68,member,2026-03-01 00:00:00+00,2026-03-01,completed
1253,68,member,2026-03-01 00:00:00+00,2026-03-01,completed
1254,69,member,2026-03-01 00:00:00+00,2026-03-01,completed
1255,71,member,2026-03-01 00:00:00+00,2026-03-01,completed
1256,72,member,2026-03-01 00:00:00+00,2026-03-01,completed
1257,73,member,2026-03-01 00:00:00+00,2026-03-01,completed
1258,74,member,2026-03-01 00:00:00+00,2026-03-01,completed
1259,74,member,2026-03-01 00:00:00+00,2026-03-01,completed
1260,75,member,2026-03-01 00:00:00+00,2026-03-01,completed
1261,76,member,2026-03-01 00:00:00+00,2026-03-01,completed
1262,77,member,2026-03-01 00:00:00+00,2026-03-01,completed
1263,78,member,2026-03-01 00:00:00+00,2026-03-01,completed
1264,79,member,2026-03-01 00:00:00+00,2026-03-01,completed
1265,79,member,2026-03-01 00:00:00+00,2026-03-01,completed
1266,80,member,2026-03-01 00:00:00+00,2026-03-01,completed
1267,80,member,2026-03-01 00:00:00+00,2026-03-01,completed
1268,80,member,2026-03-01 00:00:00+00,2026-03-01,completed
1269,80,member,2026-03-01 00:00:00+00,2026-03-01,completed
1270,80,member,2026-03-01 00:00:00+00,2026-03-01,completed
1271,81,member,2026-03-01 00:00:00+00,2026-03-01,completed
1272,81,member,2026-03-01 00:00:00+00,2026-03-01,completed
1273,81,member,2026-03-01 00:00:00+00,2026-03-01,completed
1274,82,member,2026-03-01 00:00:00+00,2026-03-01,completed
1275,85,member,2026-03-01 00:00:00+00,2026-03-01,completed
1276,86,member,2026-03-01 00:00:00+00,2026-03-01,completed
1277,87,member,2026-03-01 00:00:00+00,2026-03-01,completed
1278,88,member,2026-03-01 00:00:00+00,2026-03-01,completed
1279,88,member,2026-03-01 00:00:00+00,2026-03-01,completed
1280,89,member,2026-03-01 00:00:00+00,2026-03-01,completed
1281,89,member,2026-03-01 00:00:00+00,2026-03-01,completed
1282,89,member,2026-03-01 00:00:00+00,2026-03-01,completed
1283,91,member,2026-03-01 00:00:00+00,2026-03-01,completed
1284,91,member,2026-03-01 00:00:00+00,2026-03-01,completed
1285,92,member,2026-03-01 00:00:00+00,2026-03-01,completed
1286,93,member,2026-03-01 00:00:00+00,2026-03-01,completed
1287,93,member,2026-03-01 00:00:00+00,2026-03-01,completed
1288,95,member,2026-03-01 00:00:00+00,2026-03-01,completed
1289,96,member,2026-03-01 00:00:00+00,2026-03-01,completed
1290,97,member,2026-03-01 00:00:00+00,2026-03-01,completed
1291,97,member,2026-03-01 00:00:00+00,2026-03-01,completed
1292,97,member,2026-03-01 00:00:00+00,2026-03-01,completed
1293,98,member,2026-03-01 00:00:00+00,2026-03-01,completed
1294,99,member,2026-03-01 00:00:00+00,2026-03-01,completed
1295,100,member,2026-03-01 00:00:00+00,2026-03-01,completed
1296,100,member,2026-03-01 00:00:00+00,2026-03-01,completed
1297,101,member,2026-03-01 00:00:00+00,2026-03-01,completed
1298,102,member,2026-03-01 00:00:00+00,2026-03-01,completed
1299,104,member,2026-03-01 00:00:00+00,2026-03-01,completed
1300,104,member,2026-03-01 00:00:00+00,2026-03-01,completed
1301,106,member,2026-03-01 00:00:00+00,2026-03-01,completed
1302,106,member,2026-03-01 00:00:00+00,2026-03-01,completed
1303,106,member,2026-03-01 00:00:00+00,2026-03-01,completed
1304,107,member,2026-03-01 00:00:00+00,2026-03-01,completed
1305,108,member,2026-03-01 00:00:00+00,2026-03-01,completed
1306,109,member,2026-03-01 00:00:00+00,2026-03-01,completed
1307,109,member,2026-03-01 00:00:00+00,2026-03-01,completed
1308,109,member,2026-03-01 00:00:00+00,2026-03-01,completed
1309,110,member,2026-03-01 00:00:00+00,2026-03-01,completed
1310,111,member,2026-03-01 00:00:00+00,2026-03-01,completed
1311,111,member,2026-03-01 00:00:00+00,2026-03-01,completed
1312,113,member,2026-03-01 00:00:00+00,2026-03-01,completed
1313,113,member,2026-03-01 00:00:00+00,2026-03-01,completed
1314,114,member,2026-03-01 00:00:00+00,2026-03-01,completed
1315,116,member,2026-03-01 00:00:00+00,2026-03-01,completed
1316,117,member,2026-03-01 00:00:00+00,2026-03-01,completed
1317,117,member,2026-03-01 00:00:00+00,2026-03-01,completed
1318,117,member,2026-03-01 00:00:00+00,2026-03-01,completed
1319,117,member,2026-03-01 00:00:00+00,2026-03-01,completed
1320,118,member,2026-03-01 00:00:00+00,2026-03-01,completed
1321,119,member,2026-03-01 00:00:00+00,2026-03-01,completed
1322,119,member,2026-03-01 00:00:00+00,2026-03-01,completed
1323,119,member,2026-03-01 00:00:00+00,2026-03-01,completed
1324,119,member,2026-03-01 00:00:00+00,2026-03-01,completed
1325,120,member,2026-03-01 00:00:00+00,2026-03-01,completed
1326,120,member,2026-03-01 00:00:00+00,2026-03-01,completed
1327,120,member,2026-03-01 00:00:00+00,2026-03-01,completed
1328,121,member,2026-03-01 00:00:00+00,2026-03-01,completed
1329,122,member,2026-03-01 00:00:00+00,2026-03-01,completed
1330,123,member,2026-03-01 00:00:00+00,2026-03-01,completed
1331,123,member,2026-03-01 00:00:00+00,2026-03-01,completed
1332,123,member,2026-03-01 00:00:00+00,2026-03-01,completed
1333,124,member,2026-03-01 00:00:00+00,2026-03-01,completed
1334,125,member,2026-03-01 00:00:00+00,2026-03-01,completed
1335,125,member,2026-03-01 00:00:00+00,2026-03-01,completed
1336,126,member,2026-03-01 00:00:00+00,2026-03-01,completed
1337,127,member,2026-03-01 00:00:00+00,2026-03-01,completed
1338,129,member,2026-03-01 00:00:00+00,2026-03-01,completed
1339,129,member,2026-03-01 00:00:00+00,2026-03-01,completed
1340,132,member,2026-03-01 00:00:00+00,2026-03-01,completed
1341,132,member,2026-03-01 00:00:00+00,2026-03-01,completed
1342,133,member,2026-03-01 00:00:00+00,2026-03-01,completed
1343,134,member,2026-03-01 00:00:00+00,2026-03-01,completed
1344,135,member,2026-03-01 00:00:00+00,2026-03-01,completed
1345,136,member,2026-03-01 00:00:00+00,2026-03-01,completed
1346,136,member,2026-03-01 00:00:00+00,2026-03-01,completed
1347,137,member,2026-03-01 00:00:00+00,2026-03-01,completed
1348,138,member,2026-03-01 00:00:00+00,2026-03-01,completed
1349,138,member,2026-03-01 00:00:00+00,2026-03-01,completed
1350,139,member,2026-03-01 00:00:00+00,2026-03-01,completed
1351,140,member,2026-03-01 00:00:00+00,2026-03-01,completed
1352,142,member,2026-03-01 00:00:00+00,2026-03-01,completed
1353,143,member,2026-03-01 00:00:00+00,2026-03-01,completed
1354,144,member,2026-03-01 00:00:00+00,2026-03-01,completed
1355,144,member,2026-03-01 00:00:00+00,2026-03-01,completed
1356,145,member,2026-03-01 00:00:00+00,2026-03-01,completed
1357,146,member,2026-03-01 00:00:00+00,2026-03-01,completed
1358,146,member,2026-03-01 00:00:00+00,2026-03-01,completed
1359,146,member,2026-03-01 00:00:00+00,2026-03-01,completed
1360,146,member,2026-03-01 00:00:00+00,2026-03-01,completed
1361,146,member,2026-03-01 00:00:00+00,2026-03-01,completed
1362,147,member,2026-03-01 00:00:00+00,2026-03-01,completed
1363,147,member,2026-03-01 00:00:00+00,2026-03-01,completed
1364,148,member,2026-03-01 00:00:00+00,2026-03-01,completed
1365,148,member,2026-03-01 00:00:00+00,2026-03-01,completed
1366,148,member,2026-03-01 00:00:00+00,2026-03-01,completed
1367,148,member,2026-03-01 00:00:00+00,2026-03-01,completed
1368,148,member,2026-03-01 00:00:00+00,2026-03-01,completed
1369,149,member,2026-03-01 00:00:00+00,2026-03-01,completed
1370,149,member,2026-03-01 00:00:00+00,2026-03-01,completed
1371,150,member,2026-03-01 00:00:00+00,2026-03-01,completed
1372,150,member,2026-03-01 00:00:00+00,2026-03-01,completed
1373,150,member,2026-03-01 00:00:00+00,2026-03-01,completed
1374,150,member,2026-03-01 00:00:00+00,2026-03-01,completed
1375,151,member,2026-03-01 00:00:00+00,2026-03-01,completed
1376,151,member,2026-03-01 00:00:00+00,2026-03-01,completed
1377,151,member,2026-03-01 00:00:00+00,2026-03-01,completed
1378,151,member,2026-03-01 00:00:00+00,2026-03-01,completed
1379,153,member,2026-03-01 00:00:00+00,2026-03-01,completed
1380,154,member,2026-03-01 00:00:00+00,2026-03-01,completed
1381,154,member,2026-03-01 00:00:00+00,2026-03-01,completed
1382,154,member,2026-03-01 00:00:00+00,2026-03-01,completed
1383,156,member,2026-03-01 00:00:00+00,2026-03-01,completed
1384,156,member,2026-03-01 00:00:00+00,2026-03-01,completed
1385,156,member,2026-03-01 00:00:00+00,2026-03-01,completed
1386,157,member,2026-03-01 00:00:00+00,2026-03-01,completed
1387,158,member,2026-03-01 00:00:00+00,2026-03-01,completed
1388,158,member,2026-03-01 00:00:00+00,2026-03-01,completed
1389,159,member,2026-03-01 00:00:00+00,2026-03-01,completed
1390,160,member,2026-03-01 00:00:00+00,2026-03-01,completed
1391,161,member,2026-03-01 00:00:00+00,2026-03-01,completed
1392,161,member,2026-03-01 00:00:00+00,2026-03-01,completed
1393,162,member,2026-03-01 00:00:00+00,2026-03-01,completed
1394,162,member,2026-03-01 00:00:00+00,2026-03-01,completed
1395,163,member,2026-03-01 00:00:00+00,2026-03-01,completed
1396,164,member,2026-03-01 00:00:00+00,2026-03-01,completed
1397,165,member,2026-03-01 00:00:00+00,2026-03-01,completed
1398,166,member,2026-03-01 00:00:00+00,2026-03-01,completed
1399,167,member,2026-03-01 00:00:00+00,2026-03-01,completed
1400,168,member,2026-03-01 00:00:00+00,2026-03-01,completed
1401,170,member,2026-03-01 00:00:00+00,2026-03-01,completed
1402,171,member,2026-03-01 00:00:00+00,2026-03-01,completed
1403,171,member,2026-03-01 00:00:00+00,2026-03-01,completed
1404,172,member,2026-03-01 00:00:00+00,2026-03-01,completed
1405,172,member,2026-03-01 00:00:00+00,2026-03-01,completed
1406,172,member,2026-03-01 00:00:00+00,2026-03-01,completed
1407,172,member,2026-03-01 00:00:00+00,2026-03-01,completed
1408,172,member,2026-03-01 00:00:00+00,2026-03-01,completed
1409,173,member,2026-03-01 00:00:00+00,2026-03-01,completed
1410,173,member,2026-03-01 00:00:00+00,2026-03-01,completed
1411,174,member,2026-03-01 00:00:00+00,2026-03-01,completed
1412,174,member,2026-03-01 00:00:00+00,2026-03-01,completed
1413,174,member,2026-03-01 00:00:00+00,2026-03-01,completed
1414,174,member,2026-03-01 00:00:00+00,2026-03-01,completed
1415,175,member,2026-03-01 00:00:00+00,2026-03-01,completed
1416,176,member,2026-03-01 00:00:00+00,2026-03-01,completed
1417,176,member,2026-03-01 00:00:00+00,2026-03-01,completed
1418,176,member,2026-03-01 00:00:00+00,2026-03-01,completed
1419,179,member,2026-03-01 00:00:00+00,2026-03-01,completed
1420,179,member,2026-03-01 00:00:00+00,2026-03-01,completed
1421,179,member,2026-03-01 00:00:00+00,2026-03-01,completed
1422,180,member,2026-03-01 00:00:00+00,2026-03-01,completed
1423,180,member,2026-03-01 00:00:00+00,2026-03-01,completed
1424,180,member,2026-03-01 00:00:00+00,2026-03-01,completed
1425,180,member,2026-03-01 00:00:00+00,2026-03-01,completed
1426,180,member,2026-03-01 00:00:00+00,2026-03-01,completed
1427,180,member,2026-03-01 00:00:00+00,2026-03-01,completed
1428,180,member,2026-03-01 00:00:00+00,2026-03-01,completed
1429,181,member,2026-03-01 00:00:00+00,2026-03-01,completed
1430,182,member,2026-03-01 00:00:00+00,2026-03-01,completed
1431,182,member,2026-03-01 00:00:00+00,2026-03-01,completed
1432,182,member,2026-03-01 00:00:00+00,2026-03-01,completed
1433,182,member,2026-03-01 00:00:00+00,2026-03-01,completed
1434,182,member,2026-03-01 00:00:00+00,2026-03-01,completed
1435,183,member,2026-03-01 00:00:00+00,2026-03-01,completed
1436,183,member,2026-03-01 00:00:00+00,2026-03-01,completed
1437,183,member,2026-03-01 00:00:00+00,2026-03-01,completed
1438,184,member,2026-03-01 00:00:00+00,2026-03-01,completed
1439,185,member,2026-03-01 00:00:00+00,2026-03-01,completed
1440,185,member,2026-03-01 00:00:00+00,2026-03-01,completed
1441,186,member,2026-03-01 00:00:00+00,2026-03-01,completed
1442,187,member,2026-03-01 00:00:00+00,2026-03-01,completed
1443,187,member,2026-03-01 00:00:00+00,2026-03-01,completed
1444,188,member,2026-03-01 00:00:00+00,2026-03-01,completed
1445,188,member,2026-03-01 00:00:00+00,2026-03-01,completed
1446,189,member,2026-03-01 00:00:00+00,2026-03-01,completed
1447,189,member,2026-03-01 00:00:00+00,2026-03-01,completed
1448,189,member,2026-03-01 00:00:00+00,2026-03-01,completed
1449,189,member,2026-03-01 00:00:00+00,2026-03-01,completed
1450,189,member,2026-03-01 00:00:00+00,2026-03-01,completed
1451,189,member,2026-03-01 00:00:00+00,2026-03-01,completed
1452,189,member,2026-03-01 00:00:00+00,2026-03-01,completed
1453,189,member,2026-03-01 00:00:00+00,2026-03-01,completed
1454,189,member,2026-03-01 00:00:00+00,2026-03-01,completed
1455,189,member,2026-03-01 00:00:00+00,2026-03-01,completed
1456,189,member,2026-03-01 00:00:00+00,2026-03-01,completed
1457,189,member,2026-03-01 00:00:00+00,2026-03-01,completed
1458,190,member,2026-03-01 00:00:00+00,2026-03-01,completed
1459,192,member,2026-03-01 00:00:00+00,2026-03-01,completed
1460,193,member,2026-03-01 00:00:00+00,2026-03-01,completed
1461,194,member,2026-03-01 00:00:00+00,2026-03-01,completed
1462,195,member,2026-03-01 00:00:00+00,2026-03-01,completed
1463,195,member,2026-03-01 00:00:00+00,2026-03-01,completed
1464,195,member,2026-03-01 00:00:00+00,2026-03-01,completed
1465,196,member,2026-03-01 00:00:00+00,2026-03-01,completed
1466,197,member,2026-03-01 00:00:00+00,2026-03-01,completed
1467,197,member,2026-03-01 00:00:00+00,2026-03-01,completed
1468,198,member,2026-03-01 00:00:00+00,2026-03-01,completed
1469,198,member,2026-03-01 00:00:00+00,2026-03-01,completed
1470,198,member,2026-03-01 00:00:00+00,2026-03-01,completed
1471,198,member,2026-03-01 00:00:00+00,2026-03-01,completed
1472,198,member,2026-03-01 00:00:00+00,2026-03-01,completed
1473,199,member,2026-03-01 00:00:00+00,2026-03-01,completed
1474,200,member,2026-03-01 00:00:00+00,2026-03-01,completed
1475,201,member,2026-03-01 00:00:00+00,2026-03-01,completed
1476,202,member,2026-03-01 00:00:00+00,2026-03-01,completed
1477,202,member,2026-03-01 00:00:00+00,2026-03-01,completed
1478,202,member,2026-03-01 00:00:00+00,2026-03-01,completed
1479,202,member,2026-03-01 00:00:00+00,2026-03-01,completed
1480,202,member,2026-03-01 00:00:00+00,2026-03-01,completed
1481,202,member,2026-03-01 00:00:00+00,2026-03-01,completed
1482,202,member,2026-03-01 00:00:00+00,2026-03-01,completed
1483,202,member,2026-03-01 00:00:00+00,2026-03-01,completed
1484,202,member,2026-03-01 00:00:00+00,2026-03-01,completed
1485,204,member,2026-03-01 00:00:00+00,2026-03-01,completed
1486,206,member,2026-03-01 00:00:00+00,2026-03-01,completed
1487,207,member,2026-03-01 00:00:00+00,2026-03-01,completed
1488,208,member,2026-03-01 00:00:00+00,2026-03-01,completed
1489,209,member,2026-03-01 00:00:00+00,2026-03-01,completed
1490,210,member,2026-03-01 00:00:00+00,2026-03-01,completed
1491,210,member,2026-03-01 00:00:00+00,2026-03-01,completed
1492,211,member,2026-03-01 00:00:00+00,2026-03-01,completed
1493,212,member,2026-03-01 00:00:00+00,2026-03-01,completed
1494,212,member,2026-03-01 00:00:00+00,2026-03-01,completed
1495,212,member,2026-03-01 00:00:00+00,2026-03-01,completed
1496,212,member,2026-03-01 00:00:00+00,2026-03-01,completed
1497,213,member,2026-03-01 00:00:00+00,2026-03-01,completed
1498,215,member,2026-03-01 00:00:00+00,2026-03-01,completed
1499,216,member,2026-03-01 00:00:00+00,2026-03-01,completed
1500,217,member,2026-03-01 00:00:00+00,2026-03-01,completed
1501,217,member,2026-03-01 00:00:00+00,2026-03-01,completed
1502,217,member,2026-03-01 00:00:00+00,2026-03-01,completed
1503,217,member,2026-03-01 00:00:00+00,2026-03-01,completed
1504,217,member,2026-03-01 00:00:00+00,2026-03-01,completed
1505,217,member,2026-03-01 00:00:00+00,2026-03-01,completed
1506,217,member,2026-03-01 00:00:00+00,2026-03-01,completed
1507,217,member,2026-03-01 00:00:00+00,2026-03-01,completed
1508,217,member,2026-03-01 00:00:00+00,2026-03-01,completed
1509,217,member,2026-03-01 00:00:00+00,2026-03-01,completed
1510,218,member,2026-03-01 00:00:00+00,2026-03-01,completed
1511,218,member,2026-03-01 00:00:00+00,2026-03-01,completed
1512,219,member,2026-03-01 00:00:00+00,2026-03-01,completed
1513,219,member,2026-03-01 00:00:00+00,2026-03-01,completed
1514,220,member,2026-03-01 00:00:00+00,2026-03-01,completed
1515,220,member,2026-03-01 00:00:00+00,2026-03-01,completed
1516,221,member,2026-03-01 00:00:00+00,2026-03-01,completed
1517,221,member,2026-03-01 00:00:00+00,2026-03-01,completed
1518,221,member,2026-03-01 00:00:00+00,2026-03-01,completed
1519,222,member,2026-03-01 00:00:00+00,2026-03-01,completed
1520,223,member,2026-03-01 00:00:00+00,2026-03-01,completed
1521,223,member,2026-03-01 00:00:00+00,2026-03-01,completed
1522,223,member,2026-03-01 00:00:00+00,2026-03-01,completed
1523,223,member,2026-03-01 00:00:00+00,2026-03-01,completed
1524,224,member,2026-03-01 00:00:00+00,2026-03-01,completed
1525,224,member,2026-03-01 00:00:00+00,2026-03-01,completed
1526,225,member,2026-03-01 00:00:00+00,2026-03-01,completed
1527,225,member,2026-03-01 00:00:00+00,2026-03-01,completed
1528,226,member,2026-03-01 00:00:00+00,2026-03-01,completed
1529,226,member,2026-03-01 00:00:00+00,2026-03-01,completed
1530,226,member,2026-03-01 00:00:00+00,2026-03-01,completed
1531,227,member,2026-03-01 00:00:00+00,2026-03-01,completed
1532,227,member,2026-03-01 00:00:00+00,2026-03-01,completed
1533,228,member,2026-03-01 00:00:00+00,2026-03-01,completed
1534,228,member,2026-03-01 00:00:00+00,2026-03-01,completed
1535,229,member,2026-03-01 00:00:00+00,2026-03-01,completed
1536,230,member,2026-03-01 00:00:00+00,2026-03-01,completed
1537,231,member,2026-03-01 00:00:00+00,2026-03-01,completed
1538,231,member,2026-03-01 00:00:00+00,2026-03-01,completed
1539,232,member,2026-03-01 00:00:00+00,2026-03-01,completed
1540,232,member,2026-03-01 00:00:00+00,2026-03-01,completed
1541,232,member,2026-03-01 00:00:00+00,2026-03-01,completed
1542,232,member,2026-03-01 00:00:00+00,2026-03-01,completed
1543,233,member,2026-03-01 00:00:00+00,2026-03-01,completed
1544,234,member,2026-03-01 00:00:00+00,2026-03-01,completed
1545,235,member,2026-03-01 00:00:00+00,2026-03-01,completed
1546,236,member,2026-03-01 00:00:00+00,2026-03-01,completed
1547,236,member,2026-03-01 00:00:00+00,2026-03-01,completed
1548,236,member,2026-03-01 00:00:00+00,2026-03-01,completed
1549,238,member,2026-03-01 00:00:00+00,2026-03-01,completed
1550,238,member,2026-03-01 00:00:00+00,2026-03-01,completed
1551,238,member,2026-03-01 00:00:00+00,2026-03-01,completed
1552,240,member,2026-03-01 00:00:00+00,2026-03-01,completed
1553,241,member,2026-03-01 00:00:00+00,2026-03-01,completed
1554,241,member,2026-03-01 00:00:00+00,2026-03-01,completed
1555,242,member,2026-03-01 00:00:00+00,2026-03-01,completed
1556,242,member,2026-03-01 00:00:00+00,2026-03-01,completed
1557,243,member,2026-03-01 00:00:00+00,2026-03-01,completed
1558,244,member,2026-03-01 00:00:00+00,2026-03-01,completed
1559,245,member,2026-03-01 00:00:00+00,2026-03-01,completed
1560,245,member,2026-03-01 00:00:00+00,2026-03-01,completed
1561,246,member,2026-03-01 00:00:00+00,2026-03-01,completed
1562,246,member,2026-03-01 00:00:00+00,2026-03-01,completed
1563,248,member,2026-03-01 00:00:00+00,2026-03-01,completed
1564,249,member,2026-03-01 00:00:00+00,2026-03-01,completed
1565,250,member,2026-03-01 00:00:00+00,2026-03-01,completed
1566,251,member,2026-03-01 00:00:00+00,2026-03-01,completed
1567,251,member,2026-03-01 00:00:00+00,2026-03-01,completed
1568,252,member,2026-03-01 00:00:00+00,2026-03-01,completed
1569,253,member,2026-03-01 00:00:00+00,2026-03-01,completed
1570,253,member,2026-03-01 00:00:00+00,2026-03-01,completed
1571,254,member,2026-03-01 00:00:00+00,2026-03-01,completed
1572,255,member,2026-03-01 00:00:00+00,2026-03-01,completed
1573,256,member,2026-03-01 00:00:00+00,2026-03-01,completed
1574,257,member,2026-03-01 00:00:00+00,2026-03-01,completed
1575,257,member,2026-03-01 00:00:00+00,2026-03-01,completed
1576,258,member,2026-03-01 00:00:00+00,2026-03-01,completed
1577,258,member,2026-03-01 00:00:00+00,2026-03-01,completed
1578,259,member,2026-03-01 00:00:00+00,2026-03-01,completed
1579,259,member,2026-03-01 00:00:00+00,2026-03-01,completed
1580,260,member,2026-03-01 00:00:00+00,2026-03-01,completed
1581,261,member,2026-03-01 00:00:00+00,2026-03-01,completed
1582,262,member,2026-03-01 00:00:00+00,2026-03-01,completed
1583,262,member,2026-03-01 00:00:00+00,2026-03-01,completed
1584,263,member,2026-03-01 00:00:00+00,2026-03-01,completed
1585,264,member,2026-03-01 00:00:00+00,2026-03-01,completed
1586,266,member,2026-03-01 00:00:00+00,2026-03-01,completed
1587,267,member,2026-03-01 00:00:00+00,2026-03-01,completed
1588,267,member,2026-03-01 00:00:00+00,2026-03-01,completed
1589,268,member,2026-03-01 00:00:00+00,2026-03-01,completed
1590,269,member,2026-03-01 00:00:00+00,2026-03-01,completed
1591,270,member,2026-03-01 00:00:00+00,2026-03-01,completed
1592,271,member,2026-03-01 00:00:00+00,2026-03-01,completed
1593,271,member,2026-03-01 00:00:00+00,2026-03-01,completed
1594,271,member,2026-03-01 00:00:00+00,2026-03-01,completed
1595,271,member,2026-03-01 00:00:00+00,2026-03-01,completed
1596,272,member,2026-03-01 00:00:00+00,2026-03-01,completed
1597,273,member,2026-03-01 00:00:00+00,2026-03-01,completed
1598,273,member,2026-03-01 00:00:00+00,2026-03-01,completed
1599,273,member,2026-03-01 00:00:00+00,2026-03-01,completed
1600,275,member,2026-03-01 00:00:00+00,2026-03-01,completed
1601,277,member,2026-03-01 00:00:00+00,2026-03-01,completed
1602,278,member,2026-03-01 00:00:00+00,2026-03-01,completed
1603,278,member,2026-03-01 00:00:00+00,2026-03-01,completed
1604,280,member,2026-03-01 00:00:00+00,2026-03-01,completed
1605,281,member,2026-03-01 00:00:00+00,2026-03-01,completed
1606,282,member,2026-03-01 00:00:00+00,2026-03-01,completed
1607,282,member,2026-03-01 00:00:00+00,2026-03-01,completed
1608,282,member,2026-03-01 00:00:00+00,2026-03-01,completed
1609,283,member,2026-03-01 00:00:00+00,2026-03-01,completed
1610,283,member,2026-03-01 00:00:00+00,2026-03-01,completed
1611,284,member,2026-03-01 00:00:00+00,2026-03-01,completed
1612,284,member,2026-03-01 00:00:00+00,2026-03-01,completed
1613,285,member,2026-03-01 00:00:00+00,2026-03-01,completed
1614,286,member,2026-03-01 00:00:00+00,2026-03-01,completed
1615,286,member,2026-03-01 00:00:00+00,2026-03-01,completed
1616,287,member,2026-03-01 00:00:00+00,2026-03-01,completed
1617,288,member,2026-03-01 00:00:00+00,2026-03-01,completed
1618,289,member,2026-03-01 00:00:00+00,2026-03-01,completed
1619,291,member,2026-03-01 00:00:00+00,2026-03-01,completed
1620,292,member,2026-03-01 00:00:00+00,2026-03-01,completed
1621,292,member,2026-03-01 00:00:00+00,2026-03-01,completed
1622,292,member,2026-03-01 00:00:00+00,2026-03-01,completed
1623,294,member,2026-03-01 00:00:00+00,2026-03-01,completed
1624,295,member,2026-03-01 00:00:00+00,2026-03-01,completed
1625,295,member,2026-03-01 00:00:00+00,2026-03-01,completed
1626,296,member,2026-03-01 00:00:00+00,2026-03-01,completed
1627,297,member,2026-03-01 00:00:00+00,2026-03-01,completed
1628,298,member,2026-03-01 00:00:00+00,2026-03-01,completed
1629,298,member,2026-03-01 00:00:00+00,2026-03-01,completed
1630,298,member,2026-03-01 00:00:00+00,2026-03-01,completed
1631,299,member,2026-03-01 00:00:00+00,2026-03-01,completed
1632,300,member,2026-03-01 00:00:00+00,2026-03-01,completed
1633,300,member,2026-03-01 00:00:00+00,2026-03-01,completed
1634,301,member,2026-03-01 00:00:00+00,2026-03-01,completed
1635,302,member,2026-03-01 00:00:00+00,2026-03-01,completed
1636,303,member,2026-03-01 00:00:00+00,2026-03-01,completed
1637,304,member,2026-03-01 00:00:00+00,2026-03-01,completed
1638,304,member,2026-03-01 00:00:00+00,2026-03-01,completed
1639,304,member,2026-03-01 00:00:00+00,2026-03-01,completed
1640,305,member,2026-03-01 00:00:00+00,2026-03-01,completed
1641,306,member,2026-03-01 00:00:00+00,2026-03-01,completed
1642,307,member,2026-03-01 00:00:00+00,2026-03-01,completed
1643,307,member,2026-03-01 00:00:00+00,2026-03-01,completed
1644,307,member,2026-03-01 00:00:00+00,2026-03-01,completed
1645,307,member,2026-03-01 00:00:00+00,2026-03-01,completed
1646,307,member,2026-03-01 00:00:00+00,2026-03-01,completed
1647,308,member,2026-03-01 00:00:00+00,2026-03-01,completed
1648,308,member,2026-03-01 00:00:00+00,2026-03-01,completed
1649,309,member,2026-03-01 00:00:00+00,2026-03-01,completed
1650,310,member,2026-03-01 00:00:00+00,2026-03-01,completed
1651,310,member,2026-03-01 00:00:00+00,2026-03-01,completed
1652,310,member,2026-03-01 00:00:00+00,2026-03-01,completed
1653,311,member,2026-03-01 00:00:00+00,2026-03-01,completed
1654,313,member,2026-03-01 00:00:00+00,2026-03-01,completed
1655,314,member,2026-03-01 00:00:00+00,2026-03-01,completed
1656,314,member,2026-03-01 00:00:00+00,2026-03-01,completed
1657,316,member,2026-03-01 00:00:00+00,2026-03-01,completed
1658,317,member,2026-03-01 00:00:00+00,2026-03-01,completed
1659,317,member,2026-03-01 00:00:00+00,2026-03-01,completed
1660,318,member,2026-03-01 00:00:00+00,2026-03-01,completed
1661,319,member,2026-03-01 00:00:00+00,2026-03-01,completed
1662,319,member,2026-03-01 00:00:00+00,2026-03-01,completed
1663,319,member,2026-03-01 00:00:00+00,2026-03-01,completed
1664,319,member,2026-03-01 00:00:00+00,2026-03-01,completed
1665,319,member,2026-03-01 00:00:00+00,2026-03-01,completed
1666,319,member,2026-03-01 00:00:00+00,2026-03-01,completed
1667,319,member,2026-03-01 00:00:00+00,2026-03-01,completed
1668,319,member,2026-03-01 00:00:00+00,2026-03-01,completed
1669,319,member,2026-03-01 00:00:00+00,2026-03-01,completed
1670,321,member,2026-03-01 00:00:00+00,2026-03-01,completed
1671,322,member,2026-03-01 00:00:00+00,2026-03-01,completed
1672,322,member,2026-03-01 00:00:00+00,2026-03-01,completed
1673,322,member,2026-03-01 00:00:00+00,2026-03-01,completed
1674,322,member,2026-03-01 00:00:00+00,2026-03-01,completed
1675,323,member,2026-03-01 00:00:00+00,2026-03-01,completed
1676,323,member,2026-03-01 00:00:00+00,2026-03-01,completed
1677,323,member,2026-03-01 00:00:00+00,2026-03-01,completed
1678,324,member,2026-03-01 00:00:00+00,2026-03-01,completed
1679,325,member,2026-03-01 00:00:00+00,2026-03-01,completed
1680,326,member,2026-03-01 00:00:00+00,2026-03-01,completed
1681,326,member,2026-03-01 00:00:00+00,2026-03-01,completed
1682,327,member,2026-03-01 00:00:00+00,2026-03-01,completed
1683,328,member,2026-03-01 00:00:00+00,2026-03-01,completed
1684,328,member,2026-03-01 00:00:00+00,2026-03-01,completed
1685,330,member,2026-03-01 00:00:00+00,2026-03-01,completed
1686,332,member,2026-03-01 00:00:00+00,2026-03-01,completed
1687,333,member,2026-03-01 00:00:00+00,2026-03-01,completed
1688,333,member,2026-03-01 00:00:00+00,2026-03-01,completed
1689,334,member,2026-03-01 00:00:00+00,2026-03-01,completed
1690,334,member,2026-03-01 00:00:00+00,2026-03-01,completed
1691,335,member,2026-03-01 00:00:00+00,2026-03-01,completed
1692,335,member,2026-03-01 00:00:00+00,2026-03-01,completed
1693,335,member,2026-03-01 00:00:00+00,2026-03-01,completed
1694,335,member,2026-03-01 00:00:00+00,2026-03-01,completed
1695,335,member,2026-03-01 00:00:00+00,2026-03-01,completed
1696,336,member,2026-03-01 00:00:00+00,2026-03-01,completed
1697,336,member,2026-03-01 00:00:00+00,2026-03-01,completed
1698,337,member,2026-03-01 00:00:00+00,2026-03-01,completed
1699,338,member,2026-03-01 00:00:00+00,2026-03-01,completed
1700,338,member,2026-03-01 00:00:00+00,2026-03-01,completed
1701,338,member,2026-03-01 00:00:00+00,2026-03-01,completed
1702,339,member,2026-03-01 00:00:00+00,2026-03-01,completed
1703,339,member,2026-03-01 00:00:00+00,2026-03-01,completed
1704,340,member,2026-03-01 00:00:00+00,2026-03-01,completed
1705,341,member,2026-03-01 00:00:00+00,2026-03-01,completed
1706,342,member,2026-03-01 00:00:00+00,2026-03-01,completed
1707,343,member,2026-03-01 00:00:00+00,2026-03-01,completed
1708,344,member,2026-03-01 00:00:00+00,2026-03-01,completed
1709,346,member,2026-03-01 00:00:00+00,2026-03-01,completed
1710,347,member,2026-03-01 00:00:00+00,2026-03-01,completed
1711,347,member,2026-03-01 00:00:00+00,2026-03-01,completed
1712,347,member,2026-03-01 00:00:00+00,2026-03-01,completed
1713,347,member,2026-03-01 00:00:00+00,2026-03-01,completed
1714,347,member,2026-03-01 00:00:00+00,2026-03-01,completed
1715,349,member,2026-03-01 00:00:00+00,2026-03-01,completed
1716,350,member,2026-03-01 00:00:00+00,2026-03-01,completed
1717,351,member,2026-03-01 00:00:00+00,2026-03-01,completed
1718,351,member,2026-03-01 00:00:00+00,2026-03-01,completed
1719,351,member,2026-03-01 00:00:00+00,2026-03-01,completed
1720,352,member,2026-03-01 00:00:00+00,2026-03-01,completed
1721,352,member,2026-03-01 00:00:00+00,2026-03-01,completed
1722,352,member,2026-03-01 00:00:00+00,2026-03-01,completed
1723,352,member,2026-03-01 00:00:00+00,2026-03-01,completed
1724,352,member,2026-03-01 00:00:00+00,2026-03-01,completed
1725,352,member,2026-03-01 00:00:00+00,2026-03-01,completed
1726,352,member,2026-03-01 00:00:00+00,2026-03-01,completed
1727,352,member,2026-03-01 00:00:00+00,2026-03-01,completed
1728,352,member,2026-03-01 00:00:00+00,2026-03-01,completed
1729,352,member,2026-03-01 00:00:00+00,2026-03-01,completed
1730,352,member,2026-03-01 00:00:00+00,2026-03-01,completed
1731,352,member,2026-03-01 00:00:00+00,2026-03-01,completed
1732,353,member,2026-03-01 00:00:00+00,2026-03-01,completed
1733,353,member,2026-03-01 00:00:00+00,2026-03-01,completed
1734,355,member,2026-03-01 00:00:00+00,2026-03-01,completed
1735,356,member,2026-03-01 00:00:00+00,2026-03-01,completed
1736,357,member,2026-03-01 00:00:00+00,2026-03-01,completed
1737,358,member,2026-03-01 00:00:00+00,2026-03-01,completed
1738,359,member,2026-03-01 00:00:00+00,2026-03-01,completed
1739,359,member,2026-03-01 00:00:00+00,2026-03-01,completed
1740,359,member,2026-03-01 00:00:00+00,2026-03-01,completed
1741,359,member,2026-03-01 00:00:00+00,2026-03-01,completed
1742,359,member,2026-03-01 00:00:00+00,2026-03-01,completed
1743,359,member,2026-03-01 00:00:00+00,2026-03-01,completed
1744,359,member,2026-03-01 00:00:00+00,2026-03-01,completed
1745,359,member,2026-03-01 00:00:00+00,2026-03-01,completed
1746,359,member,2026-03-01 00:00:00+00,2026-03-01,completed
1747,360,member,2026-03-01 00:00:00+00,2026-03-01,completed
1748,360,member,2026-03-01 00:00:00+00,2026-03-01,completed
1749,361,member,2026-03-01 00:00:00+00,2026-03-01,completed
1750,361,member,2026-03-01 00:00:00+00,2026-03-01,completed
1751,362,member,2026-03-01 00:00:00+00,2026-03-01,completed
1752,362,member,2026-03-01 00:00:00+00,2026-03-01,completed
1753,363,member,2026-03-01 00:00:00+00,2026-03-01,completed
1754,363,member,2026-03-01 00:00:00+00,2026-03-01,completed
1755,363,member,2026-03-01 00:00:00+00,2026-03-01,completed
1756,363,member,2026-03-01 00:00:00+00,2026-03-01,completed
1757,363,member,2026-03-01 00:00:00+00,2026-03-01,completed
1758,364,member,2026-03-01 00:00:00+00,2026-03-01,completed
1759,364,member,2026-03-01 00:00:00+00,2026-03-01,completed
1760,364,member,2026-03-01 00:00:00+00,2026-03-01,completed
1761,365,member,2026-03-01 00:00:00+00,2026-03-01,completed
1762,365,member,2026-03-01 00:00:00+00,2026-03-01,completed
1763,366,member,2026-03-01 00:00:00+00,2026-03-01,completed
1764,367,member,2026-03-01 00:00:00+00,2026-03-01,completed
1765,368,member,2026-03-01 00:00:00+00,2026-03-01,completed
1766,368,member,2026-03-01 00:00:00+00,2026-03-01,completed
1767,368,member,2026-03-01 00:00:00+00,2026-03-01,completed
1768,369,member,2026-03-01 00:00:00+00,2026-03-01,completed
1769,369,member,2026-03-01 00:00:00+00,2026-03-01,completed
1770,370,member,2026-03-01 00:00:00+00,2026-03-01,completed
1771,371,member,2026-03-01 00:00:00+00,2026-03-01,completed
1772,371,member,2026-03-01 00:00:00+00,2026-03-01,completed
1773,372,member,2026-03-01 00:00:00+00,2026-03-01,completed
1774,372,member,2026-03-01 00:00:00+00,2026-03-01,completed
1775,373,member,2026-03-01 00:00:00+00,2026-03-01,completed
1776,374,member,2026-03-01 00:00:00+00,2026-03-01,completed
1777,375,member,2026-03-01 00:00:00+00,2026-03-01,completed
1778,375,member,2026-03-01 00:00:00+00,2026-03-01,completed
1779,377,member,2026-03-01 00:00:00+00,2026-03-01,completed
1780,378,member,2026-03-01 00:00:00+00,2026-03-01,completed
1781,379,member,2026-03-01 00:00:00+00,2026-03-01,completed
1782,379,member,2026-03-01 00:00:00+00,2026-03-01,completed
1783,380,member,2026-03-01 00:00:00+00,2026-03-01,completed
1784,380,member,2026-03-01 00:00:00+00,2026-03-01,completed
1785,382,member,2026-03-01 00:00:00+00,2026-03-01,completed
1786,383,member,2026-03-01 00:00:00+00,2026-03-01,completed
1787,384,member,2026-03-01 00:00:00+00,2026-03-01,completed
1788,384,member,2026-03-01 00:00:00+00,2026-03-01,completed
1789,384,member,2026-03-01 00:00:00+00,2026-03-01,completed
1790,385,member,2026-03-01 00:00:00+00,2026-03-01,completed
1791,386,member,2026-03-01 00:00:00+00,2026-03-01,completed
1792,386,member,2026-03-01 00:00:00+00,2026-03-01,completed
1793,386,member,2026-03-01 00:00:00+00,2026-03-01,completed
1794,387,member,2026-03-01 00:00:00+00,2026-03-01,completed
1795,388,member,2026-03-01 00:00:00+00,2026-03-01,completed
1796,388,member,2026-03-01 00:00:00+00,2026-03-01,completed
1797,389,member,2026-03-01 00:00:00+00,2026-03-01,completed
1798,390,member,2026-03-01 00:00:00+00,2026-03-01,completed
1799,390,member,2026-03-01 00:00:00+00,2026-03-01,completed
1800,390,member,2026-03-01 00:00:00+00,2026-03-01,completed
1801,391,member,2026-03-01 00:00:00+00,2026-03-01,completed
1802,392,member,2026-03-01 00:00:00+00,2026-03-01,completed
1803,392,member,2026-03-01 00:00:00+00,2026-03-01,completed
1804,393,member,2026-03-01 00:00:00+00,2026-03-01,completed
1805,394,member,2026-03-01 00:00:00+00,2026-03-01,completed
1806,394,member,2026-03-01 00:00:00+00,2026-03-01,completed
1807,395,member,2026-03-01 00:00:00+00,2026-03-01,completed
1808,396,member,2026-03-01 00:00:00+00,2026-03-01,completed
1809,396,member,2026-03-01 00:00:00+00,2026-03-01,completed
1810,397,member,2026-03-01 00:00:00+00,2026-03-01,completed
1811,398,member,2026-03-01 00:00:00+00,2026-03-01,completed
1812,398,member,2026-03-01 00:00:00+00,2026-03-01,completed
1813,398,member,2026-03-01 00:00:00+00,2026-03-01,completed
1814,398,member,2026-03-01 00:00:00+00,2026-03-01,completed
1815,398,member,2026-03-01 00:00:00+00,2026-03-01,completed
1816,398,member,2026-03-01 00:00:00+00,2026-03-01,completed
1817,398,member,2026-03-01 00:00:00+00,2026-03-01,completed
1818,398,member,2026-03-01 00:00:00+00,2026-03-01,completed
1819,398,member,2026-03-01 00:00:00+00,2026-03-01,completed
1820,398,member,2026-03-01 00:00:00+00,2026-03-01,completed
1821,398,member,2026-03-01 00:00:00+00,2026-03-01,completed
1822,399,member,2026-03-01 00:00:00+00,2026-03-01,completed
1823,400,member,2026-03-01 00:00:00+00,2026-03-01,completed
1824,401,member,2026-03-01 00:00:00+00,2026-03-01,completed
1825,402,member,2026-03-01 00:00:00+00,2026-03-01,completed
1826,403,member,2026-03-01 00:00:00+00,2026-03-01,completed
1827,404,member,2026-03-01 00:00:00+00,2026-03-01,completed
1828,405,member,2026-03-01 00:00:00+00,2026-03-01,completed
1829,405,member,2026-03-01 00:00:00+00,2026-03-01,completed
1830,405,member,2026-03-01 00:00:00+00,2026-03-01,completed
1831,405,member,2026-03-01 00:00:00+00,2026-03-01,completed
1832,406,member,2026-03-01 00:00:00+00,2026-03-01,completed
1833,407,member,2026-03-01 00:00:00+00,2026-03-01,completed
1834,409,member,2026-03-01 00:00:00+00,2026-03-01,completed
1835,410,member,2026-03-01 00:00:00+00,2026-03-01,completed
1836,411,member,2026-03-01 00:00:00+00,2026-03-01,completed
1837,412,member,2026-03-01 00:00:00+00,2026-03-01,completed
1838,412,member,2026-03-01 00:00:00+00,2026-03-01,completed
1839,413,member,2026-03-01 00:00:00+00,2026-03-01,completed
1840,414,member,2026-03-01 00:00:00+00,2026-03-01,completed
1841,415,member,2026-03-01 00:00:00+00,2026-03-01,completed
1842,415,member,2026-03-01 00:00:00+00,2026-03-01,completed
1843,416,member,2026-03-01 00:00:00+00,2026-03-01,completed
1844,416,member,2026-03-01 00:00:00+00,2026-03-01,completed
1845,417,member,2026-03-01 00:00:00+00,2026-03-01,completed
1846,418,member,2026-03-01 00:00:00+00,2026-03-01,completed
1847,419,member,2026-03-01 00:00:00+00,2026-03-01,completed
1848,419,member,2026-03-01 00:00:00+00,2026-03-01,completed
1849,420,member,2026-03-01 00:00:00+00,2026-03-01,completed
1850,420,member,2026-03-01 00:00:00+00,2026-03-01,completed
1851,420,member,2026-03-01 00:00:00+00,2026-03-01,completed
1852,421,member,2026-03-01 00:00:00+00,2026-03-01,completed
1853,422,member,2026-03-01 00:00:00+00,2026-03-01,completed
1854,423,member,2026-03-01 00:00:00+00,2026-03-01,completed
1855,424,member,2026-03-01 00:00:00+00,2026-03-01,completed
1856,425,member,2026-03-01 00:00:00+00,2026-03-01,completed
1857,425,member,2026-03-01 00:00:00+00,2026-03-01,completed
1858,426,member,2026-03-01 00:00:00+00,2026-03-01,completed
1859,427,member,2026-03-01 00:00:00+00,2026-03-01,completed
1860,427,member,2026-03-01 00:00:00+00,2026-03-01,completed
1861,428,member,2026-03-01 00:00:00+00,2026-03-01,completed
1862,429,member,2026-03-01 00:00:00+00,2026-03-01,completed
1863,429,member,2026-03-01 00:00:00+00,2026-03-01,completed
1864,429,member,2026-03-01 00:00:00+00,2026-03-01,completed
1865,430,member,2026-03-01 00:00:00+00,2026-03-01,completed
1866,432,member,2026-03-01 00:00:00+00,2026-03-01,completed
1867,433,member,2026-03-01 00:00:00+00,2026-03-01,completed
1868,433,member,2026-03-01 00:00:00+00,2026-03-01,completed
1869,433,member,2026-03-01 00:00:00+00,2026-03-01,completed
1870,434,member,2026-03-01 00:00:00+00,2026-03-01,completed
1871,435,member,2026-03-01 00:00:00+00,2026-03-01,completed
1872,435,member,2026-03-01 00:00:00+00,2026-03-01,completed
1873,435,member,2026-03-01 00:00:00+00,2026-03-01,completed
1874,435,member,2026-03-01 00:00:00+00,2026-03-01,completed
1875,435,member,2026-03-01 00:00:00+00,2026-03-01,completed
1876,435,member,2026-03-01 00:00:00+00,2026-03-01,completed
1877,435,member,2026-03-01 00:00:00+00,2026-03-01,completed
1878,435,member,2026-03-01 00:00:00+00,2026-03-01,completed
1879,435,member,2026-03-01 00:00:00+00,2026-03-01,completed
1880,435,member,2026-03-01 00:00:00+00,2026-03-01,completed
1881,435,member,2026-03-01 00:00:00+00,2026-03-01,completed
1882,435,member,2026-03-01 00:00:00+00,2026-03-01,completed
1883,436,member,2026-03-01 00:00:00+00,2026-03-01,completed
1884,437,member,2026-03-01 00:00:00+00,2026-03-01,completed
1885,437,member,2026-03-01 00:00:00+00,2026-03-01,completed
1886,438,member,2026-03-01 00:00:00+00,2026-03-01,completed
1887,440,member,2026-03-01 00:00:00+00,2026-03-01,completed
1888,440,member,2026-03-01 00:00:00+00,2026-03-01,completed
1889,441,member,2026-03-01 00:00:00+00,2026-03-01,completed
1890,441,member,2026-03-01 00:00:00+00,2026-03-01,completed
1891,442,member,2026-03-01 00:00:00+00,2026-03-01,completed
1892,442,member,2026-03-01 00:00:00+00,2026-03-01,completed
1893,443,member,2026-03-01 00:00:00+00,2026-03-01,completed
1894,445,member,2026-03-01 00:00:00+00,2026-03-01,completed
1895,446,member,2026-03-01 00:00:00+00,2026-03-01,completed
1896,446,member,2026-03-01 00:00:00+00,2026-03-01,completed
1897,446,member,2026-03-01 00:00:00+00,2026-03-01,completed
1898,446,member,2026-03-01 00:00:00+00,2026-03-01,completed
1899,447,member,2026-03-01 00:00:00+00,2026-03-01,completed
1900,447,member,2026-03-01 00:00:00+00,2026-03-01,completed
1901,448,member,2026-03-01 00:00:00+00,2026-03-01,completed
1902,448,member,2026-03-01 00:00:00+00,2026-03-01,completed
1903,449,member,2026-03-01 00:00:00+00,2026-03-01,completed
1904,450,member,2026-03-01 00:00:00+00,2026-03-01,completed
1905,451,member,2026-03-01 00:00:00+00,2026-03-01,completed
1906,451,member,2026-03-01 00:00:00+00,2026-03-01,completed
1907,452,member,2026-03-01 00:00:00+00,2026-03-01,completed
1908,452,member,2026-03-01 00:00:00+00,2026-03-01,completed
1909,453,member,2026-03-01 00:00:00+00,2026-03-01,completed
1910,453,member,2026-03-01 00:00:00+00,2026-03-01,completed
1911,454,member,2026-03-01 00:00:00+00,2026-03-01,completed
1912,454,member,2026-03-01 00:00:00+00,2026-03-01,completed
1913,455,member,2026-03-01 00:00:00+00,2026-03-01,completed
1914,456,member,2026-03-01 00:00:00+00,2026-03-01,completed
1915,456,member,2026-03-01 00:00:00+00,2026-03-01,completed
1916,457,member,2026-03-01 00:00:00+00,2026-03-01,completed
1917,458,member,2026-03-01 00:00:00+00,2026-03-01,completed
1918,459,member,2026-03-01 00:00:00+00,2026-03-01,completed
1919,460,member,2026-03-01 00:00:00+00,2026-03-01,completed
1920,461,member,2026-03-01 00:00:00+00,2026-03-01,completed
1921,462,member,2026-03-01 00:00:00+00,2026-03-01,completed
1922,462,member,2026-03-01 00:00:00+00,2026-03-01,completed
1923,463,member,2026-03-01 00:00:00+00,2026-03-01,completed
1924,464,member,2026-03-01 00:00:00+00,2026-03-01,completed
1925,464,member,2026-03-01 00:00:00+00,2026-03-01,completed
1926,464,member,2026-03-01 00:00:00+00,2026-03-01,completed
1927,465,member,2026-03-01 00:00:00+00,2026-03-01,completed
1928,466,member,2026-03-01 00:00:00+00,2026-03-01,completed
1929,467,member,2026-03-01 00:00:00+00,2026-03-01,completed
1930,468,member,2026-03-01 00:00:00+00,2026-03-01,completed
1931,469,member,2026-03-01 00:00:00+00,2026-03-01,completed
1932,469,member,2026-03-01 00:00:00+00,2026-03-01,completed
1933,470,member,2026-03-01 00:00:00+00,2026-03-01,completed
1934,470,member,2026-03-01 00:00:00+00,2026-03-01,completed
1935,470,member,2026-03-01 00:00:00+00,2026-03-01,completed
1936,471,member,2026-03-01 00:00:00+00,2026-03-01,completed
1937,472,member,2026-03-01 00:00:00+00,2026-03-01,completed
1938,473,member,2026-03-01 00:00:00+00,2026-03-01,completed
1939,474,member,2026-03-01 00:00:00+00,2026-03-01,completed
1940,476,member,2026-03-01 00:00:00+00,2026-03-01,completed
1941,476,member,2026-03-01 00:00:00+00,2026-03-01,completed
1942,477,member,2026-03-01 00:00:00+00,2026-03-01,completed
1943,478,member,2026-03-01 00:00:00+00,2026-03-01,completed
1944,479,member,2026-03-01 00:00:00+00,2026-03-01,completed
1945,480,member,2026-03-01 00:00:00+00,2026-03-01,completed
1946,481,member,2026-03-01 00:00:00+00,2026-03-01,completed
1947,482,member,2026-03-01 00:00:00+00,2026-03-01,completed
1948,482,member,2026-03-01 00:00:00+00,2026-03-01,completed
1949,483,member,2026-03-01 00:00:00+00,2026-03-01,completed
1950,484,member,2026-03-01 00:00:00+00,2026-03-01,completed
1951,484,member,2026-03-01 00:00:00+00,2026-03-01,completed
1952,485,member,2026-03-01 00:00:00+00,2026-03-01,completed
1953,485,member,2026-03-01 00:00:00+00,2026-03-01,completed
1954,486,member,2026-03-01 00:00:00+00,2026-03-01,completed
1955,487,member,2026-03-01 00:00:00+00,2026-03-01,completed
1956,487,member,2026-03-01 00:00:00+00,2026-03-01,completed
1957,488,member,2026-03-01 00:00:00+00,2026-03-01,completed
1958,489,member,2026-03-01 00:00:00+00,2026-03-01,completed
1959,490,member,2026-03-01 00:00:00+00,2026-03-01,completed
1960,491,member,2026-03-01 00:00:00+00,2026-03-01,completed
1961,492,member,2026-03-01 00:00:00+00,2026-03-01,completed
1962,492,member,2026-03-01 00:00:00+00,2026-03-01,completed
1963,493,member,2026-03-01 00:00:00+00,2026-03-01,completed
1964,493,member,2026-03-01 00:00:00+00,2026-03-01,completed
1965,494,member,2026-03-01 00:00:00+00,2026-03-01,completed
1966,494,member,2026-03-01 00:00:00+00,2026-03-01,completed
1967,495,member,2026-03-01 00:00:00+00,2026-03-01,completed
1968,496,member,2026-03-01 00:00:00+00,2026-03-01,completed
1969,497,member,2026-03-01 00:00:00+00,2026-03-01,completed
1970,498,member,2026-03-01 00:00:00+00,2026-03-01,completed
1971,499,member,2026-03-01 00:00:00+00,2026-03-01,completed
1972,499,member,2026-03-01 00:00:00+00,2026-03-01,completed
1973,500,member,2026-03-01 00:00:00+00,2026-03-01,completed
1974,501,member,2026-03-01 00:00:00+00,2026-03-01,completed
1975,501,member,2026-03-01 00:00:00+00,2026-03-01,completed
1976,502,member,2026-03-01 00:00:00+00,2026-03-01,completed
1977,502,member,2026-03-01 00:00:00+00,2026-03-01,completed
1978,503,member,2026-03-01 00:00:00+00,2026-03-01,completed
1979,504,member,2026-03-01 00:00:00+00,2026-03-01,completed
1980,505,member,2026-03-01 00:00:00+00,2026-03-01,completed
1981,506,member,2026-03-01 00:00:00+00,2026-03-01,completed
1982,506,member,2026-03-01 00:00:00+00,2026-03-01,completed
1983,507,member,2026-03-01 00:00:00+00,2026-03-01,completed
1984,508,member,2026-03-01 00:00:00+00,2026-03-01,completed
1985,508,member,2026-03-01 00:00:00+00,2026-03-01,completed
1986,509,member,2026-03-01 00:00:00+00,2026-03-01,completed
1987,510,member,2026-03-01 00:00:00+00,2026-03-01,completed
1988,511,member,2026-03-01 00:00:00+00,2026-03-01,completed
1989,512,member,2026-03-01 00:00:00+00,2026-03-01,completed
1990,512,member,2026-03-01 00:00:00+00,2026-03-01,completed
1991,515,member,2026-03-01 00:00:00+00,2026-03-01,completed
1992,515,member,2026-03-01 00:00:00+00,2026-03-01,completed
1993,515,member,2026-03-01 00:00:00+00,2026-03-01,completed
1994,515,member,2026-03-01 00:00:00+00,2026-03-01,completed
1995,516,member,2026-03-01 00:00:00+00,2026-03-01,completed
1996,516,member,2026-03-01 00:00:00+00,2026-03-01,completed
1997,517,member,2026-03-01 00:00:00+00,2026-03-01,completed
1998,518,member,2026-03-01 00:00:00+00,2026-03-01,completed
1999,518,member,2026-03-01 00:00:00+00,2026-03-01,completed
2000,518,member,2026-03-01 00:00:00+00,2026-03-01,completed
2001,519,member,2026-03-01 00:00:00+00,2026-03-01,completed
2002,520,member,2026-03-01 00:00:00+00,2026-03-01,completed
2003,521,member,2026-03-01 00:00:00+00,2026-03-01,completed
2004,522,member,2026-03-01 00:00:00+00,2026-03-01,completed
2005,523,member,2026-03-01 00:00:00+00,2026-03-01,completed
2006,523,member,2026-03-01 00:00:00+00,2026-03-01,completed
2007,524,member,2026-03-01 00:00:00+00,2026-03-01,completed
2008,525,member,2026-03-01 00:00:00+00,2026-03-01,completed
2009,525,member,2026-03-01 00:00:00+00,2026-03-01,completed
2010,525,member,2026-03-01 00:00:00+00,2026-03-01,completed
2011,526,member,2026-03-01 00:00:00+00,2026-03-01,completed
2012,527,member,2026-03-01 00:00:00+00,2026-03-01,completed
2013,528,member,2026-03-01 00:00:00+00,2026-03-01,completed
2014,529,member,2026-03-01 00:00:00+00,2026-03-01,completed
2015,530,member,2026-03-01 00:00:00+00,2026-03-01,completed
2016,531,member,2026-03-01 00:00:00+00,2026-03-01,completed
2017,531,member,2026-03-01 00:00:00+00,2026-03-01,completed
2018,532,member,2026-03-01 00:00:00+00,2026-03-01,completed
2019,533,member,2026-03-01 00:00:00+00,2026-03-01,completed
2020,533,member,2026-03-01 00:00:00+00,2026-03-01,completed
2021,533,member,2026-03-01 00:00:00+00,2026-03-01,completed
2022,533,member,2026-03-01 00:00:00+00,2026-03-01,completed
2023,533,member,2026-03-01 00:00:00+00,2026-03-01,completed
2024,534,member,2026-03-01 00:00:00+00,2026-03-01,completed
2025,535,member,2026-03-01 00:00:00+00,2026-03-01,completed
2026,536,member,2026-03-01 00:00:00+00,2026-03-01,completed
2027,536,member,2026-03-01 00:00:00+00,2026-03-01,completed
2028,537,member,2026-03-01 00:00:00+00,2026-03-01,completed
2029,537,member,2026-03-01 00:00:00+00,2026-03-01,completed
2030,538,member,2026-03-01 00:00:00+00,2026-03-01,completed
2031,538,member,2026-03-01 00:00:00+00,2026-03-01,completed
2032,538,member,2026-03-01 00:00:00+00,2026-03-01,completed
2033,539,member,2026-03-01 00:00:00+00,2026-03-01,completed
2034,539,member,2026-03-01 00:00:00+00,2026-03-01,completed
2035,540,member,2026-03-01 00:00:00+00,2026-03-01,completed
2036,541,member,2026-03-01 00:00:00+00,2026-03-01,completed
2037,541,member,2026-03-01 00:00:00+00,2026-03-01,completed
2038,542,member,2026-03-01 00:00:00+00,2026-03-01,completed
2039,543,member,2026-03-01 00:00:00+00,2026-03-01,completed
2040,544,member,2026-03-01 00:00:00+00,2026-03-01,completed
2041,545,member,2026-03-01 00:00:00+00,2026-03-01,completed
2042,546,member,2026-03-01 00:00:00+00,2026-03-01,completed
2043,547,member,2026-03-01 00:00:00+00,2026-03-01,completed
2044,548,member,2026-03-01 00:00:00+00,2026-03-01,completed
2045,548,member,2026-03-01 00:00:00+00,2026-03-01,completed
2046,549,member,2026-03-01 00:00:00+00,2026-03-01,completed
2047,550,member,2026-03-01 00:00:00+00,2026-03-01,completed
2048,550,member,2026-03-01 00:00:00+00,2026-03-01,completed
2049,551,member,2026-03-01 00:00:00+00,2026-03-01,completed
2050,551,member,2026-03-01 00:00:00+00,2026-03-01,completed
2051,551,member,2026-03-01 00:00:00+00,2026-03-01,completed
2052,552,member,2026-03-01 00:00:00+00,2026-03-01,completed
2053,552,member,2026-03-01 00:00:00+00,2026-03-01,completed
2054,553,member,2026-03-01 00:00:00+00,2026-03-01,completed
2055,553,member,2026-03-01 00:00:00+00,2026-03-01,completed
2056,554,member,2026-03-01 00:00:00+00,2026-03-01,completed
2057,555,member,2026-03-01 00:00:00+00,2026-03-01,completed
2058,556,member,2026-03-01 00:00:00+00,2026-03-01,completed
2059,557,member,2026-03-01 00:00:00+00,2026-03-01,completed
2060,557,member,2026-03-01 00:00:00+00,2026-03-01,completed
2061,558,member,2026-03-01 00:00:00+00,2026-03-01,completed
2062,559,member,2026-03-01 00:00:00+00,2026-03-01,completed
2063,560,member,2026-03-01 00:00:00+00,2026-03-01,completed
2064,561,member,2026-03-01 00:00:00+00,2026-03-01,completed
2065,562,member,2026-03-01 00:00:00+00,2026-03-01,completed
2066,563,member,2026-03-01 00:00:00+00,2026-03-01,completed
2067,563,member,2026-03-01 00:00:00+00,2026-03-01,completed
2068,564,member,2026-03-01 00:00:00+00,2026-03-01,completed
2069,565,member,2026-03-01 00:00:00+00,2026-03-01,completed
2070,565,member,2026-03-01 00:00:00+00,2026-03-01,completed
2071,566,member,2026-03-01 00:00:00+00,2026-03-01,completed
2072,567,member,2026-03-01 00:00:00+00,2026-03-01,completed
2073,567,member,2026-03-01 00:00:00+00,2026-03-01,completed
2074,568,member,2026-03-01 00:00:00+00,2026-03-01,completed
2075,569,member,2026-03-01 00:00:00+00,2026-03-01,completed
2076,570,member,2026-03-01 00:00:00+00,2026-03-01,completed
2077,571,member,2026-03-01 00:00:00+00,2026-03-01,completed
2078,572,member,2026-03-01 00:00:00+00,2026-03-01,completed
2079,572,member,2026-03-01 00:00:00+00,2026-03-01,completed
2080,573,member,2026-03-01 00:00:00+00,2026-03-01,completed
2081,573,member,2026-03-01 00:00:00+00,2026-03-01,completed
2082,574,member,2026-03-01 00:00:00+00,2026-03-01,completed
2083,575,member,2026-03-01 00:00:00+00,2026-03-01,completed
2084,575,member,2026-03-01 00:00:00+00,2026-03-01,completed
2085,575,member,2026-03-01 00:00:00+00,2026-03-01,completed
2086,576,member,2026-03-01 00:00:00+00,2026-03-01,completed
2087,576,member,2026-03-01 00:00:00+00,2026-03-01,completed
2088,577,member,2026-03-01 00:00:00+00,2026-03-01,completed
2089,578,member,2026-03-01 00:00:00+00,2026-03-01,completed
2090,578,member,2026-03-01 00:00:00+00,2026-03-01,completed
2091,578,member,2026-03-01 00:00:00+00,2026-03-01,completed
2092,579,member,2026-03-01 00:00:00+00,2026-03-01,completed
2093,580,member,2026-03-01 00:00:00+00,2026-03-01,completed
2094,581,member,2026-03-01 00:00:00+00,2026-03-01,completed
2095,582,member,2026-03-01 00:00:00+00,2026-03-01,completed
2096,582,member,2026-03-01 00:00:00+00,2026-03-01,completed
2097,584,member,2026-03-01 00:00:00+00,2026-03-01,completed
2098,584,member,2026-03-01 00:00:00+00,2026-03-01,completed
2099,585,member,2026-03-01 00:00:00+00,2026-03-01,completed
2100,585,member,2026-03-01 00:00:00+00,2026-03-01,completed
2101,586,member,2026-03-01 00:00:00+00,2026-03-01,completed
2102,586,member,2026-03-01 00:00:00+00,2026-03-01,completed
2103,587,member,2026-03-01 00:00:00+00,2026-03-01,completed
2104,587,member,2026-03-01 00:00:00+00,2026-03-01,completed
2105,588,member,2026-03-01 00:00:00+00,2026-03-01,completed
2106,589,member,2026-03-01 00:00:00+00,2026-03-01,completed
2107,590,member,2026-03-01 00:00:00+00,2026-03-01,completed
2108,591,member,2026-03-01 00:00:00+00,2026-03-01,completed
2109,591,member,2026-03-01 00:00:00+00,2026-03-01,completed
2110,592,member,2026-03-01 00:00:00+00,2026-03-01,completed
2111,593,member,2026-03-01 00:00:00+00,2026-03-01,completed
2112,593,member,2026-03-01 00:00:00+00,2026-03-01,completed
2113,594,member,2026-03-01 00:00:00+00,2026-03-01,completed
2114,595,member,2026-03-01 00:00:00+00,2026-03-01,completed
2115,595,member,2026-03-01 00:00:00+00,2026-03-01,completed
2116,596,member,2026-03-01 00:00:00+00,2026-03-01,completed
2117,596,member,2026-03-01 00:00:00+00,2026-03-01,completed
2118,597,member,2026-03-01 00:00:00+00,2026-03-01,completed
2119,597,member,2026-03-01 00:00:00+00,2026-03-01,completed
2120,598,member,2026-03-01 00:00:00+00,2026-03-01,completed
2121,599,member,2026-03-01 00:00:00+00,2026-03-01,completed
2122,600,member,2026-03-01 00:00:00+00,2026-03-01,completed
2123,600,member,2026-03-01 00:00:00+00,2026-03-01,completed
2124,601,member,2026-03-01 00:00:00+00,2026-03-01,completed
2125,602,member,2026-03-01 00:00:00+00,2026-03-01,completed
2126,602,member,2026-03-01 00:00:00+00,2026-03-01,completed
2127,603,member,2026-03-01 00:00:00+00,2026-03-01,completed
2128,603,member,2026-03-01 00:00:00+00,2026-03-01,completed
2129,603,member,2026-03-01 00:00:00+00,2026-03-01,completed
2130,604,member,2026-03-01 00:00:00+00,2026-03-01,completed
2131,605,member,2026-03-01 00:00:00+00,2026-03-01,completed
2132,605,member,2026-03-01 00:00:00+00,2026-03-01,completed
2133,606,member,2026-03-01 00:00:00+00,2026-03-01,completed
2134,607,member,2026-03-01 00:00:00+00,2026-03-01,completed
2135,608,member,2026-03-01 00:00:00+00,2026-03-01,completed
2136,608,member,2026-03-01 00:00:00+00,2026-03-01,completed
2137,608,member,2026-03-01 00:00:00+00,2026-03-01,completed
2138,609,member,2026-03-01 00:00:00+00,2026-03-01,completed
2139,610,member,2026-03-01 00:00:00+00,2026-03-01,completed
2140,611,member,2026-03-01 00:00:00+00,2026-03-01,completed
2141,611,member,2026-03-01 00:00:00+00,2026-03-01,completed
2142,611,member,2026-03-01 00:00:00+00,2026-03-01,completed
2143,612,member,2026-03-01 00:00:00+00,2026-03-01,completed
2144,613,member,2026-03-01 00:00:00+00,2026-03-01,completed
2145,614,member,2026-03-01 00:00:00+00,2026-03-01,completed
2146,615,member,2026-03-01 00:00:00+00,2026-03-01,completed
2147,616,member,2026-03-01 00:00:00+00,2026-03-01,completed
2148,617,member,2026-03-01 00:00:00+00,2026-03-01,completed
2149,619,member,2026-03-01 00:00:00+00,2026-03-01,completed
2150,620,member,2026-03-01 00:00:00+00,2026-03-01,completed
2151,621,member,2026-03-01 00:00:00+00,2026-03-01,completed
2152,622,member,2026-03-01 00:00:00+00,2026-03-01,completed
2153,623,member,2026-03-01 00:00:00+00,2026-03-01,completed
2154,623,member,2026-03-01 00:00:00+00,2026-03-01,completed
2155,623,member,2026-03-01 00:00:00+00,2026-03-01,completed
2156,624,member,2026-03-01 00:00:00+00,2026-03-01,completed
2157,624,member,2026-03-01 00:00:00+00,2026-03-01,completed
2158,625,member,2026-03-01 00:00:00+00,2026-03-01,completed
2159,626,member,2026-03-01 00:00:00+00,2026-03-01,completed
2160,626,member,2026-03-01 00:00:00+00,2026-03-01,completed
2161,627,member,2026-03-01 00:00:00+00,2026-03-01,completed
2162,628,member,2026-03-01 00:00:00+00,2026-03-01,completed
2163,628,member,2026-03-01 00:00:00+00,2026-03-01,completed
2164,629,member,2026-03-01 00:00:00+00,2026-03-01,completed
2165,630,member,2026-03-01 00:00:00+00,2026-03-01,completed
2166,631,member,2026-03-01 00:00:00+00,2026-03-01,completed
2167,632,member,2026-03-01 00:00:00+00,2026-03-01,completed
2168,633,member,2026-03-01 00:00:00+00,2026-03-01,completed
2169,633,member,2026-03-01 00:00:00+00,2026-03-01,completed
2170,634,member,2026-03-01 00:00:00+00,2026-03-01,completed
2171,635,member,2026-03-01 00:00:00+00,2026-03-01,completed
2172,636,member,2026-03-01 00:00:00+00,2026-03-01,completed
2173,637,member,2026-03-01 00:00:00+00,2026-03-01,completed
2174,637,member,2026-03-01 00:00:00+00,2026-03-01,completed
2175,638,member,2026-03-01 00:00:00+00,2026-03-01,completed
2176,638,member,2026-03-01 00:00:00+00,2026-03-01,completed
2177,639,member,2026-03-01 00:00:00+00,2026-03-01,completed
2178,639,member,2026-03-01 00:00:00+00,2026-03-01,completed
2179,640,member,2026-03-01 00:00:00+00,2026-03-01,completed
2180,641,member,2026-03-01 00:00:00+00,2026-03-01,completed
2181,642,member,2026-03-01 00:00:00+00,2026-03-01,completed
2182,643,member,2026-03-01 00:00:00+00,2026-03-01,completed
2183,644,member,2026-03-01 00:00:00+00,2026-03-01,completed
2184,644,member,2026-03-01 00:00:00+00,2026-03-01,completed
2185,644,member,2026-03-01 00:00:00+00,2026-03-01,completed
2186,644,member,2026-03-01 00:00:00+00,2026-03-01,completed
2187,644,member,2026-03-01 00:00:00+00,2026-03-01,completed
2188,645,member,2026-03-01 00:00:00+00,2026-03-01,completed
2189,646,member,2026-03-01 00:00:00+00,2026-03-01,completed
2190,647,member,2026-03-01 00:00:00+00,2026-03-01,completed
2191,648,member,2026-03-01 00:00:00+00,2026-03-01,completed
2192,648,member,2026-03-01 00:00:00+00,2026-03-01,completed
2193,649,member,2026-03-01 00:00:00+00,2026-03-01,completed
2194,650,member,2026-03-01 00:00:00+00,2026-03-01,completed
2195,651,member,2026-03-01 00:00:00+00,2026-03-01,completed
2196,652,member,2026-03-01 00:00:00+00,2026-03-01,completed
2197,653,member,2026-03-01 00:00:00+00,2026-03-01,completed
2198,654,member,2026-03-01 00:00:00+00,2026-03-01,completed
2199,655,member,2026-03-01 00:00:00+00,2026-03-01,completed
2200,656,member,2026-03-01 00:00:00+00,2026-03-01,completed
2201,656,member,2026-03-01 00:00:00+00,2026-03-01,completed
2202,657,member,2026-03-01 00:00:00+00,2026-03-01,completed
2203,657,member,2026-03-01 00:00:00+00,2026-03-01,completed
2204,658,member,2026-03-01 00:00:00+00,2026-03-01,completed
2205,659,member,2026-03-01 00:00:00+00,2026-03-01,completed
2206,660,member,2026-03-01 00:00:00+00,2026-03-01,completed
2207,660,member,2026-03-01 00:00:00+00,2026-03-01,completed
2208,661,member,2026-03-01 00:00:00+00,2026-03-01,completed
2209,661,member,2026-03-01 00:00:00+00,2026-03-01,completed
2210,661,member,2026-03-01 00:00:00+00,2026-03-01,completed
2211,661,member,2026-03-01 00:00:00+00,2026-03-01,completed
2212,662,member,2026-03-01 00:00:00+00,2026-03-01,completed
2213,663,member,2026-03-01 00:00:00+00,2026-03-01,completed
2214,664,member,2026-03-01 00:00:00+00,2026-03-01,completed
2215,664,member,2026-03-01 00:00:00+00,2026-03-01,completed
2216,665,member,2026-03-01 00:00:00+00,2026-03-01,completed
2217,665,member,2026-03-01 00:00:00+00,2026-03-01,completed
2218,665,member,2026-03-01 00:00:00+00,2026-03-01,completed
2219,666,member,2026-03-01 00:00:00+00,2026-03-01,completed
2220,667,member,2026-03-01 00:00:00+00,2026-03-01,completed
2221,668,member,2026-03-01 00:00:00+00,2026-03-01,completed
2222,669,member,2026-03-01 00:00:00+00,2026-03-01,completed
2223,670,member,2026-03-01 00:00:00+00,2026-03-01,completed
2224,671,member,2026-03-01 00:00:00+00,2026-03-01,completed
2225,672,member,2026-03-01 00:00:00+00,2026-03-01,completed
2226,673,member,2026-03-01 00:00:00+00,2026-03-01,completed
2227,673,member,2026-03-01 00:00:00+00,2026-03-01,completed
2228,674,member,2026-03-01 00:00:00+00,2026-03-01,completed
2229,675,member,2026-03-01 00:00:00+00,2026-03-01,completed
2230,676,member,2026-03-01 00:00:00+00,2026-03-01,completed
2231,677,member,2026-03-01 00:00:00+00,2026-03-01,completed
2232,677,member,2026-03-01 00:00:00+00,2026-03-01,completed
2233,678,member,2026-03-01 00:00:00+00,2026-03-01,completed
2234,678,member,2026-03-01 00:00:00+00,2026-03-01,completed
2235,679,member,2026-03-01 00:00:00+00,2026-03-01,completed
2236,680,member,2026-03-01 00:00:00+00,2026-03-01,completed
2237,680,member,2026-03-01 00:00:00+00,2026-03-01,completed
2238,681,member,2026-03-01 00:00:00+00,2026-03-01,completed
2239,681,member,2026-03-01 00:00:00+00,2026-03-01,completed
2240,682,member,2026-03-01 00:00:00+00,2026-03-01,completed
2241,682,member,2026-03-01 00:00:00+00,2026-03-01,completed
2242,683,member,2026-03-01 00:00:00+00,2026-03-01,completed
2243,684,member,2026-03-01 00:00:00+00,2026-03-01,completed
2244,685,member,2026-03-01 00:00:00+00,2026-03-01,completed
2245,686,member,2026-03-01 00:00:00+00,2026-03-01,completed
2246,686,member,2026-03-01 00:00:00+00,2026-03-01,completed
2247,687,member,2026-03-01 00:00:00+00,2026-03-01,completed
2248,687,member,2026-03-01 00:00:00+00,2026-03-01,completed
2249,688,member,2026-03-01 00:00:00+00,2026-03-01,completed
2250,688,member,2026-03-01 00:00:00+00,2026-03-01,completed
2251,689,member,2026-03-01 00:00:00+00,2026-03-01,completed
2252,690,member,2026-03-01 00:00:00+00,2026-03-01,completed
2253,691,member,2026-03-01 00:00:00+00,2026-03-01,completed
2254,692,member,2026-03-01 00:00:00+00,2026-03-01,completed
2255,693,member,2026-03-01 00:00:00+00,2026-03-01,completed
2256,693,member,2026-03-01 00:00:00+00,2026-03-01,completed
2257,694,member,2026-03-01 00:00:00+00,2026-03-01,completed
2258,695,member,2026-03-01 00:00:00+00,2026-03-01,completed
2259,696,member,2026-03-01 00:00:00+00,2026-03-01,completed
2260,696,member,2026-03-01 00:00:00+00,2026-03-01,completed
2261,696,member,2026-03-01 00:00:00+00,2026-03-01,completed
2262,697,member,2026-03-01 00:00:00+00,2026-03-01,completed
2263,698,member,2026-03-01 00:00:00+00,2026-03-01,completed
2264,698,member,2026-03-01 00:00:00+00,2026-03-01,completed
2265,699,member,2026-03-01 00:00:00+00,2026-03-01,completed
2266,699,member,2026-03-01 00:00:00+00,2026-03-01,completed
2267,700,member,2026-03-01 00:00:00+00,2026-03-01,completed
2268,700,member,2026-03-01 00:00:00+00,2026-03-01,completed
2269,701,member,2026-03-01 00:00:00+00,2026-03-01,completed
2270,702,member,2026-03-01 00:00:00+00,2026-03-01,completed
2271,703,member,2026-03-01 00:00:00+00,2026-03-01,completed
2272,703,member,2026-03-01 00:00:00+00,2026-03-01,completed
2273,703,member,2026-03-01 00:00:00+00,2026-03-01,completed
2274,704,member,2026-03-01 00:00:00+00,2026-03-01,completed
2275,705,member,2026-03-01 00:00:00+00,2026-03-01,completed
2276,706,member,2026-03-01 00:00:00+00,2026-03-01,completed
2277,1,member,2026-04-01 00:00:00+00,2026-04-01,completed
2278,1,member,2026-04-01 00:00:00+00,2026-04-01,completed
2279,2,member,2026-04-01 00:00:00+00,2026-04-01,completed
2280,2,member,2026-04-01 00:00:00+00,2026-04-01,completed
2281,2,member,2026-04-01 00:00:00+00,2026-04-01,completed
2282,2,member,2026-04-01 00:00:00+00,2026-04-01,completed
2283,2,member,2026-04-01 00:00:00+00,2026-04-01,completed
2284,3,member,2026-04-01 00:00:00+00,2026-04-01,completed
2285,3,member,2026-04-01 00:00:00+00,2026-04-01,completed
2286,3,member,2026-04-01 00:00:00+00,2026-04-01,completed
2287,3,member,2026-04-01 00:00:00+00,2026-04-01,completed
2288,4,member,2026-04-01 00:00:00+00,2026-04-01,completed
2289,4,member,2026-04-01 00:00:00+00,2026-04-01,completed
2290,5,member,2026-04-01 00:00:00+00,2026-04-01,completed
2291,6,member,2026-04-01 00:00:00+00,2026-04-01,completed
2292,7,member,2026-04-01 00:00:00+00,2026-04-01,completed
2293,7,member,2026-04-01 00:00:00+00,2026-04-01,completed
2294,7,member,2026-04-01 00:00:00+00,2026-04-01,completed
2295,7,member,2026-04-01 00:00:00+00,2026-04-01,completed
2296,7,member,2026-04-01 00:00:00+00,2026-04-01,completed
2297,9,member,2026-04-01 00:00:00+00,2026-04-01,completed
2298,10,member,2026-04-01 00:00:00+00,2026-04-01,completed
2299,11,member,2026-04-01 00:00:00+00,2026-04-01,completed
2300,11,member,2026-04-01 00:00:00+00,2026-04-01,completed
2301,11,member,2026-04-01 00:00:00+00,2026-04-01,completed
2302,11,member,2026-04-01 00:00:00+00,2026-04-01,completed
2303,12,member,2026-04-01 00:00:00+00,2026-04-01,completed
2304,12,member,2026-04-01 00:00:00+00,2026-04-01,completed
2305,12,member,2026-04-01 00:00:00+00,2026-04-01,completed
2306,12,member,2026-04-01 00:00:00+00,2026-04-01,completed
2307,12,member,2026-04-01 00:00:00+00,2026-04-01,completed
2308,12,member,2026-04-01 00:00:00+00,2026-04-01,completed
2309,12,member,2026-04-01 00:00:00+00,2026-04-01,completed
2310,12,member,2026-04-01 00:00:00+00,2026-04-01,completed
2311,12,member,2026-04-01 00:00:00+00,2026-04-01,completed
2312,12,member,2026-04-01 00:00:00+00,2026-04-01,completed
2313,12,member,2026-04-01 00:00:00+00,2026-04-01,completed
2314,13,member,2026-04-01 00:00:00+00,2026-04-01,completed
2315,14,member,2026-04-01 00:00:00+00,2026-04-01,completed
2316,14,member,2026-04-01 00:00:00+00,2026-04-01,completed
2317,14,member,2026-04-01 00:00:00+00,2026-04-01,completed
2318,15,member,2026-04-01 00:00:00+00,2026-04-01,completed
2319,15,member,2026-04-01 00:00:00+00,2026-04-01,completed
2320,15,member,2026-04-01 00:00:00+00,2026-04-01,completed
2321,16,member,2026-04-01 00:00:00+00,2026-04-01,completed
2322,17,member,2026-04-01 00:00:00+00,2026-04-01,completed
2323,17,member,2026-04-01 00:00:00+00,2026-04-01,completed
2324,17,member,2026-04-01 00:00:00+00,2026-04-01,completed
2325,18,member,2026-04-01 00:00:00+00,2026-04-01,completed
2326,18,member,2026-04-01 00:00:00+00,2026-04-01,completed
2327,18,member,2026-04-01 00:00:00+00,2026-04-01,completed
2328,19,member,2026-04-01 00:00:00+00,2026-04-01,completed
2329,19,member,2026-04-01 00:00:00+00,2026-04-01,completed
2330,19,member,2026-04-01 00:00:00+00,2026-04-01,completed
2331,19,member,2026-04-01 00:00:00+00,2026-04-01,completed
2332,19,member,2026-04-01 00:00:00+00,2026-04-01,completed
2333,20,member,2026-04-01 00:00:00+00,2026-04-01,completed
2334,21,member,2026-04-01 00:00:00+00,2026-04-01,completed
2335,22,member,2026-04-01 00:00:00+00,2026-04-01,completed
2336,22,member,2026-04-01 00:00:00+00,2026-04-01,completed
2337,22,member,2026-04-01 00:00:00+00,2026-04-01,completed
2338,23,member,2026-04-01 00:00:00+00,2026-04-01,completed
2339,24,member,2026-04-01 00:00:00+00,2026-04-01,completed
2340,24,member,2026-04-01 00:00:00+00,2026-04-01,completed
2341,24,member,2026-04-01 00:00:00+00,2026-04-01,completed
2342,24,member,2026-04-01 00:00:00+00,2026-04-01,completed
2343,24,member,2026-04-01 00:00:00+00,2026-04-01,completed
2344,25,member,2026-04-01 00:00:00+00,2026-04-01,completed
2345,25,member,2026-04-01 00:00:00+00,2026-04-01,completed
2346,25,member,2026-04-01 00:00:00+00,2026-04-01,completed
2347,25,member,2026-04-01 00:00:00+00,2026-04-01,completed
2348,25,member,2026-04-01 00:00:00+00,2026-04-01,completed
2349,26,member,2026-04-01 00:00:00+00,2026-04-01,completed
2350,27,member,2026-04-01 00:00:00+00,2026-04-01,completed
2351,28,member,2026-04-01 00:00:00+00,2026-04-01,completed
2352,29,member,2026-04-01 00:00:00+00,2026-04-01,completed
2353,30,member,2026-04-01 00:00:00+00,2026-04-01,completed
2354,30,member,2026-04-01 00:00:00+00,2026-04-01,completed
2355,30,member,2026-04-01 00:00:00+00,2026-04-01,completed
2356,32,member,2026-04-01 00:00:00+00,2026-04-01,completed
2357,32,member,2026-04-01 00:00:00+00,2026-04-01,completed
2358,32,member,2026-04-01 00:00:00+00,2026-04-01,completed
2359,32,member,2026-04-01 00:00:00+00,2026-04-01,completed
2360,33,member,2026-04-01 00:00:00+00,2026-04-01,completed
2361,33,member,2026-04-01 00:00:00+00,2026-04-01,completed
2362,33,member,2026-04-01 00:00:00+00,2026-04-01,completed
2363,33,member,2026-04-01 00:00:00+00,2026-04-01,completed
2364,34,member,2026-04-01 00:00:00+00,2026-04-01,completed
2365,35,member,2026-04-01 00:00:00+00,2026-04-01,completed
2366,35,member,2026-04-01 00:00:00+00,2026-04-01,completed
2367,37,member,2026-04-01 00:00:00+00,2026-04-01,completed
2368,38,member,2026-04-01 00:00:00+00,2026-04-01,completed
2369,38,member,2026-04-01 00:00:00+00,2026-04-01,completed
2370,39,member,2026-04-01 00:00:00+00,2026-04-01,completed
2371,39,member,2026-04-01 00:00:00+00,2026-04-01,completed
2372,39,member,2026-04-01 00:00:00+00,2026-04-01,completed
2373,40,member,2026-04-01 00:00:00+00,2026-04-01,completed
2374,42,member,2026-04-01 00:00:00+00,2026-04-01,completed
2375,43,member,2026-04-01 00:00:00+00,2026-04-01,completed
2376,43,member,2026-04-01 00:00:00+00,2026-04-01,completed
2377,44,member,2026-04-01 00:00:00+00,2026-04-01,completed
2378,44,member,2026-04-01 00:00:00+00,2026-04-01,completed
2379,44,member,2026-04-01 00:00:00+00,2026-04-01,completed
2380,44,member,2026-04-01 00:00:00+00,2026-04-01,completed
2381,44,member,2026-04-01 00:00:00+00,2026-04-01,completed
2382,44,member,2026-04-01 00:00:00+00,2026-04-01,completed
2383,44,member,2026-04-01 00:00:00+00,2026-04-01,completed
2384,44,member,2026-04-01 00:00:00+00,2026-04-01,completed
2385,44,member,2026-04-01 00:00:00+00,2026-04-01,completed
2386,44,member,2026-04-01 00:00:00+00,2026-04-01,completed
2387,45,member,2026-04-01 00:00:00+00,2026-04-01,completed
2388,45,member,2026-04-01 00:00:00+00,2026-04-01,completed
2389,45,member,2026-04-01 00:00:00+00,2026-04-01,completed
2390,45,member,2026-04-01 00:00:00+00,2026-04-01,completed
2391,45,member,2026-04-01 00:00:00+00,2026-04-01,completed
2392,45,member,2026-04-01 00:00:00+00,2026-04-01,completed
2393,45,member,2026-04-01 00:00:00+00,2026-04-01,completed
2394,45,member,2026-04-01 00:00:00+00,2026-04-01,completed
2395,45,member,2026-04-01 00:00:00+00,2026-04-01,completed
2396,45,member,2026-04-01 00:00:00+00,2026-04-01,completed
2397,45,member,2026-04-01 00:00:00+00,2026-04-01,completed
2398,45,member,2026-04-01 00:00:00+00,2026-04-01,completed
2399,46,member,2026-04-01 00:00:00+00,2026-04-01,completed
2400,47,member,2026-04-01 00:00:00+00,2026-04-01,completed
2401,48,member,2026-04-01 00:00:00+00,2026-04-01,completed
2402,48,member,2026-04-01 00:00:00+00,2026-04-01,completed
2403,48,member,2026-04-01 00:00:00+00,2026-04-01,completed
2404,49,member,2026-04-01 00:00:00+00,2026-04-01,completed
2405,50,member,2026-04-01 00:00:00+00,2026-04-01,completed
2406,50,member,2026-04-01 00:00:00+00,2026-04-01,completed
2407,51,member,2026-04-01 00:00:00+00,2026-04-01,completed
2408,51,member,2026-04-01 00:00:00+00,2026-04-01,completed
2409,51,member,2026-04-01 00:00:00+00,2026-04-01,completed
2410,51,member,2026-04-01 00:00:00+00,2026-04-01,completed
2411,52,member,2026-04-01 00:00:00+00,2026-04-01,completed
2412,52,member,2026-04-01 00:00:00+00,2026-04-01,completed
2413,53,member,2026-04-01 00:00:00+00,2026-04-01,completed
2414,55,member,2026-04-01 00:00:00+00,2026-04-01,completed
2415,56,member,2026-04-01 00:00:00+00,2026-04-01,completed
2416,56,member,2026-04-01 00:00:00+00,2026-04-01,completed
2417,57,member,2026-04-01 00:00:00+00,2026-04-01,completed
2418,58,member,2026-04-01 00:00:00+00,2026-04-01,completed
2419,59,member,2026-04-01 00:00:00+00,2026-04-01,completed
2420,60,member,2026-04-01 00:00:00+00,2026-04-01,completed
2421,61,member,2026-04-01 00:00:00+00,2026-04-01,completed
2422,61,member,2026-04-01 00:00:00+00,2026-04-01,completed
2423,63,member,2026-04-01 00:00:00+00,2026-04-01,completed
2424,63,member,2026-04-01 00:00:00+00,2026-04-01,completed
2425,66,member,2026-04-01 00:00:00+00,2026-04-01,completed
2426,66,member,2026-04-01 00:00:00+00,2026-04-01,completed
2427,67,member,2026-04-01 00:00:00+00,2026-04-01,completed
2428,68,member,2026-04-01 00:00:00+00,2026-04-01,completed
2429,68,member,2026-04-01 00:00:00+00,2026-04-01,completed
2430,69,member,2026-04-01 00:00:00+00,2026-04-01,completed
2431,71,member,2026-04-01 00:00:00+00,2026-04-01,completed
2432,72,member,2026-04-01 00:00:00+00,2026-04-01,completed
2433,73,member,2026-04-01 00:00:00+00,2026-04-01,completed
2434,74,member,2026-04-01 00:00:00+00,2026-04-01,completed
2435,74,member,2026-04-01 00:00:00+00,2026-04-01,completed
2436,75,member,2026-04-01 00:00:00+00,2026-04-01,completed
2437,76,member,2026-04-01 00:00:00+00,2026-04-01,completed
2438,77,member,2026-04-01 00:00:00+00,2026-04-01,completed
2439,78,member,2026-04-01 00:00:00+00,2026-04-01,completed
2440,79,member,2026-04-01 00:00:00+00,2026-04-01,completed
2441,79,member,2026-04-01 00:00:00+00,2026-04-01,completed
2442,80,member,2026-04-01 00:00:00+00,2026-04-01,completed
2443,80,member,2026-04-01 00:00:00+00,2026-04-01,completed
2444,80,member,2026-04-01 00:00:00+00,2026-04-01,completed
2445,80,member,2026-04-01 00:00:00+00,2026-04-01,completed
2446,80,member,2026-04-01 00:00:00+00,2026-04-01,completed
2447,81,member,2026-04-01 00:00:00+00,2026-04-01,completed
2448,81,member,2026-04-01 00:00:00+00,2026-04-01,completed
2449,81,member,2026-04-01 00:00:00+00,2026-04-01,completed
2450,82,member,2026-04-01 00:00:00+00,2026-04-01,completed
2451,85,member,2026-04-01 00:00:00+00,2026-04-01,completed
2452,86,member,2026-04-01 00:00:00+00,2026-04-01,completed
2453,87,member,2026-04-01 00:00:00+00,2026-04-01,completed
2454,88,member,2026-04-01 00:00:00+00,2026-04-01,completed
2455,88,member,2026-04-01 00:00:00+00,2026-04-01,completed
2456,89,member,2026-04-01 00:00:00+00,2026-04-01,completed
2457,89,member,2026-04-01 00:00:00+00,2026-04-01,completed
2458,89,member,2026-04-01 00:00:00+00,2026-04-01,completed
2459,91,member,2026-04-01 00:00:00+00,2026-04-01,completed
2460,91,member,2026-04-01 00:00:00+00,2026-04-01,completed
2461,92,member,2026-04-01 00:00:00+00,2026-04-01,completed
2462,93,member,2026-04-01 00:00:00+00,2026-04-01,completed
2463,93,member,2026-04-01 00:00:00+00,2026-04-01,completed
2464,95,member,2026-04-01 00:00:00+00,2026-04-01,completed
2465,96,member,2026-04-01 00:00:00+00,2026-04-01,completed
2466,97,member,2026-04-01 00:00:00+00,2026-04-01,completed
2467,97,member,2026-04-01 00:00:00+00,2026-04-01,completed
2468,97,member,2026-04-01 00:00:00+00,2026-04-01,completed
2469,98,member,2026-04-01 00:00:00+00,2026-04-01,completed
2470,100,member,2026-04-01 00:00:00+00,2026-04-01,completed
2471,100,member,2026-04-01 00:00:00+00,2026-04-01,completed
2472,101,member,2026-04-01 00:00:00+00,2026-04-01,completed
2473,102,member,2026-04-01 00:00:00+00,2026-04-01,completed
2474,104,member,2026-04-01 00:00:00+00,2026-04-01,completed
2475,104,member,2026-04-01 00:00:00+00,2026-04-01,completed
2476,106,member,2026-04-01 00:00:00+00,2026-04-01,completed
2477,106,member,2026-04-01 00:00:00+00,2026-04-01,completed
2478,106,member,2026-04-01 00:00:00+00,2026-04-01,completed
2479,107,member,2026-04-01 00:00:00+00,2026-04-01,completed
2480,108,member,2026-04-01 00:00:00+00,2026-04-01,completed
2481,109,member,2026-04-01 00:00:00+00,2026-04-01,completed
2482,109,member,2026-04-01 00:00:00+00,2026-04-01,completed
2483,109,member,2026-04-01 00:00:00+00,2026-04-01,completed
2484,110,member,2026-04-01 00:00:00+00,2026-04-01,completed
2485,111,member,2026-04-01 00:00:00+00,2026-04-01,completed
2486,111,member,2026-04-01 00:00:00+00,2026-04-01,completed
2487,113,member,2026-04-01 00:00:00+00,2026-04-01,completed
2488,113,member,2026-04-01 00:00:00+00,2026-04-01,completed
2489,114,member,2026-04-01 00:00:00+00,2026-04-01,completed
2490,116,member,2026-04-01 00:00:00+00,2026-04-01,completed
2491,117,member,2026-04-01 00:00:00+00,2026-04-01,completed
2492,117,member,2026-04-01 00:00:00+00,2026-04-01,completed
2493,117,member,2026-04-01 00:00:00+00,2026-04-01,completed
2494,117,member,2026-04-01 00:00:00+00,2026-04-01,completed
2495,118,member,2026-04-01 00:00:00+00,2026-04-01,completed
2496,119,member,2026-04-01 00:00:00+00,2026-04-01,completed
2497,119,member,2026-04-01 00:00:00+00,2026-04-01,completed
2498,119,member,2026-04-01 00:00:00+00,2026-04-01,completed
2499,119,member,2026-04-01 00:00:00+00,2026-04-01,completed
2500,120,member,2026-04-01 00:00:00+00,2026-04-01,completed
2501,120,member,2026-04-01 00:00:00+00,2026-04-01,completed
2502,120,member,2026-04-01 00:00:00+00,2026-04-01,completed
2503,121,member,2026-04-01 00:00:00+00,2026-04-01,completed
2504,122,member,2026-04-01 00:00:00+00,2026-04-01,completed
2505,123,member,2026-04-01 00:00:00+00,2026-04-01,completed
2506,123,member,2026-04-01 00:00:00+00,2026-04-01,completed
2507,123,member,2026-04-01 00:00:00+00,2026-04-01,completed
2508,124,member,2026-04-01 00:00:00+00,2026-04-01,completed
2509,125,member,2026-04-01 00:00:00+00,2026-04-01,completed
2510,125,member,2026-04-01 00:00:00+00,2026-04-01,completed
2511,126,member,2026-04-01 00:00:00+00,2026-04-01,completed
2512,127,member,2026-04-01 00:00:00+00,2026-04-01,completed
2513,129,member,2026-04-01 00:00:00+00,2026-04-01,completed
2514,129,member,2026-04-01 00:00:00+00,2026-04-01,completed
2515,132,member,2026-04-01 00:00:00+00,2026-04-01,completed
2516,132,member,2026-04-01 00:00:00+00,2026-04-01,completed
2517,133,member,2026-04-01 00:00:00+00,2026-04-01,completed
2518,134,member,2026-04-01 00:00:00+00,2026-04-01,completed
2519,135,member,2026-04-01 00:00:00+00,2026-04-01,completed
2520,136,member,2026-04-01 00:00:00+00,2026-04-01,completed
2521,136,member,2026-04-01 00:00:00+00,2026-04-01,completed
2522,137,member,2026-04-01 00:00:00+00,2026-04-01,completed
2523,138,member,2026-04-01 00:00:00+00,2026-04-01,completed
2524,138,member,2026-04-01 00:00:00+00,2026-04-01,completed
2525,139,member,2026-04-01 00:00:00+00,2026-04-01,completed
2526,140,member,2026-04-01 00:00:00+00,2026-04-01,completed
2527,142,member,2026-04-01 00:00:00+00,2026-04-01,completed
2528,143,member,2026-04-01 00:00:00+00,2026-04-01,completed
2529,144,member,2026-04-01 00:00:00+00,2026-04-01,completed
2530,144,member,2026-04-01 00:00:00+00,2026-04-01,completed
2531,145,member,2026-04-01 00:00:00+00,2026-04-01,completed
2532,146,member,2026-04-01 00:00:00+00,2026-04-01,completed
2533,146,member,2026-04-01 00:00:00+00,2026-04-01,completed
2534,146,member,2026-04-01 00:00:00+00,2026-04-01,completed
2535,146,member,2026-04-01 00:00:00+00,2026-04-01,completed
2536,146,member,2026-04-01 00:00:00+00,2026-04-01,completed
2537,147,member,2026-04-01 00:00:00+00,2026-04-01,completed
2538,147,member,2026-04-01 00:00:00+00,2026-04-01,completed
2539,148,member,2026-04-01 00:00:00+00,2026-04-01,completed
2540,148,member,2026-04-01 00:00:00+00,2026-04-01,completed
2541,148,member,2026-04-01 00:00:00+00,2026-04-01,completed
2542,148,member,2026-04-01 00:00:00+00,2026-04-01,completed
2543,148,member,2026-04-01 00:00:00+00,2026-04-01,completed
2544,149,member,2026-04-01 00:00:00+00,2026-04-01,completed
2545,149,member,2026-04-01 00:00:00+00,2026-04-01,completed
2546,150,member,2026-04-01 00:00:00+00,2026-04-01,completed
2547,150,member,2026-04-01 00:00:00+00,2026-04-01,completed
2548,150,member,2026-04-01 00:00:00+00,2026-04-01,completed
2549,150,member,2026-04-01 00:00:00+00,2026-04-01,completed
2550,151,member,2026-04-01 00:00:00+00,2026-04-01,completed
2551,151,member,2026-04-01 00:00:00+00,2026-04-01,completed
2552,151,member,2026-04-01 00:00:00+00,2026-04-01,completed
2553,151,member,2026-04-01 00:00:00+00,2026-04-01,completed
2554,153,member,2026-04-01 00:00:00+00,2026-04-01,completed
2555,154,member,2026-04-01 00:00:00+00,2026-04-01,completed
2556,154,member,2026-04-01 00:00:00+00,2026-04-01,completed
2557,154,member,2026-04-01 00:00:00+00,2026-04-01,completed
2558,156,member,2026-04-01 00:00:00+00,2026-04-01,completed
2559,156,member,2026-04-01 00:00:00+00,2026-04-01,completed
2560,156,member,2026-04-01 00:00:00+00,2026-04-01,completed
2561,157,member,2026-04-01 00:00:00+00,2026-04-01,completed
2562,158,member,2026-04-01 00:00:00+00,2026-04-01,completed
2563,158,member,2026-04-01 00:00:00+00,2026-04-01,completed
2564,159,member,2026-04-01 00:00:00+00,2026-04-01,completed
2565,160,member,2026-04-01 00:00:00+00,2026-04-01,completed
2566,161,member,2026-04-01 00:00:00+00,2026-04-01,completed
2567,161,member,2026-04-01 00:00:00+00,2026-04-01,completed
2568,162,member,2026-04-01 00:00:00+00,2026-04-01,completed
2569,162,member,2026-04-01 00:00:00+00,2026-04-01,completed
2570,163,member,2026-04-01 00:00:00+00,2026-04-01,completed
2571,164,member,2026-04-01 00:00:00+00,2026-04-01,completed
2572,165,member,2026-04-01 00:00:00+00,2026-04-01,completed
2573,166,member,2026-04-01 00:00:00+00,2026-04-01,completed
2574,167,member,2026-04-01 00:00:00+00,2026-04-01,completed
2575,168,member,2026-04-01 00:00:00+00,2026-04-01,completed
2576,170,member,2026-04-01 00:00:00+00,2026-04-01,completed
2577,171,member,2026-04-01 00:00:00+00,2026-04-01,completed
2578,171,member,2026-04-01 00:00:00+00,2026-04-01,completed
2579,172,member,2026-04-01 00:00:00+00,2026-04-01,completed
2580,172,member,2026-04-01 00:00:00+00,2026-04-01,completed
2581,172,member,2026-04-01 00:00:00+00,2026-04-01,completed
2582,172,member,2026-04-01 00:00:00+00,2026-04-01,completed
2583,172,member,2026-04-01 00:00:00+00,2026-04-01,completed
2584,173,member,2026-04-01 00:00:00+00,2026-04-01,completed
2585,173,member,2026-04-01 00:00:00+00,2026-04-01,completed
2586,174,member,2026-04-01 00:00:00+00,2026-04-01,completed
2587,174,member,2026-04-01 00:00:00+00,2026-04-01,completed
2588,174,member,2026-04-01 00:00:00+00,2026-04-01,completed
2589,174,member,2026-04-01 00:00:00+00,2026-04-01,completed
2590,175,member,2026-04-01 00:00:00+00,2026-04-01,completed
2591,176,member,2026-04-01 00:00:00+00,2026-04-01,completed
2592,176,member,2026-04-01 00:00:00+00,2026-04-01,completed
2593,176,member,2026-04-01 00:00:00+00,2026-04-01,completed
2594,179,member,2026-04-01 00:00:00+00,2026-04-01,completed
2595,179,member,2026-04-01 00:00:00+00,2026-04-01,completed
2596,179,member,2026-04-01 00:00:00+00,2026-04-01,completed
2597,180,member,2026-04-01 00:00:00+00,2026-04-01,completed
2598,180,member,2026-04-01 00:00:00+00,2026-04-01,completed
2599,180,member,2026-04-01 00:00:00+00,2026-04-01,completed
2600,180,member,2026-04-01 00:00:00+00,2026-04-01,completed
2601,180,member,2026-04-01 00:00:00+00,2026-04-01,completed
2602,180,member,2026-04-01 00:00:00+00,2026-04-01,completed
2603,180,member,2026-04-01 00:00:00+00,2026-04-01,completed
2604,181,member,2026-04-01 00:00:00+00,2026-04-01,completed
2605,182,member,2026-04-01 00:00:00+00,2026-04-01,completed
2606,182,member,2026-04-01 00:00:00+00,2026-04-01,completed
2607,182,member,2026-04-01 00:00:00+00,2026-04-01,completed
2608,182,member,2026-04-01 00:00:00+00,2026-04-01,completed
2609,182,member,2026-04-01 00:00:00+00,2026-04-01,completed
2610,183,member,2026-04-01 00:00:00+00,2026-04-01,completed
2611,183,member,2026-04-01 00:00:00+00,2026-04-01,completed
2612,183,member,2026-04-01 00:00:00+00,2026-04-01,completed
2613,184,member,2026-04-01 00:00:00+00,2026-04-01,completed
2614,185,member,2026-04-01 00:00:00+00,2026-04-01,completed
2615,185,member,2026-04-01 00:00:00+00,2026-04-01,completed
2616,186,member,2026-04-01 00:00:00+00,2026-04-01,completed
2617,187,member,2026-04-01 00:00:00+00,2026-04-01,completed
2618,187,member,2026-04-01 00:00:00+00,2026-04-01,completed
2619,188,member,2026-04-01 00:00:00+00,2026-04-01,completed
2620,188,member,2026-04-01 00:00:00+00,2026-04-01,completed
2621,189,member,2026-04-01 00:00:00+00,2026-04-01,completed
2622,189,member,2026-04-01 00:00:00+00,2026-04-01,completed
2623,189,member,2026-04-01 00:00:00+00,2026-04-01,completed
2624,189,member,2026-04-01 00:00:00+00,2026-04-01,completed
2625,189,member,2026-04-01 00:00:00+00,2026-04-01,completed
2626,189,member,2026-04-01 00:00:00+00,2026-04-01,completed
2627,189,member,2026-04-01 00:00:00+00,2026-04-01,completed
2628,189,member,2026-04-01 00:00:00+00,2026-04-01,completed
2629,189,member,2026-04-01 00:00:00+00,2026-04-01,completed
2630,189,member,2026-04-01 00:00:00+00,2026-04-01,completed
2631,189,member,2026-04-01 00:00:00+00,2026-04-01,completed
2632,189,member,2026-04-01 00:00:00+00,2026-04-01,completed
2633,192,member,2026-04-01 00:00:00+00,2026-04-01,completed
2634,193,member,2026-04-01 00:00:00+00,2026-04-01,completed
2635,194,member,2026-04-01 00:00:00+00,2026-04-01,completed
2636,195,member,2026-04-01 00:00:00+00,2026-04-01,completed
2637,195,member,2026-04-01 00:00:00+00,2026-04-01,completed
2638,195,member,2026-04-01 00:00:00+00,2026-04-01,completed
2639,196,member,2026-04-01 00:00:00+00,2026-04-01,completed
2640,197,member,2026-04-01 00:00:00+00,2026-04-01,completed
2641,197,member,2026-04-01 00:00:00+00,2026-04-01,completed
2642,198,member,2026-04-01 00:00:00+00,2026-04-01,completed
2643,198,member,2026-04-01 00:00:00+00,2026-04-01,completed
2644,198,member,2026-04-01 00:00:00+00,2026-04-01,completed
2645,198,member,2026-04-01 00:00:00+00,2026-04-01,completed
2646,198,member,2026-04-01 00:00:00+00,2026-04-01,completed
2647,199,member,2026-04-01 00:00:00+00,2026-04-01,completed
2648,200,member,2026-04-01 00:00:00+00,2026-04-01,completed
2649,201,member,2026-04-01 00:00:00+00,2026-04-01,completed
2650,202,member,2026-04-01 00:00:00+00,2026-04-01,completed
2651,202,member,2026-04-01 00:00:00+00,2026-04-01,completed
2652,202,member,2026-04-01 00:00:00+00,2026-04-01,completed
2653,202,member,2026-04-01 00:00:00+00,2026-04-01,completed
2654,202,member,2026-04-01 00:00:00+00,2026-04-01,completed
2655,202,member,2026-04-01 00:00:00+00,2026-04-01,completed
2656,202,member,2026-04-01 00:00:00+00,2026-04-01,completed
2657,202,member,2026-04-01 00:00:00+00,2026-04-01,completed
2658,202,member,2026-04-01 00:00:00+00,2026-04-01,completed
2659,204,member,2026-04-01 00:00:00+00,2026-04-01,completed
2660,206,member,2026-04-01 00:00:00+00,2026-04-01,completed
2661,207,member,2026-04-01 00:00:00+00,2026-04-01,completed
2662,208,member,2026-04-01 00:00:00+00,2026-04-01,completed
2663,209,member,2026-04-01 00:00:00+00,2026-04-01,completed
2664,210,member,2026-04-01 00:00:00+00,2026-04-01,completed
2665,210,member,2026-04-01 00:00:00+00,2026-04-01,completed
2666,211,member,2026-04-01 00:00:00+00,2026-04-01,completed
2667,212,member,2026-04-01 00:00:00+00,2026-04-01,completed
2668,212,member,2026-04-01 00:00:00+00,2026-04-01,completed
2669,212,member,2026-04-01 00:00:00+00,2026-04-01,completed
2670,212,member,2026-04-01 00:00:00+00,2026-04-01,completed
2671,213,member,2026-04-01 00:00:00+00,2026-04-01,completed
2672,215,member,2026-04-01 00:00:00+00,2026-04-01,completed
2673,216,member,2026-04-01 00:00:00+00,2026-04-01,completed
2674,217,member,2026-04-01 00:00:00+00,2026-04-01,completed
2675,217,member,2026-04-01 00:00:00+00,2026-04-01,completed
2676,217,member,2026-04-01 00:00:00+00,2026-04-01,completed
2677,217,member,2026-04-01 00:00:00+00,2026-04-01,completed
2678,217,member,2026-04-01 00:00:00+00,2026-04-01,completed
2679,217,member,2026-04-01 00:00:00+00,2026-04-01,completed
2680,217,member,2026-04-01 00:00:00+00,2026-04-01,completed
2681,217,member,2026-04-01 00:00:00+00,2026-04-01,completed
2682,217,member,2026-04-01 00:00:00+00,2026-04-01,completed
2683,217,member,2026-04-01 00:00:00+00,2026-04-01,completed
2684,218,member,2026-04-01 00:00:00+00,2026-04-01,completed
2685,218,member,2026-04-01 00:00:00+00,2026-04-01,completed
2686,219,member,2026-04-01 00:00:00+00,2026-04-01,completed
2687,219,member,2026-04-01 00:00:00+00,2026-04-01,completed
2688,220,member,2026-04-01 00:00:00+00,2026-04-01,completed
2689,220,member,2026-04-01 00:00:00+00,2026-04-01,completed
2690,221,member,2026-04-01 00:00:00+00,2026-04-01,completed
2691,221,member,2026-04-01 00:00:00+00,2026-04-01,completed
2692,221,member,2026-04-01 00:00:00+00,2026-04-01,completed
2693,222,member,2026-04-01 00:00:00+00,2026-04-01,completed
2694,223,member,2026-04-01 00:00:00+00,2026-04-01,completed
2695,223,member,2026-04-01 00:00:00+00,2026-04-01,completed
2696,223,member,2026-04-01 00:00:00+00,2026-04-01,completed
2697,223,member,2026-04-01 00:00:00+00,2026-04-01,completed
2698,224,member,2026-04-01 00:00:00+00,2026-04-01,completed
2699,224,member,2026-04-01 00:00:00+00,2026-04-01,completed
2700,225,member,2026-04-01 00:00:00+00,2026-04-01,completed
2701,225,member,2026-04-01 00:00:00+00,2026-04-01,completed
2702,226,member,2026-04-01 00:00:00+00,2026-04-01,completed
2703,226,member,2026-04-01 00:00:00+00,2026-04-01,completed
2704,226,member,2026-04-01 00:00:00+00,2026-04-01,completed
2705,227,member,2026-04-01 00:00:00+00,2026-04-01,completed
2706,227,member,2026-04-01 00:00:00+00,2026-04-01,completed
2707,228,member,2026-04-01 00:00:00+00,2026-04-01,completed
2708,228,member,2026-04-01 00:00:00+00,2026-04-01,completed
2709,229,member,2026-04-01 00:00:00+00,2026-04-01,completed
2710,230,member,2026-04-01 00:00:00+00,2026-04-01,completed
2711,231,member,2026-04-01 00:00:00+00,2026-04-01,completed
2712,231,member,2026-04-01 00:00:00+00,2026-04-01,completed
2713,232,member,2026-04-01 00:00:00+00,2026-04-01,completed
2714,232,member,2026-04-01 00:00:00+00,2026-04-01,completed
2715,232,member,2026-04-01 00:00:00+00,2026-04-01,completed
2716,232,member,2026-04-01 00:00:00+00,2026-04-01,completed
2717,233,member,2026-04-01 00:00:00+00,2026-04-01,completed
2718,234,member,2026-04-01 00:00:00+00,2026-04-01,completed
2719,235,member,2026-04-01 00:00:00+00,2026-04-01,completed
2720,236,member,2026-04-01 00:00:00+00,2026-04-01,completed
2721,236,member,2026-04-01 00:00:00+00,2026-04-01,completed
2722,236,member,2026-04-01 00:00:00+00,2026-04-01,completed
2723,238,member,2026-04-01 00:00:00+00,2026-04-01,completed
2724,238,member,2026-04-01 00:00:00+00,2026-04-01,completed
2725,238,member,2026-04-01 00:00:00+00,2026-04-01,completed
2726,240,member,2026-04-01 00:00:00+00,2026-04-01,completed
2727,241,member,2026-04-01 00:00:00+00,2026-04-01,completed
2728,241,member,2026-04-01 00:00:00+00,2026-04-01,completed
2729,242,member,2026-04-01 00:00:00+00,2026-04-01,completed
2730,242,member,2026-04-01 00:00:00+00,2026-04-01,completed
2731,243,member,2026-04-01 00:00:00+00,2026-04-01,completed
2732,244,member,2026-04-01 00:00:00+00,2026-04-01,completed
2733,245,member,2026-04-01 00:00:00+00,2026-04-01,completed
2734,245,member,2026-04-01 00:00:00+00,2026-04-01,completed
2735,246,member,2026-04-01 00:00:00+00,2026-04-01,completed
2736,246,member,2026-04-01 00:00:00+00,2026-04-01,completed
2737,248,member,2026-04-01 00:00:00+00,2026-04-01,completed
2738,249,member,2026-04-01 00:00:00+00,2026-04-01,completed
2739,250,member,2026-04-01 00:00:00+00,2026-04-01,completed
2740,251,member,2026-04-01 00:00:00+00,2026-04-01,completed
2741,251,member,2026-04-01 00:00:00+00,2026-04-01,completed
2742,252,member,2026-04-01 00:00:00+00,2026-04-01,completed
2743,253,member,2026-04-01 00:00:00+00,2026-04-01,completed
2744,253,member,2026-04-01 00:00:00+00,2026-04-01,completed
2745,254,member,2026-04-01 00:00:00+00,2026-04-01,completed
2746,255,member,2026-04-01 00:00:00+00,2026-04-01,completed
2747,256,member,2026-04-01 00:00:00+00,2026-04-01,completed
2748,257,member,2026-04-01 00:00:00+00,2026-04-01,completed
2749,257,member,2026-04-01 00:00:00+00,2026-04-01,completed
2750,258,member,2026-04-01 00:00:00+00,2026-04-01,completed
2751,258,member,2026-04-01 00:00:00+00,2026-04-01,completed
2752,259,member,2026-04-01 00:00:00+00,2026-04-01,completed
2753,259,member,2026-04-01 00:00:00+00,2026-04-01,completed
2754,260,member,2026-04-01 00:00:00+00,2026-04-01,completed
2755,261,member,2026-04-01 00:00:00+00,2026-04-01,completed
2756,262,member,2026-04-01 00:00:00+00,2026-04-01,completed
2757,262,member,2026-04-01 00:00:00+00,2026-04-01,completed
2758,263,member,2026-04-01 00:00:00+00,2026-04-01,completed
2759,266,member,2026-04-01 00:00:00+00,2026-04-01,completed
2760,267,member,2026-04-01 00:00:00+00,2026-04-01,completed
2761,267,member,2026-04-01 00:00:00+00,2026-04-01,completed
2762,268,member,2026-04-01 00:00:00+00,2026-04-01,completed
2763,269,member,2026-04-01 00:00:00+00,2026-04-01,completed
2764,270,member,2026-04-01 00:00:00+00,2026-04-01,completed
2765,271,member,2026-04-01 00:00:00+00,2026-04-01,completed
2766,271,member,2026-04-01 00:00:00+00,2026-04-01,completed
2767,271,member,2026-04-01 00:00:00+00,2026-04-01,completed
2768,271,member,2026-04-01 00:00:00+00,2026-04-01,completed
2769,272,member,2026-04-01 00:00:00+00,2026-04-01,completed
2770,273,member,2026-04-01 00:00:00+00,2026-04-01,completed
2771,273,member,2026-04-01 00:00:00+00,2026-04-01,completed
2772,273,member,2026-04-01 00:00:00+00,2026-04-01,completed
2773,275,member,2026-04-01 00:00:00+00,2026-04-01,completed
2774,277,member,2026-04-01 00:00:00+00,2026-04-01,completed
2775,278,member,2026-04-01 00:00:00+00,2026-04-01,completed
2776,278,member,2026-04-01 00:00:00+00,2026-04-01,completed
2777,280,member,2026-04-01 00:00:00+00,2026-04-01,completed
2778,281,member,2026-04-01 00:00:00+00,2026-04-01,completed
2779,282,member,2026-04-01 00:00:00+00,2026-04-01,completed
2780,282,member,2026-04-01 00:00:00+00,2026-04-01,completed
2781,282,member,2026-04-01 00:00:00+00,2026-04-01,completed
2782,283,member,2026-04-01 00:00:00+00,2026-04-01,completed
2783,283,member,2026-04-01 00:00:00+00,2026-04-01,completed
2784,284,member,2026-04-01 00:00:00+00,2026-04-01,completed
2785,284,member,2026-04-01 00:00:00+00,2026-04-01,completed
2786,285,member,2026-04-01 00:00:00+00,2026-04-01,completed
2787,286,member,2026-04-01 00:00:00+00,2026-04-01,completed
2788,286,member,2026-04-01 00:00:00+00,2026-04-01,completed
2789,287,member,2026-04-01 00:00:00+00,2026-04-01,completed
2790,288,member,2026-04-01 00:00:00+00,2026-04-01,completed
2791,289,member,2026-04-01 00:00:00+00,2026-04-01,completed
2792,291,member,2026-04-01 00:00:00+00,2026-04-01,completed
2793,292,member,2026-04-01 00:00:00+00,2026-04-01,completed
2794,292,member,2026-04-01 00:00:00+00,2026-04-01,completed
2795,294,member,2026-04-01 00:00:00+00,2026-04-01,completed
2796,295,member,2026-04-01 00:00:00+00,2026-04-01,completed
2797,295,member,2026-04-01 00:00:00+00,2026-04-01,completed
2798,296,member,2026-04-01 00:00:00+00,2026-04-01,completed
2799,297,member,2026-04-01 00:00:00+00,2026-04-01,completed
2800,298,member,2026-04-01 00:00:00+00,2026-04-01,completed
2801,298,member,2026-04-01 00:00:00+00,2026-04-01,completed
2802,298,member,2026-04-01 00:00:00+00,2026-04-01,completed
2803,299,member,2026-04-01 00:00:00+00,2026-04-01,completed
2804,300,member,2026-04-01 00:00:00+00,2026-04-01,completed
2805,300,member,2026-04-01 00:00:00+00,2026-04-01,completed
2806,301,member,2026-04-01 00:00:00+00,2026-04-01,completed
2807,302,member,2026-04-01 00:00:00+00,2026-04-01,completed
2808,303,member,2026-04-01 00:00:00+00,2026-04-01,completed
2809,304,member,2026-04-01 00:00:00+00,2026-04-01,completed
2810,304,member,2026-04-01 00:00:00+00,2026-04-01,completed
2811,304,member,2026-04-01 00:00:00+00,2026-04-01,completed
2812,305,member,2026-04-01 00:00:00+00,2026-04-01,completed
2813,306,member,2026-04-01 00:00:00+00,2026-04-01,completed
2814,307,member,2026-04-01 00:00:00+00,2026-04-01,completed
2815,307,member,2026-04-01 00:00:00+00,2026-04-01,completed
2816,307,member,2026-04-01 00:00:00+00,2026-04-01,completed
2817,307,member,2026-04-01 00:00:00+00,2026-04-01,completed
2818,307,member,2026-04-01 00:00:00+00,2026-04-01,completed
2819,308,member,2026-04-01 00:00:00+00,2026-04-01,completed
2820,308,member,2026-04-01 00:00:00+00,2026-04-01,completed
2821,309,member,2026-04-01 00:00:00+00,2026-04-01,completed
2822,310,member,2026-04-01 00:00:00+00,2026-04-01,completed
2823,310,member,2026-04-01 00:00:00+00,2026-04-01,completed
2824,310,member,2026-04-01 00:00:00+00,2026-04-01,completed
2825,311,member,2026-04-01 00:00:00+00,2026-04-01,completed
2826,313,member,2026-04-01 00:00:00+00,2026-04-01,completed
2827,314,member,2026-04-01 00:00:00+00,2026-04-01,completed
2828,314,member,2026-04-01 00:00:00+00,2026-04-01,completed
2829,316,member,2026-04-01 00:00:00+00,2026-04-01,completed
2830,317,member,2026-04-01 00:00:00+00,2026-04-01,completed
2831,317,member,2026-04-01 00:00:00+00,2026-04-01,completed
2832,318,member,2026-04-01 00:00:00+00,2026-04-01,completed
2833,319,member,2026-04-01 00:00:00+00,2026-04-01,completed
2834,319,member,2026-04-01 00:00:00+00,2026-04-01,completed
2835,319,member,2026-04-01 00:00:00+00,2026-04-01,completed
2836,319,member,2026-04-01 00:00:00+00,2026-04-01,completed
2837,319,member,2026-04-01 00:00:00+00,2026-04-01,completed
2838,319,member,2026-04-01 00:00:00+00,2026-04-01,completed
2839,319,member,2026-04-01 00:00:00+00,2026-04-01,completed
2840,319,member,2026-04-01 00:00:00+00,2026-04-01,completed
2841,319,member,2026-04-01 00:00:00+00,2026-04-01,completed
2842,321,member,2026-04-01 00:00:00+00,2026-04-01,completed
2843,322,member,2026-04-01 00:00:00+00,2026-04-01,completed
2844,322,member,2026-04-01 00:00:00+00,2026-04-01,completed
2845,322,member,2026-04-01 00:00:00+00,2026-04-01,completed
2846,322,member,2026-04-01 00:00:00+00,2026-04-01,completed
2847,322,member,2026-04-01 00:00:00+00,2026-04-01,completed
2848,323,member,2026-04-01 00:00:00+00,2026-04-01,completed
2849,323,member,2026-04-01 00:00:00+00,2026-04-01,completed
2850,323,member,2026-04-01 00:00:00+00,2026-04-01,completed
2851,324,member,2026-04-01 00:00:00+00,2026-04-01,completed
2852,325,member,2026-04-01 00:00:00+00,2026-04-01,completed
2853,326,member,2026-04-01 00:00:00+00,2026-04-01,completed
2854,326,member,2026-04-01 00:00:00+00,2026-04-01,completed
2855,327,member,2026-04-01 00:00:00+00,2026-04-01,completed
2856,328,member,2026-04-01 00:00:00+00,2026-04-01,completed
2857,330,member,2026-04-01 00:00:00+00,2026-04-01,completed
2858,332,member,2026-04-01 00:00:00+00,2026-04-01,completed
2859,333,member,2026-04-01 00:00:00+00,2026-04-01,completed
2860,333,member,2026-04-01 00:00:00+00,2026-04-01,completed
2861,334,member,2026-04-01 00:00:00+00,2026-04-01,completed
2862,334,member,2026-04-01 00:00:00+00,2026-04-01,completed
2863,335,member,2026-04-01 00:00:00+00,2026-04-01,completed
2864,335,member,2026-04-01 00:00:00+00,2026-04-01,completed
2865,335,member,2026-04-01 00:00:00+00,2026-04-01,completed
2866,335,member,2026-04-01 00:00:00+00,2026-04-01,completed
2867,335,member,2026-04-01 00:00:00+00,2026-04-01,completed
2868,336,member,2026-04-01 00:00:00+00,2026-04-01,completed
2869,336,member,2026-04-01 00:00:00+00,2026-04-01,completed
2870,337,member,2026-04-01 00:00:00+00,2026-04-01,completed
2871,338,member,2026-04-01 00:00:00+00,2026-04-01,completed
2872,338,member,2026-04-01 00:00:00+00,2026-04-01,completed
2873,338,member,2026-04-01 00:00:00+00,2026-04-01,completed
2874,339,member,2026-04-01 00:00:00+00,2026-04-01,completed
2875,339,member,2026-04-01 00:00:00+00,2026-04-01,completed
2876,340,member,2026-04-01 00:00:00+00,2026-04-01,completed
2877,341,member,2026-04-01 00:00:00+00,2026-04-01,completed
2878,342,member,2026-04-01 00:00:00+00,2026-04-01,completed
2879,343,member,2026-04-01 00:00:00+00,2026-04-01,completed
2880,344,member,2026-04-01 00:00:00+00,2026-04-01,completed
2881,346,member,2026-04-01 00:00:00+00,2026-04-01,completed
2882,347,member,2026-04-01 00:00:00+00,2026-04-01,completed
2883,347,member,2026-04-01 00:00:00+00,2026-04-01,completed
2884,347,member,2026-04-01 00:00:00+00,2026-04-01,completed
2885,347,member,2026-04-01 00:00:00+00,2026-04-01,completed
2886,347,member,2026-04-01 00:00:00+00,2026-04-01,completed
2887,349,member,2026-04-01 00:00:00+00,2026-04-01,completed
2888,350,member,2026-04-01 00:00:00+00,2026-04-01,completed
2889,351,member,2026-04-01 00:00:00+00,2026-04-01,completed
2890,351,member,2026-04-01 00:00:00+00,2026-04-01,completed
2891,351,member,2026-04-01 00:00:00+00,2026-04-01,completed
2892,352,member,2026-04-01 00:00:00+00,2026-04-01,completed
2893,352,member,2026-04-01 00:00:00+00,2026-04-01,completed
2894,352,member,2026-04-01 00:00:00+00,2026-04-01,completed
2895,352,member,2026-04-01 00:00:00+00,2026-04-01,completed
2896,352,member,2026-04-01 00:00:00+00,2026-04-01,completed
2897,352,member,2026-04-01 00:00:00+00,2026-04-01,completed
2898,352,member,2026-04-01 00:00:00+00,2026-04-01,completed
2899,352,member,2026-04-01 00:00:00+00,2026-04-01,completed
2900,352,member,2026-04-01 00:00:00+00,2026-04-01,completed
2901,352,member,2026-04-01 00:00:00+00,2026-04-01,completed
2902,352,member,2026-04-01 00:00:00+00,2026-04-01,completed
2903,352,member,2026-04-01 00:00:00+00,2026-04-01,completed
2904,353,member,2026-04-01 00:00:00+00,2026-04-01,completed
2905,353,member,2026-04-01 00:00:00+00,2026-04-01,completed
2906,355,member,2026-04-01 00:00:00+00,2026-04-01,completed
2907,356,member,2026-04-01 00:00:00+00,2026-04-01,completed
2908,357,member,2026-04-01 00:00:00+00,2026-04-01,completed
2909,358,member,2026-04-01 00:00:00+00,2026-04-01,completed
2910,359,member,2026-04-01 00:00:00+00,2026-04-01,completed
2911,359,member,2026-04-01 00:00:00+00,2026-04-01,completed
2912,359,member,2026-04-01 00:00:00+00,2026-04-01,completed
2913,359,member,2026-04-01 00:00:00+00,2026-04-01,completed
2914,359,member,2026-04-01 00:00:00+00,2026-04-01,completed
2915,359,member,2026-04-01 00:00:00+00,2026-04-01,completed
2916,359,member,2026-04-01 00:00:00+00,2026-04-01,completed
2917,359,member,2026-04-01 00:00:00+00,2026-04-01,completed
2918,359,member,2026-04-01 00:00:00+00,2026-04-01,completed
2919,360,member,2026-04-01 00:00:00+00,2026-04-01,completed
2920,360,member,2026-04-01 00:00:00+00,2026-04-01,completed
2921,361,member,2026-04-01 00:00:00+00,2026-04-01,completed
2922,361,member,2026-04-01 00:00:00+00,2026-04-01,completed
2923,362,member,2026-04-01 00:00:00+00,2026-04-01,completed
2924,362,member,2026-04-01 00:00:00+00,2026-04-01,completed
2925,363,member,2026-04-01 00:00:00+00,2026-04-01,completed
2926,363,member,2026-04-01 00:00:00+00,2026-04-01,completed
2927,363,member,2026-04-01 00:00:00+00,2026-04-01,completed
2928,363,member,2026-04-01 00:00:00+00,2026-04-01,completed
2929,363,member,2026-04-01 00:00:00+00,2026-04-01,completed
2930,364,member,2026-04-01 00:00:00+00,2026-04-01,completed
2931,364,member,2026-04-01 00:00:00+00,2026-04-01,completed
2932,364,member,2026-04-01 00:00:00+00,2026-04-01,completed
2933,365,member,2026-04-01 00:00:00+00,2026-04-01,completed
2934,365,member,2026-04-01 00:00:00+00,2026-04-01,completed
2935,366,member,2026-04-01 00:00:00+00,2026-04-01,completed
2936,367,member,2026-04-01 00:00:00+00,2026-04-01,completed
2937,368,member,2026-04-01 00:00:00+00,2026-04-01,completed
2938,368,member,2026-04-01 00:00:00+00,2026-04-01,completed
2939,368,member,2026-04-01 00:00:00+00,2026-04-01,completed
2940,368,member,2026-04-01 00:00:00+00,2026-04-01,completed
2941,369,member,2026-04-01 00:00:00+00,2026-04-01,completed
2942,369,member,2026-04-01 00:00:00+00,2026-04-01,completed
2943,370,member,2026-04-01 00:00:00+00,2026-04-01,completed
2944,371,member,2026-04-01 00:00:00+00,2026-04-01,completed
2945,372,member,2026-04-01 00:00:00+00,2026-04-01,completed
2946,372,member,2026-04-01 00:00:00+00,2026-04-01,completed
2947,373,member,2026-04-01 00:00:00+00,2026-04-01,completed
2948,374,member,2026-04-01 00:00:00+00,2026-04-01,completed
2949,375,member,2026-04-01 00:00:00+00,2026-04-01,completed
2950,375,member,2026-04-01 00:00:00+00,2026-04-01,completed
2951,377,member,2026-04-01 00:00:00+00,2026-04-01,completed
2952,378,member,2026-04-01 00:00:00+00,2026-04-01,completed
2953,379,member,2026-04-01 00:00:00+00,2026-04-01,completed
2954,379,member,2026-04-01 00:00:00+00,2026-04-01,completed
2955,380,member,2026-04-01 00:00:00+00,2026-04-01,completed
2956,380,member,2026-04-01 00:00:00+00,2026-04-01,completed
2957,382,member,2026-04-01 00:00:00+00,2026-04-01,completed
2958,383,member,2026-04-01 00:00:00+00,2026-04-01,completed
2959,384,member,2026-04-01 00:00:00+00,2026-04-01,completed
2960,384,member,2026-04-01 00:00:00+00,2026-04-01,completed
2961,384,member,2026-04-01 00:00:00+00,2026-04-01,completed
2962,385,member,2026-04-01 00:00:00+00,2026-04-01,completed
2963,385,member,2026-04-01 00:00:00+00,2026-04-01,completed
2964,386,member,2026-04-01 00:00:00+00,2026-04-01,completed
2965,386,member,2026-04-01 00:00:00+00,2026-04-01,completed
2966,387,member,2026-04-01 00:00:00+00,2026-04-01,completed
2967,388,member,2026-04-01 00:00:00+00,2026-04-01,completed
2968,388,member,2026-04-01 00:00:00+00,2026-04-01,completed
2969,389,member,2026-04-01 00:00:00+00,2026-04-01,completed
2970,390,member,2026-04-01 00:00:00+00,2026-04-01,completed
2971,390,member,2026-04-01 00:00:00+00,2026-04-01,completed
2972,390,member,2026-04-01 00:00:00+00,2026-04-01,completed
2973,391,member,2026-04-01 00:00:00+00,2026-04-01,completed
2974,392,member,2026-04-01 00:00:00+00,2026-04-01,completed
2975,392,member,2026-04-01 00:00:00+00,2026-04-01,completed
2976,393,member,2026-04-01 00:00:00+00,2026-04-01,completed
2977,393,member,2026-04-01 00:00:00+00,2026-04-01,completed
2978,394,member,2026-04-01 00:00:00+00,2026-04-01,completed
2979,394,member,2026-04-01 00:00:00+00,2026-04-01,completed
2980,395,member,2026-04-01 00:00:00+00,2026-04-01,completed
2981,396,member,2026-04-01 00:00:00+00,2026-04-01,completed
2982,396,member,2026-04-01 00:00:00+00,2026-04-01,completed
2983,397,member,2026-04-01 00:00:00+00,2026-04-01,completed
2984,398,member,2026-04-01 00:00:00+00,2026-04-01,completed
2985,398,member,2026-04-01 00:00:00+00,2026-04-01,completed
2986,398,member,2026-04-01 00:00:00+00,2026-04-01,completed
2987,398,member,2026-04-01 00:00:00+00,2026-04-01,completed
2988,398,member,2026-04-01 00:00:00+00,2026-04-01,completed
2989,398,member,2026-04-01 00:00:00+00,2026-04-01,completed
2990,398,member,2026-04-01 00:00:00+00,2026-04-01,completed
2991,398,member,2026-04-01 00:00:00+00,2026-04-01,completed
2992,398,member,2026-04-01 00:00:00+00,2026-04-01,completed
2993,398,member,2026-04-01 00:00:00+00,2026-04-01,completed
2994,398,member,2026-04-01 00:00:00+00,2026-04-01,completed
2995,399,member,2026-04-01 00:00:00+00,2026-04-01,completed
2996,400,member,2026-04-01 00:00:00+00,2026-04-01,completed
2997,401,member,2026-04-01 00:00:00+00,2026-04-01,completed
2998,402,member,2026-04-01 00:00:00+00,2026-04-01,completed
2999,403,member,2026-04-01 00:00:00+00,2026-04-01,completed
3000,404,member,2026-04-01 00:00:00+00,2026-04-01,completed
3001,405,member,2026-04-01 00:00:00+00,2026-04-01,completed
3002,405,member,2026-04-01 00:00:00+00,2026-04-01,completed
3003,405,member,2026-04-01 00:00:00+00,2026-04-01,completed
3004,405,member,2026-04-01 00:00:00+00,2026-04-01,completed
3005,406,member,2026-04-01 00:00:00+00,2026-04-01,completed
3006,407,member,2026-04-01 00:00:00+00,2026-04-01,completed
3007,409,member,2026-04-01 00:00:00+00,2026-04-01,completed
3008,409,member,2026-04-01 00:00:00+00,2026-04-01,completed
3009,410,member,2026-04-01 00:00:00+00,2026-04-01,completed
3010,411,member,2026-04-01 00:00:00+00,2026-04-01,completed
3011,412,member,2026-04-01 00:00:00+00,2026-04-01,completed
3012,412,member,2026-04-01 00:00:00+00,2026-04-01,completed
3013,413,member,2026-04-01 00:00:00+00,2026-04-01,completed
3014,414,member,2026-04-01 00:00:00+00,2026-04-01,completed
3015,415,member,2026-04-01 00:00:00+00,2026-04-01,completed
3016,415,member,2026-04-01 00:00:00+00,2026-04-01,completed
3017,416,member,2026-04-01 00:00:00+00,2026-04-01,completed
3018,416,member,2026-04-01 00:00:00+00,2026-04-01,completed
3019,417,member,2026-04-01 00:00:00+00,2026-04-01,completed
3020,418,member,2026-04-01 00:00:00+00,2026-04-01,completed
3021,419,member,2026-04-01 00:00:00+00,2026-04-01,completed
3022,419,member,2026-04-01 00:00:00+00,2026-04-01,completed
3023,420,member,2026-04-01 00:00:00+00,2026-04-01,completed
3024,420,member,2026-04-01 00:00:00+00,2026-04-01,completed
3025,420,member,2026-04-01 00:00:00+00,2026-04-01,completed
3026,421,member,2026-04-01 00:00:00+00,2026-04-01,completed
3027,422,member,2026-04-01 00:00:00+00,2026-04-01,completed
3028,423,member,2026-04-01 00:00:00+00,2026-04-01,completed
3029,424,member,2026-04-01 00:00:00+00,2026-04-01,completed
3030,425,member,2026-04-01 00:00:00+00,2026-04-01,completed
3031,425,member,2026-04-01 00:00:00+00,2026-04-01,completed
3032,426,member,2026-04-01 00:00:00+00,2026-04-01,completed
3033,427,member,2026-04-01 00:00:00+00,2026-04-01,completed
3034,427,member,2026-04-01 00:00:00+00,2026-04-01,completed
3035,428,member,2026-04-01 00:00:00+00,2026-04-01,completed
3036,429,member,2026-04-01 00:00:00+00,2026-04-01,completed
3037,429,member,2026-04-01 00:00:00+00,2026-04-01,completed
3038,429,member,2026-04-01 00:00:00+00,2026-04-01,completed
3039,430,member,2026-04-01 00:00:00+00,2026-04-01,completed
3040,432,member,2026-04-01 00:00:00+00,2026-04-01,completed
3041,433,member,2026-04-01 00:00:00+00,2026-04-01,completed
3042,433,member,2026-04-01 00:00:00+00,2026-04-01,completed
3043,433,member,2026-04-01 00:00:00+00,2026-04-01,completed
3044,434,member,2026-04-01 00:00:00+00,2026-04-01,completed
3045,435,member,2026-04-01 00:00:00+00,2026-04-01,completed
3046,435,member,2026-04-01 00:00:00+00,2026-04-01,completed
3047,435,member,2026-04-01 00:00:00+00,2026-04-01,completed
3048,435,member,2026-04-01 00:00:00+00,2026-04-01,completed
3049,435,member,2026-04-01 00:00:00+00,2026-04-01,completed
3050,435,member,2026-04-01 00:00:00+00,2026-04-01,completed
3051,435,member,2026-04-01 00:00:00+00,2026-04-01,completed
3052,435,member,2026-04-01 00:00:00+00,2026-04-01,completed
3053,435,member,2026-04-01 00:00:00+00,2026-04-01,completed
3054,435,member,2026-04-01 00:00:00+00,2026-04-01,completed
3055,435,member,2026-04-01 00:00:00+00,2026-04-01,completed
3056,435,member,2026-04-01 00:00:00+00,2026-04-01,completed
3057,436,member,2026-04-01 00:00:00+00,2026-04-01,completed
3058,437,member,2026-04-01 00:00:00+00,2026-04-01,completed
3059,437,member,2026-04-01 00:00:00+00,2026-04-01,completed
3060,438,member,2026-04-01 00:00:00+00,2026-04-01,completed
3061,440,member,2026-04-01 00:00:00+00,2026-04-01,completed
3062,440,member,2026-04-01 00:00:00+00,2026-04-01,completed
3063,441,member,2026-04-01 00:00:00+00,2026-04-01,completed
3064,441,member,2026-04-01 00:00:00+00,2026-04-01,completed
3065,442,member,2026-04-01 00:00:00+00,2026-04-01,completed
3066,442,member,2026-04-01 00:00:00+00,2026-04-01,completed
3067,443,member,2026-04-01 00:00:00+00,2026-04-01,completed
3068,445,member,2026-04-01 00:00:00+00,2026-04-01,completed
3069,446,member,2026-04-01 00:00:00+00,2026-04-01,completed
3070,446,member,2026-04-01 00:00:00+00,2026-04-01,completed
3071,446,member,2026-04-01 00:00:00+00,2026-04-01,completed
3072,446,member,2026-04-01 00:00:00+00,2026-04-01,completed
3073,447,member,2026-04-01 00:00:00+00,2026-04-01,completed
3074,447,member,2026-04-01 00:00:00+00,2026-04-01,completed
3075,447,member,2026-04-01 00:00:00+00,2026-04-01,completed
3076,448,member,2026-04-01 00:00:00+00,2026-04-01,completed
3077,448,member,2026-04-01 00:00:00+00,2026-04-01,completed
3078,449,member,2026-04-01 00:00:00+00,2026-04-01,completed
3079,450,member,2026-04-01 00:00:00+00,2026-04-01,completed
3080,451,member,2026-04-01 00:00:00+00,2026-04-01,completed
3081,452,member,2026-04-01 00:00:00+00,2026-04-01,completed
3082,452,member,2026-04-01 00:00:00+00,2026-04-01,completed
3083,453,member,2026-04-01 00:00:00+00,2026-04-01,completed
3084,453,member,2026-04-01 00:00:00+00,2026-04-01,completed
3085,454,member,2026-04-01 00:00:00+00,2026-04-01,completed
3086,454,member,2026-04-01 00:00:00+00,2026-04-01,completed
3087,455,member,2026-04-01 00:00:00+00,2026-04-01,completed
3088,456,member,2026-04-01 00:00:00+00,2026-04-01,completed
3089,456,member,2026-04-01 00:00:00+00,2026-04-01,completed
3090,457,member,2026-04-01 00:00:00+00,2026-04-01,completed
3091,458,member,2026-04-01 00:00:00+00,2026-04-01,completed
3092,459,member,2026-04-01 00:00:00+00,2026-04-01,completed
3093,460,member,2026-04-01 00:00:00+00,2026-04-01,completed
3094,461,member,2026-04-01 00:00:00+00,2026-04-01,completed
3095,462,member,2026-04-01 00:00:00+00,2026-04-01,completed
3096,462,member,2026-04-01 00:00:00+00,2026-04-01,completed
3097,462,member,2026-04-01 00:00:00+00,2026-04-01,completed
3098,463,member,2026-04-01 00:00:00+00,2026-04-01,completed
3099,464,member,2026-04-01 00:00:00+00,2026-04-01,completed
3100,464,member,2026-04-01 00:00:00+00,2026-04-01,completed
3101,464,member,2026-04-01 00:00:00+00,2026-04-01,completed
3102,465,member,2026-04-01 00:00:00+00,2026-04-01,completed
3103,465,member,2026-04-01 00:00:00+00,2026-04-01,completed
3104,466,member,2026-04-01 00:00:00+00,2026-04-01,completed
3105,467,member,2026-04-01 00:00:00+00,2026-04-01,completed
3106,468,member,2026-04-01 00:00:00+00,2026-04-01,completed
3107,469,member,2026-04-01 00:00:00+00,2026-04-01,completed
3108,469,member,2026-04-01 00:00:00+00,2026-04-01,completed
3109,470,member,2026-04-01 00:00:00+00,2026-04-01,completed
3110,470,member,2026-04-01 00:00:00+00,2026-04-01,completed
3111,470,member,2026-04-01 00:00:00+00,2026-04-01,completed
3112,471,member,2026-04-01 00:00:00+00,2026-04-01,completed
3113,471,member,2026-04-01 00:00:00+00,2026-04-01,completed
3114,472,member,2026-04-01 00:00:00+00,2026-04-01,completed
3115,473,member,2026-04-01 00:00:00+00,2026-04-01,completed
3116,474,member,2026-04-01 00:00:00+00,2026-04-01,completed
3117,475,member,2026-04-01 00:00:00+00,2026-04-01,completed
3118,476,member,2026-04-01 00:00:00+00,2026-04-01,completed
3119,476,member,2026-04-01 00:00:00+00,2026-04-01,completed
3120,477,member,2026-04-01 00:00:00+00,2026-04-01,completed
3121,478,member,2026-04-01 00:00:00+00,2026-04-01,completed
3122,479,member,2026-04-01 00:00:00+00,2026-04-01,completed
3123,480,member,2026-04-01 00:00:00+00,2026-04-01,completed
3124,481,member,2026-04-01 00:00:00+00,2026-04-01,completed
3125,482,member,2026-04-01 00:00:00+00,2026-04-01,completed
3126,482,member,2026-04-01 00:00:00+00,2026-04-01,completed
3127,483,member,2026-04-01 00:00:00+00,2026-04-01,completed
3128,483,member,2026-04-01 00:00:00+00,2026-04-01,completed
3129,484,member,2026-04-01 00:00:00+00,2026-04-01,completed
3130,484,member,2026-04-01 00:00:00+00,2026-04-01,completed
3131,485,member,2026-04-01 00:00:00+00,2026-04-01,completed
3132,485,member,2026-04-01 00:00:00+00,2026-04-01,completed
3133,486,member,2026-04-01 00:00:00+00,2026-04-01,completed
3134,487,member,2026-04-01 00:00:00+00,2026-04-01,completed
3135,487,member,2026-04-01 00:00:00+00,2026-04-01,completed
3136,488,member,2026-04-01 00:00:00+00,2026-04-01,completed
3137,489,member,2026-04-01 00:00:00+00,2026-04-01,completed
3138,490,member,2026-04-01 00:00:00+00,2026-04-01,completed
3139,491,member,2026-04-01 00:00:00+00,2026-04-01,completed
3140,492,member,2026-04-01 00:00:00+00,2026-04-01,completed
3141,492,member,2026-04-01 00:00:00+00,2026-04-01,completed
3142,493,member,2026-04-01 00:00:00+00,2026-04-01,completed
3143,493,member,2026-04-01 00:00:00+00,2026-04-01,completed
3144,494,member,2026-04-01 00:00:00+00,2026-04-01,completed
3145,494,member,2026-04-01 00:00:00+00,2026-04-01,completed
3146,494,member,2026-04-01 00:00:00+00,2026-04-01,completed
3147,495,member,2026-04-01 00:00:00+00,2026-04-01,completed
3148,496,member,2026-04-01 00:00:00+00,2026-04-01,completed
3149,497,member,2026-04-01 00:00:00+00,2026-04-01,completed
3150,498,member,2026-04-01 00:00:00+00,2026-04-01,completed
3151,499,member,2026-04-01 00:00:00+00,2026-04-01,completed
3152,499,member,2026-04-01 00:00:00+00,2026-04-01,completed
3153,500,member,2026-04-01 00:00:00+00,2026-04-01,completed
3154,501,member,2026-04-01 00:00:00+00,2026-04-01,completed
3155,501,member,2026-04-01 00:00:00+00,2026-04-01,completed
3156,502,member,2026-04-01 00:00:00+00,2026-04-01,completed
3157,502,member,2026-04-01 00:00:00+00,2026-04-01,completed
3158,502,member,2026-04-01 00:00:00+00,2026-04-01,completed
3159,503,member,2026-04-01 00:00:00+00,2026-04-01,completed
3160,504,member,2026-04-01 00:00:00+00,2026-04-01,completed
3161,505,member,2026-04-01 00:00:00+00,2026-04-01,completed
3162,506,member,2026-04-01 00:00:00+00,2026-04-01,completed
3163,506,member,2026-04-01 00:00:00+00,2026-04-01,completed
3164,507,member,2026-04-01 00:00:00+00,2026-04-01,completed
3165,508,member,2026-04-01 00:00:00+00,2026-04-01,completed
3166,508,member,2026-04-01 00:00:00+00,2026-04-01,completed
3167,509,member,2026-04-01 00:00:00+00,2026-04-01,completed
3168,510,member,2026-04-01 00:00:00+00,2026-04-01,completed
3169,511,member,2026-04-01 00:00:00+00,2026-04-01,completed
3170,512,member,2026-04-01 00:00:00+00,2026-04-01,completed
3171,512,member,2026-04-01 00:00:00+00,2026-04-01,completed
3172,515,member,2026-04-01 00:00:00+00,2026-04-01,completed
3173,515,member,2026-04-01 00:00:00+00,2026-04-01,completed
3174,515,member,2026-04-01 00:00:00+00,2026-04-01,completed
3175,515,member,2026-04-01 00:00:00+00,2026-04-01,completed
3176,516,member,2026-04-01 00:00:00+00,2026-04-01,completed
3177,516,member,2026-04-01 00:00:00+00,2026-04-01,completed
3178,518,member,2026-04-01 00:00:00+00,2026-04-01,completed
3179,518,member,2026-04-01 00:00:00+00,2026-04-01,completed
3180,518,member,2026-04-01 00:00:00+00,2026-04-01,completed
3181,519,member,2026-04-01 00:00:00+00,2026-04-01,completed
3182,520,member,2026-04-01 00:00:00+00,2026-04-01,completed
3183,521,member,2026-04-01 00:00:00+00,2026-04-01,completed
3184,522,member,2026-04-01 00:00:00+00,2026-04-01,completed
3185,523,member,2026-04-01 00:00:00+00,2026-04-01,completed
3186,524,member,2026-04-01 00:00:00+00,2026-04-01,completed
3187,525,member,2026-04-01 00:00:00+00,2026-04-01,completed
3188,525,member,2026-04-01 00:00:00+00,2026-04-01,completed
3189,526,member,2026-04-01 00:00:00+00,2026-04-01,completed
3190,527,member,2026-04-01 00:00:00+00,2026-04-01,completed
3191,528,member,2026-04-01 00:00:00+00,2026-04-01,completed
3192,528,member,2026-04-01 00:00:00+00,2026-04-01,completed
3193,529,member,2026-04-01 00:00:00+00,2026-04-01,completed
3194,530,member,2026-04-01 00:00:00+00,2026-04-01,completed
3195,531,member,2026-04-01 00:00:00+00,2026-04-01,completed
3196,531,member,2026-04-01 00:00:00+00,2026-04-01,completed
3197,532,member,2026-04-01 00:00:00+00,2026-04-01,completed
3198,533,member,2026-04-01 00:00:00+00,2026-04-01,completed
3199,533,member,2026-04-01 00:00:00+00,2026-04-01,completed
3200,533,member,2026-04-01 00:00:00+00,2026-04-01,completed
3201,533,member,2026-04-01 00:00:00+00,2026-04-01,completed
3202,533,member,2026-04-01 00:00:00+00,2026-04-01,completed
3203,534,member,2026-04-01 00:00:00+00,2026-04-01,completed
3204,535,member,2026-04-01 00:00:00+00,2026-04-01,completed
3205,536,member,2026-04-01 00:00:00+00,2026-04-01,completed
3206,536,member,2026-04-01 00:00:00+00,2026-04-01,completed
3207,537,member,2026-04-01 00:00:00+00,2026-04-01,completed
3208,537,member,2026-04-01 00:00:00+00,2026-04-01,completed
3209,538,member,2026-04-01 00:00:00+00,2026-04-01,completed
3210,538,member,2026-04-01 00:00:00+00,2026-04-01,completed
3211,538,member,2026-04-01 00:00:00+00,2026-04-01,completed
3212,539,member,2026-04-01 00:00:00+00,2026-04-01,completed
3213,539,member,2026-04-01 00:00:00+00,2026-04-01,completed
3214,540,member,2026-04-01 00:00:00+00,2026-04-01,completed
3215,541,member,2026-04-01 00:00:00+00,2026-04-01,completed
3216,541,member,2026-04-01 00:00:00+00,2026-04-01,completed
3217,542,member,2026-04-01 00:00:00+00,2026-04-01,completed
3218,542,member,2026-04-01 00:00:00+00,2026-04-01,completed
3219,543,member,2026-04-01 00:00:00+00,2026-04-01,completed
3220,544,member,2026-04-01 00:00:00+00,2026-04-01,completed
3221,545,member,2026-04-01 00:00:00+00,2026-04-01,completed
3222,546,member,2026-04-01 00:00:00+00,2026-04-01,completed
3223,546,member,2026-04-01 00:00:00+00,2026-04-01,completed
3224,547,member,2026-04-01 00:00:00+00,2026-04-01,completed
3225,548,member,2026-04-01 00:00:00+00,2026-04-01,completed
3226,548,member,2026-04-01 00:00:00+00,2026-04-01,completed
3227,549,member,2026-04-01 00:00:00+00,2026-04-01,completed
3228,550,member,2026-04-01 00:00:00+00,2026-04-01,completed
3229,550,member,2026-04-01 00:00:00+00,2026-04-01,completed
3230,551,member,2026-04-01 00:00:00+00,2026-04-01,completed
3231,551,member,2026-04-01 00:00:00+00,2026-04-01,completed
3232,551,member,2026-04-01 00:00:00+00,2026-04-01,completed
3233,552,member,2026-04-01 00:00:00+00,2026-04-01,completed
3234,552,member,2026-04-01 00:00:00+00,2026-04-01,completed
3235,552,member,2026-04-01 00:00:00+00,2026-04-01,completed
3236,553,member,2026-04-01 00:00:00+00,2026-04-01,completed
3237,554,member,2026-04-01 00:00:00+00,2026-04-01,completed
3238,555,member,2026-04-01 00:00:00+00,2026-04-01,completed
3239,556,member,2026-04-01 00:00:00+00,2026-04-01,completed
3240,557,member,2026-04-01 00:00:00+00,2026-04-01,completed
3241,557,member,2026-04-01 00:00:00+00,2026-04-01,completed
3242,558,member,2026-04-01 00:00:00+00,2026-04-01,completed
3243,559,member,2026-04-01 00:00:00+00,2026-04-01,completed
3244,560,member,2026-04-01 00:00:00+00,2026-04-01,completed
3245,561,member,2026-04-01 00:00:00+00,2026-04-01,completed
3246,562,member,2026-04-01 00:00:00+00,2026-04-01,completed
3247,563,member,2026-04-01 00:00:00+00,2026-04-01,completed
3248,564,member,2026-04-01 00:00:00+00,2026-04-01,completed
3249,565,member,2026-04-01 00:00:00+00,2026-04-01,completed
3250,565,member,2026-04-01 00:00:00+00,2026-04-01,completed
3251,566,member,2026-04-01 00:00:00+00,2026-04-01,completed
3252,567,member,2026-04-01 00:00:00+00,2026-04-01,completed
3253,567,member,2026-04-01 00:00:00+00,2026-04-01,completed
3254,568,member,2026-04-01 00:00:00+00,2026-04-01,completed
3255,569,member,2026-04-01 00:00:00+00,2026-04-01,completed
3256,570,member,2026-04-01 00:00:00+00,2026-04-01,completed
3257,571,member,2026-04-01 00:00:00+00,2026-04-01,completed
3258,572,member,2026-04-01 00:00:00+00,2026-04-01,completed
3259,572,member,2026-04-01 00:00:00+00,2026-04-01,completed
3260,573,member,2026-04-01 00:00:00+00,2026-04-01,completed
3261,573,member,2026-04-01 00:00:00+00,2026-04-01,completed
3262,574,member,2026-04-01 00:00:00+00,2026-04-01,completed
3263,575,member,2026-04-01 00:00:00+00,2026-04-01,completed
3264,575,member,2026-04-01 00:00:00+00,2026-04-01,completed
3265,575,member,2026-04-01 00:00:00+00,2026-04-01,completed
3266,576,member,2026-04-01 00:00:00+00,2026-04-01,completed
3267,576,member,2026-04-01 00:00:00+00,2026-04-01,completed
3268,577,member,2026-04-01 00:00:00+00,2026-04-01,completed
3269,578,member,2026-04-01 00:00:00+00,2026-04-01,completed
3270,578,member,2026-04-01 00:00:00+00,2026-04-01,completed
3271,578,member,2026-04-01 00:00:00+00,2026-04-01,completed
3272,579,member,2026-04-01 00:00:00+00,2026-04-01,completed
3273,579,member,2026-04-01 00:00:00+00,2026-04-01,completed
3274,580,member,2026-04-01 00:00:00+00,2026-04-01,completed
3275,581,member,2026-04-01 00:00:00+00,2026-04-01,completed
3276,582,member,2026-04-01 00:00:00+00,2026-04-01,completed
3277,582,member,2026-04-01 00:00:00+00,2026-04-01,completed
3278,584,member,2026-04-01 00:00:00+00,2026-04-01,completed
3279,584,member,2026-04-01 00:00:00+00,2026-04-01,completed
3280,585,member,2026-04-01 00:00:00+00,2026-04-01,completed
3281,585,member,2026-04-01 00:00:00+00,2026-04-01,completed
3282,586,member,2026-04-01 00:00:00+00,2026-04-01,completed
3283,586,member,2026-04-01 00:00:00+00,2026-04-01,completed
3284,587,member,2026-04-01 00:00:00+00,2026-04-01,completed
3285,587,member,2026-04-01 00:00:00+00,2026-04-01,completed
3286,588,member,2026-04-01 00:00:00+00,2026-04-01,completed
3287,588,member,2026-04-01 00:00:00+00,2026-04-01,completed
3288,589,member,2026-04-01 00:00:00+00,2026-04-01,completed
3289,590,member,2026-04-01 00:00:00+00,2026-04-01,completed
3290,590,member,2026-04-01 00:00:00+00,2026-04-01,completed
3291,591,member,2026-04-01 00:00:00+00,2026-04-01,completed
3292,591,member,2026-04-01 00:00:00+00,2026-04-01,completed
3293,592,member,2026-04-01 00:00:00+00,2026-04-01,completed
3294,593,member,2026-04-01 00:00:00+00,2026-04-01,completed
3295,593,member,2026-04-01 00:00:00+00,2026-04-01,completed
3296,594,member,2026-04-01 00:00:00+00,2026-04-01,completed
3297,595,member,2026-04-01 00:00:00+00,2026-04-01,completed
3298,595,member,2026-04-01 00:00:00+00,2026-04-01,completed
3299,596,member,2026-04-01 00:00:00+00,2026-04-01,completed
3300,596,member,2026-04-01 00:00:00+00,2026-04-01,completed
3301,597,member,2026-04-01 00:00:00+00,2026-04-01,completed
3302,597,member,2026-04-01 00:00:00+00,2026-04-01,completed
3303,598,member,2026-04-01 00:00:00+00,2026-04-01,completed
3304,599,member,2026-04-01 00:00:00+00,2026-04-01,completed
3305,600,member,2026-04-01 00:00:00+00,2026-04-01,completed
3306,600,member,2026-04-01 00:00:00+00,2026-04-01,completed
3307,600,member,2026-04-01 00:00:00+00,2026-04-01,completed
3308,600,member,2026-04-01 00:00:00+00,2026-04-01,completed
3309,601,member,2026-04-01 00:00:00+00,2026-04-01,completed
3310,602,member,2026-04-01 00:00:00+00,2026-04-01,completed
3311,602,member,2026-04-01 00:00:00+00,2026-04-01,completed
3312,603,member,2026-04-01 00:00:00+00,2026-04-01,completed
3313,603,member,2026-04-01 00:00:00+00,2026-04-01,completed
3314,603,member,2026-04-01 00:00:00+00,2026-04-01,completed
3315,604,member,2026-04-01 00:00:00+00,2026-04-01,completed
3316,605,member,2026-04-01 00:00:00+00,2026-04-01,completed
3317,605,member,2026-04-01 00:00:00+00,2026-04-01,completed
3318,606,member,2026-04-01 00:00:00+00,2026-04-01,completed
3319,607,member,2026-04-01 00:00:00+00,2026-04-01,completed
3320,608,member,2026-04-01 00:00:00+00,2026-04-01,completed
3321,608,member,2026-04-01 00:00:00+00,2026-04-01,completed
3322,608,member,2026-04-01 00:00:00+00,2026-04-01,completed
3323,609,member,2026-04-01 00:00:00+00,2026-04-01,completed
3324,609,member,2026-04-01 00:00:00+00,2026-04-01,completed
3325,610,member,2026-04-01 00:00:00+00,2026-04-01,completed
3326,611,member,2026-04-01 00:00:00+00,2026-04-01,completed
3327,611,member,2026-04-01 00:00:00+00,2026-04-01,completed
3328,611,member,2026-04-01 00:00:00+00,2026-04-01,completed
3329,612,member,2026-04-01 00:00:00+00,2026-04-01,completed
3330,613,member,2026-04-01 00:00:00+00,2026-04-01,completed
3331,613,member,2026-04-01 00:00:00+00,2026-04-01,completed
3332,614,member,2026-04-01 00:00:00+00,2026-04-01,completed
3333,615,member,2026-04-01 00:00:00+00,2026-04-01,completed
3334,616,member,2026-04-01 00:00:00+00,2026-04-01,completed
3335,617,member,2026-04-01 00:00:00+00,2026-04-01,completed
3336,617,member,2026-04-01 00:00:00+00,2026-04-01,completed
3337,619,member,2026-04-01 00:00:00+00,2026-04-01,completed
3338,620,member,2026-04-01 00:00:00+00,2026-04-01,completed
3339,622,member,2026-04-01 00:00:00+00,2026-04-01,completed
3340,623,member,2026-04-01 00:00:00+00,2026-04-01,completed
3341,623,member,2026-04-01 00:00:00+00,2026-04-01,completed
3342,623,member,2026-04-01 00:00:00+00,2026-04-01,completed
3343,624,member,2026-04-01 00:00:00+00,2026-04-01,completed
3344,624,member,2026-04-01 00:00:00+00,2026-04-01,completed
3345,625,member,2026-04-01 00:00:00+00,2026-04-01,completed
3346,626,member,2026-04-01 00:00:00+00,2026-04-01,completed
3347,626,member,2026-04-01 00:00:00+00,2026-04-01,completed
3348,627,member,2026-04-01 00:00:00+00,2026-04-01,completed
3349,628,member,2026-04-01 00:00:00+00,2026-04-01,completed
3350,628,member,2026-04-01 00:00:00+00,2026-04-01,completed
3351,629,member,2026-04-01 00:00:00+00,2026-04-01,completed
3352,630,member,2026-04-01 00:00:00+00,2026-04-01,completed
3353,631,member,2026-04-01 00:00:00+00,2026-04-01,completed
3354,632,member,2026-04-01 00:00:00+00,2026-04-01,completed
3355,633,member,2026-04-01 00:00:00+00,2026-04-01,completed
3356,633,member,2026-04-01 00:00:00+00,2026-04-01,completed
3357,634,member,2026-04-01 00:00:00+00,2026-04-01,completed
3358,635,member,2026-04-01 00:00:00+00,2026-04-01,completed
3359,635,member,2026-04-01 00:00:00+00,2026-04-01,completed
3360,636,member,2026-04-01 00:00:00+00,2026-04-01,completed
3361,637,member,2026-04-01 00:00:00+00,2026-04-01,completed
3362,637,member,2026-04-01 00:00:00+00,2026-04-01,completed
3363,637,member,2026-04-01 00:00:00+00,2026-04-01,completed
3364,638,member,2026-04-01 00:00:00+00,2026-04-01,completed
3365,638,member,2026-04-01 00:00:00+00,2026-04-01,completed
3366,639,member,2026-04-01 00:00:00+00,2026-04-01,completed
3367,639,member,2026-04-01 00:00:00+00,2026-04-01,completed
3368,640,member,2026-04-01 00:00:00+00,2026-04-01,completed
3369,640,member,2026-04-01 00:00:00+00,2026-04-01,completed
3370,641,member,2026-04-01 00:00:00+00,2026-04-01,completed
3371,642,member,2026-04-01 00:00:00+00,2026-04-01,completed
3372,643,member,2026-04-01 00:00:00+00,2026-04-01,completed
3373,644,member,2026-04-01 00:00:00+00,2026-04-01,completed
3374,644,member,2026-04-01 00:00:00+00,2026-04-01,completed
3375,644,member,2026-04-01 00:00:00+00,2026-04-01,completed
3376,644,member,2026-04-01 00:00:00+00,2026-04-01,completed
3377,644,member,2026-04-01 00:00:00+00,2026-04-01,completed
3378,645,member,2026-04-01 00:00:00+00,2026-04-01,completed
3379,646,member,2026-04-01 00:00:00+00,2026-04-01,completed
3380,647,member,2026-04-01 00:00:00+00,2026-04-01,completed
3381,648,member,2026-04-01 00:00:00+00,2026-04-01,completed
3382,648,member,2026-04-01 00:00:00+00,2026-04-01,completed
3383,650,member,2026-04-01 00:00:00+00,2026-04-01,completed
3384,651,member,2026-04-01 00:00:00+00,2026-04-01,completed
3385,652,member,2026-04-01 00:00:00+00,2026-04-01,completed
3386,652,member,2026-04-01 00:00:00+00,2026-04-01,completed
3387,653,member,2026-04-01 00:00:00+00,2026-04-01,completed
3388,654,member,2026-04-01 00:00:00+00,2026-04-01,completed
3389,655,member,2026-04-01 00:00:00+00,2026-04-01,completed
3390,656,member,2026-04-01 00:00:00+00,2026-04-01,completed
3391,656,member,2026-04-01 00:00:00+00,2026-04-01,completed
3392,657,member,2026-04-01 00:00:00+00,2026-04-01,completed
3393,657,member,2026-04-01 00:00:00+00,2026-04-01,completed
3394,658,member,2026-04-01 00:00:00+00,2026-04-01,completed
3395,658,member,2026-04-01 00:00:00+00,2026-04-01,completed
3396,659,member,2026-04-01 00:00:00+00,2026-04-01,completed
3397,660,member,2026-04-01 00:00:00+00,2026-04-01,completed
3398,660,member,2026-04-01 00:00:00+00,2026-04-01,completed
3399,661,member,2026-04-01 00:00:00+00,2026-04-01,completed
3400,661,member,2026-04-01 00:00:00+00,2026-04-01,completed
3401,661,member,2026-04-01 00:00:00+00,2026-04-01,completed
3402,661,member,2026-04-01 00:00:00+00,2026-04-01,completed
3403,662,member,2026-04-01 00:00:00+00,2026-04-01,completed
3404,663,member,2026-04-01 00:00:00+00,2026-04-01,completed
3405,664,member,2026-04-01 00:00:00+00,2026-04-01,completed
3406,664,member,2026-04-01 00:00:00+00,2026-04-01,completed
3407,665,member,2026-04-01 00:00:00+00,2026-04-01,completed
3408,665,member,2026-04-01 00:00:00+00,2026-04-01,completed
3409,666,member,2026-04-01 00:00:00+00,2026-04-01,completed
3410,667,member,2026-04-01 00:00:00+00,2026-04-01,completed
3411,668,member,2026-04-01 00:00:00+00,2026-04-01,completed
3412,668,member,2026-04-01 00:00:00+00,2026-04-01,completed
3413,669,member,2026-04-01 00:00:00+00,2026-04-01,completed
3414,670,member,2026-04-01 00:00:00+00,2026-04-01,completed
3415,671,member,2026-04-01 00:00:00+00,2026-04-01,completed
3416,671,member,2026-04-01 00:00:00+00,2026-04-01,completed
3417,672,member,2026-04-01 00:00:00+00,2026-04-01,completed
3418,673,member,2026-04-01 00:00:00+00,2026-04-01,completed
3419,673,member,2026-04-01 00:00:00+00,2026-04-01,completed
3420,674,member,2026-04-01 00:00:00+00,2026-04-01,completed
3421,675,member,2026-04-01 00:00:00+00,2026-04-01,completed
3422,676,member,2026-04-01 00:00:00+00,2026-04-01,completed
3423,677,member,2026-04-01 00:00:00+00,2026-04-01,completed
3424,677,member,2026-04-01 00:00:00+00,2026-04-01,completed
3425,678,member,2026-04-01 00:00:00+00,2026-04-01,completed
3426,678,member,2026-04-01 00:00:00+00,2026-04-01,completed
3427,679,member,2026-04-01 00:00:00+00,2026-04-01,completed
3428,680,member,2026-04-01 00:00:00+00,2026-04-01,completed
3429,680,member,2026-04-01 00:00:00+00,2026-04-01,completed
3430,681,member,2026-04-01 00:00:00+00,2026-04-01,completed
3431,681,member,2026-04-01 00:00:00+00,2026-04-01,completed
3432,682,member,2026-04-01 00:00:00+00,2026-04-01,completed
3433,682,member,2026-04-01 00:00:00+00,2026-04-01,completed
3434,683,member,2026-04-01 00:00:00+00,2026-04-01,completed
3435,684,member,2026-04-01 00:00:00+00,2026-04-01,completed
3436,685,member,2026-04-01 00:00:00+00,2026-04-01,completed
3437,686,member,2026-04-01 00:00:00+00,2026-04-01,completed
3438,686,member,2026-04-01 00:00:00+00,2026-04-01,completed
3439,687,member,2026-04-01 00:00:00+00,2026-04-01,completed
3440,687,member,2026-04-01 00:00:00+00,2026-04-01,completed
3441,688,member,2026-04-01 00:00:00+00,2026-04-01,completed
3442,688,member,2026-04-01 00:00:00+00,2026-04-01,completed
3443,688,member,2026-04-01 00:00:00+00,2026-04-01,completed
3444,688,member,2026-04-01 00:00:00+00,2026-04-01,completed
3445,689,member,2026-04-01 00:00:00+00,2026-04-01,completed
3446,690,member,2026-04-01 00:00:00+00,2026-04-01,completed
3447,691,member,2026-04-01 00:00:00+00,2026-04-01,completed
3448,692,member,2026-04-01 00:00:00+00,2026-04-01,completed
3449,693,member,2026-04-01 00:00:00+00,2026-04-01,completed
3450,693,member,2026-04-01 00:00:00+00,2026-04-01,completed
3451,694,member,2026-04-01 00:00:00+00,2026-04-01,completed
3452,695,member,2026-04-01 00:00:00+00,2026-04-01,completed
3453,696,member,2026-04-01 00:00:00+00,2026-04-01,completed
3454,696,member,2026-04-01 00:00:00+00,2026-04-01,completed
3455,696,member,2026-04-01 00:00:00+00,2026-04-01,completed
3456,697,member,2026-04-01 00:00:00+00,2026-04-01,completed
3457,698,member,2026-04-01 00:00:00+00,2026-04-01,completed
3458,698,member,2026-04-01 00:00:00+00,2026-04-01,completed
3459,698,member,2026-04-01 00:00:00+00,2026-04-01,completed
3460,699,member,2026-04-01 00:00:00+00,2026-04-01,completed
3461,699,member,2026-04-01 00:00:00+00,2026-04-01,completed
3462,700,member,2026-04-01 00:00:00+00,2026-04-01,completed
3463,700,member,2026-04-01 00:00:00+00,2026-04-01,completed
3464,701,member,2026-04-01 00:00:00+00,2026-04-01,completed
3465,702,member,2026-04-01 00:00:00+00,2026-04-01,completed
3466,703,member,2026-04-01 00:00:00+00,2026-04-01,completed
3467,703,member,2026-04-01 00:00:00+00,2026-04-01,completed
3468,703,member,2026-04-01 00:00:00+00,2026-04-01,completed
3469,704,member,2026-04-01 00:00:00+00,2026-04-01,completed
3470,705,member,2026-04-01 00:00:00+00,2026-04-01,completed
3471,705,member,2026-04-01 00:00:00+00,2026-04-01,completed
3472,706,member,2026-04-01 00:00:00+00,2026-04-01,completed
3473,706,member,2026-04-01 00:00:00+00,2026-04-01,completed
3474,707,member,2026-04-01 00:00:00+00,2026-04-01,completed
3475,708,member,2026-04-01 00:00:00+00,2026-04-01,completed
3476,709,member,2026-04-01 00:00:00+00,2026-04-01,completed
3477,709,member,2026-04-01 00:00:00+00,2026-04-01,completed
3478,710,member,2026-04-01 00:00:00+00,2026-04-01,completed
3479,711,member,2026-04-01 00:00:00+00,2026-04-01,completed
3480,712,member,2026-04-01 00:00:00+00,2026-04-01,completed
3481,713,member,2026-04-01 00:00:00+00,2026-04-01,completed
3482,714,member,2026-04-01 00:00:00+00,2026-04-01,completed
3483,715,member,2026-04-01 00:00:00+00,2026-04-01,completed
3484,716,member,2026-04-01 00:00:00+00,2026-04-01,completed
3485,717,member,2026-04-01 00:00:00+00,2026-04-01,completed
3486,718,member,2026-04-01 00:00:00+00,2026-04-01,completed
3487,719,member,2026-04-01 00:00:00+00,2026-04-01,completed
3488,720,member,2026-04-01 00:00:00+00,2026-04-01,completed
3489,721,member,2026-04-01 00:00:00+00,2026-04-01,completed
3490,721,member,2026-04-01 00:00:00+00,2026-04-01,completed
3491,722,member,2026-04-01 00:00:00+00,2026-04-01,completed
3492,723,member,2026-04-01 00:00:00+00,2026-04-01,completed
3493,724,member,2026-04-01 00:00:00+00,2026-04-01,completed
3494,725,member,2026-04-01 00:00:00+00,2026-04-01,completed
3495,726,member,2026-04-01 00:00:00+00,2026-04-01,completed
3496,727,member,2026-04-01 00:00:00+00,2026-04-01,completed
3497,728,member,2026-04-01 00:00:00+00,2026-04-01,completed
3498,729,member,2026-04-01 00:00:00+00,2026-04-01,completed
3499,730,member,2026-04-01 00:00:00+00,2026-04-01,completed
3500,731,member,2026-04-01 00:00:00+00,2026-04-01,completed
3501,732,member,2026-04-01 00:00:00+00,2026-04-01,completed
3502,733,member,2026-04-01 00:00:00+00,2026-04-01,completed
3503,734,member,2026-04-01 00:00:00+00,2026-04-01,completed
3504,734,member,2026-04-01 00:00:00+00,2026-04-01,completed
3505,735,member,2026-04-01 00:00:00+00,2026-04-01,completed
3506,736,member,2026-04-01 00:00:00+00,2026-04-01,completed
3507,737,member,2026-04-01 00:00:00+00,2026-04-01,completed
3508,738,member,2026-04-01 00:00:00+00,2026-04-01,completed
3509,738,member,2026-04-01 00:00:00+00,2026-04-01,completed
3510,739,member,2026-04-01 00:00:00+00,2026-04-01,completed
3511,740,member,2026-04-01 00:00:00+00,2026-04-01,completed
3512,741,member,2026-04-01 00:00:00+00,2026-04-01,completed
3513,741,member,2026-04-01 00:00:00+00,2026-04-01,completed
3514,742,member,2026-04-01 00:00:00+00,2026-04-01,completed
3515,743,member,2026-04-01 00:00:00+00,2026-04-01,completed
3516,744,member,2026-04-01 00:00:00+00,2026-04-01,completed
3517,745,member,2026-04-01 00:00:00+00,2026-04-01,completed
3518,745,member,2026-04-01 00:00:00+00,2026-04-01,completed
3519,746,member,2026-04-01 00:00:00+00,2026-04-01,completed
3520,747,member,2026-04-01 00:00:00+00,2026-04-01,completed
3521,748,member,2026-04-01 00:00:00+00,2026-04-01,completed
3522,749,member,2026-04-01 00:00:00+00,2026-04-01,completed
3523,750,member,2026-04-01 00:00:00+00,2026-04-01,completed
3524,750,member,2026-04-01 00:00:00+00,2026-04-01,completed
3525,751,member,2026-04-01 00:00:00+00,2026-04-01,completed
3526,752,member,2026-04-01 00:00:00+00,2026-04-01,completed
3527,753,member,2026-04-01 00:00:00+00,2026-04-01,completed
3528,754,member,2026-04-01 00:00:00+00,2026-04-01,completed
3529,754,member,2026-04-01 00:00:00+00,2026-04-01,completed
3530,755,member,2026-04-01 00:00:00+00,2026-04-01,completed
3531,755,member,2026-04-01 00:00:00+00,2026-04-01,completed
3532,756,member,2026-04-01 00:00:00+00,2026-04-01,completed
3533,757,member,2026-04-01 00:00:00+00,2026-04-01,completed
3534,1,member,2026-05-01 00:00:00+00,2026-05-01,completed
3535,1,member,2026-05-01 00:00:00+00,2026-05-01,completed
3536,2,member,2026-05-01 00:00:00+00,2026-05-01,completed
3537,2,member,2026-05-01 00:00:00+00,2026-05-01,completed
3538,2,member,2026-05-01 00:00:00+00,2026-05-01,completed
3539,2,member,2026-05-01 00:00:00+00,2026-05-01,completed
3540,2,member,2026-05-01 00:00:00+00,2026-05-01,completed
3541,3,member,2026-05-01 00:00:00+00,2026-05-01,completed
3542,3,member,2026-05-01 00:00:00+00,2026-05-01,completed
3543,3,member,2026-05-01 00:00:00+00,2026-05-01,completed
3544,3,member,2026-05-01 00:00:00+00,2026-05-01,completed
3545,4,member,2026-05-01 00:00:00+00,2026-05-01,completed
3546,4,member,2026-05-01 00:00:00+00,2026-05-01,completed
3547,5,member,2026-05-01 00:00:00+00,2026-05-01,completed
3548,6,member,2026-05-01 00:00:00+00,2026-05-01,completed
3549,7,member,2026-05-01 00:00:00+00,2026-05-01,completed
3550,7,member,2026-05-01 00:00:00+00,2026-05-01,completed
3551,7,member,2026-05-01 00:00:00+00,2026-05-01,completed
3552,7,member,2026-05-01 00:00:00+00,2026-05-01,completed
3553,7,member,2026-05-01 00:00:00+00,2026-05-01,completed
3554,9,member,2026-05-01 00:00:00+00,2026-05-01,completed
3555,10,member,2026-05-01 00:00:00+00,2026-05-01,completed
3556,11,member,2026-05-01 00:00:00+00,2026-05-01,completed
3557,11,member,2026-05-01 00:00:00+00,2026-05-01,completed
3558,11,member,2026-05-01 00:00:00+00,2026-05-01,completed
3559,11,member,2026-05-01 00:00:00+00,2026-05-01,completed
3560,12,member,2026-05-01 00:00:00+00,2026-05-01,completed
3561,12,member,2026-05-01 00:00:00+00,2026-05-01,completed
3562,12,member,2026-05-01 00:00:00+00,2026-05-01,completed
3563,12,member,2026-05-01 00:00:00+00,2026-05-01,completed
3564,12,member,2026-05-01 00:00:00+00,2026-05-01,completed
3565,12,member,2026-05-01 00:00:00+00,2026-05-01,completed
3566,12,member,2026-05-01 00:00:00+00,2026-05-01,completed
3567,12,member,2026-05-01 00:00:00+00,2026-05-01,completed
3568,12,member,2026-05-01 00:00:00+00,2026-05-01,completed
3569,12,member,2026-05-01 00:00:00+00,2026-05-01,completed
3570,12,member,2026-05-01 00:00:00+00,2026-05-01,completed
3571,13,member,2026-05-01 00:00:00+00,2026-05-01,completed
3572,14,member,2026-05-01 00:00:00+00,2026-05-01,completed
3573,14,member,2026-05-01 00:00:00+00,2026-05-01,completed
3574,14,member,2026-05-01 00:00:00+00,2026-05-01,completed
3575,15,member,2026-05-01 00:00:00+00,2026-05-01,completed
3576,15,member,2026-05-01 00:00:00+00,2026-05-01,completed
3577,15,member,2026-05-01 00:00:00+00,2026-05-01,completed
3578,16,member,2026-05-01 00:00:00+00,2026-05-01,completed
3579,17,member,2026-05-01 00:00:00+00,2026-05-01,completed
3580,17,member,2026-05-01 00:00:00+00,2026-05-01,completed
3581,17,member,2026-05-01 00:00:00+00,2026-05-01,completed
3582,18,member,2026-05-01 00:00:00+00,2026-05-01,completed
3583,18,member,2026-05-01 00:00:00+00,2026-05-01,completed
3584,18,member,2026-05-01 00:00:00+00,2026-05-01,completed
3585,19,member,2026-05-01 00:00:00+00,2026-05-01,completed
3586,19,member,2026-05-01 00:00:00+00,2026-05-01,completed
3587,19,member,2026-05-01 00:00:00+00,2026-05-01,completed
3588,19,member,2026-05-01 00:00:00+00,2026-05-01,completed
3589,19,member,2026-05-01 00:00:00+00,2026-05-01,completed
3590,20,member,2026-05-01 00:00:00+00,2026-05-01,completed
3591,21,member,2026-05-01 00:00:00+00,2026-05-01,completed
3592,22,member,2026-05-01 00:00:00+00,2026-05-01,completed
3593,22,member,2026-05-01 00:00:00+00,2026-05-01,completed
3594,22,member,2026-05-01 00:00:00+00,2026-05-01,completed
3595,23,member,2026-05-01 00:00:00+00,2026-05-01,completed
3596,24,member,2026-05-01 00:00:00+00,2026-05-01,completed
3597,24,member,2026-05-01 00:00:00+00,2026-05-01,completed
3598,24,member,2026-05-01 00:00:00+00,2026-05-01,completed
3599,24,member,2026-05-01 00:00:00+00,2026-05-01,completed
3600,24,member,2026-05-01 00:00:00+00,2026-05-01,completed
3601,25,member,2026-05-01 00:00:00+00,2026-05-01,completed
3602,25,member,2026-05-01 00:00:00+00,2026-05-01,completed
3603,25,member,2026-05-01 00:00:00+00,2026-05-01,completed
3604,25,member,2026-05-01 00:00:00+00,2026-05-01,completed
3605,25,member,2026-05-01 00:00:00+00,2026-05-01,completed
3606,26,member,2026-05-01 00:00:00+00,2026-05-01,completed
3607,27,member,2026-05-01 00:00:00+00,2026-05-01,completed
3608,28,member,2026-05-01 00:00:00+00,2026-05-01,completed
3609,29,member,2026-05-01 00:00:00+00,2026-05-01,completed
3610,30,member,2026-05-01 00:00:00+00,2026-05-01,completed
3611,30,member,2026-05-01 00:00:00+00,2026-05-01,completed
3612,30,member,2026-05-01 00:00:00+00,2026-05-01,completed
3613,32,member,2026-05-01 00:00:00+00,2026-05-01,completed
3614,32,member,2026-05-01 00:00:00+00,2026-05-01,completed
3615,32,member,2026-05-01 00:00:00+00,2026-05-01,completed
3616,32,member,2026-05-01 00:00:00+00,2026-05-01,completed
3617,33,member,2026-05-01 00:00:00+00,2026-05-01,completed
3618,33,member,2026-05-01 00:00:00+00,2026-05-01,completed
3619,33,member,2026-05-01 00:00:00+00,2026-05-01,completed
3620,33,member,2026-05-01 00:00:00+00,2026-05-01,completed
3621,34,member,2026-05-01 00:00:00+00,2026-05-01,completed
3622,35,member,2026-05-01 00:00:00+00,2026-05-01,completed
3623,35,member,2026-05-01 00:00:00+00,2026-05-01,completed
3624,37,member,2026-05-01 00:00:00+00,2026-05-01,completed
3625,38,member,2026-05-01 00:00:00+00,2026-05-01,completed
3626,38,member,2026-05-01 00:00:00+00,2026-05-01,completed
3627,39,member,2026-05-01 00:00:00+00,2026-05-01,completed
3628,39,member,2026-05-01 00:00:00+00,2026-05-01,completed
3629,39,member,2026-05-01 00:00:00+00,2026-05-01,completed
3630,40,member,2026-05-01 00:00:00+00,2026-05-01,completed
3631,42,member,2026-05-01 00:00:00+00,2026-05-01,completed
3632,43,member,2026-05-01 00:00:00+00,2026-05-01,completed
3633,43,member,2026-05-01 00:00:00+00,2026-05-01,completed
3634,44,member,2026-05-01 00:00:00+00,2026-05-01,completed
3635,44,member,2026-05-01 00:00:00+00,2026-05-01,completed
3636,44,member,2026-05-01 00:00:00+00,2026-05-01,completed
3637,44,member,2026-05-01 00:00:00+00,2026-05-01,completed
3638,44,member,2026-05-01 00:00:00+00,2026-05-01,completed
3639,44,member,2026-05-01 00:00:00+00,2026-05-01,completed
3640,44,member,2026-05-01 00:00:00+00,2026-05-01,completed
3641,44,member,2026-05-01 00:00:00+00,2026-05-01,completed
3642,44,member,2026-05-01 00:00:00+00,2026-05-01,completed
3643,44,member,2026-05-01 00:00:00+00,2026-05-01,completed
3644,45,member,2026-05-01 00:00:00+00,2026-05-01,completed
3645,45,member,2026-05-01 00:00:00+00,2026-05-01,completed
3646,45,member,2026-05-01 00:00:00+00,2026-05-01,completed
3647,45,member,2026-05-01 00:00:00+00,2026-05-01,completed
3648,45,member,2026-05-01 00:00:00+00,2026-05-01,completed
3649,45,member,2026-05-01 00:00:00+00,2026-05-01,completed
3650,45,member,2026-05-01 00:00:00+00,2026-05-01,completed
3651,45,member,2026-05-01 00:00:00+00,2026-05-01,completed
3652,45,member,2026-05-01 00:00:00+00,2026-05-01,completed
3653,45,member,2026-05-01 00:00:00+00,2026-05-01,completed
3654,45,member,2026-05-01 00:00:00+00,2026-05-01,completed
3655,45,member,2026-05-01 00:00:00+00,2026-05-01,completed
3656,46,member,2026-05-01 00:00:00+00,2026-05-01,completed
3657,47,member,2026-05-01 00:00:00+00,2026-05-01,completed
3658,48,member,2026-05-01 00:00:00+00,2026-05-01,completed
3659,48,member,2026-05-01 00:00:00+00,2026-05-01,completed
3660,48,member,2026-05-01 00:00:00+00,2026-05-01,completed
3661,49,member,2026-05-01 00:00:00+00,2026-05-01,completed
3662,50,member,2026-05-01 00:00:00+00,2026-05-01,completed
3663,50,member,2026-05-01 00:00:00+00,2026-05-01,completed
3664,51,member,2026-05-01 00:00:00+00,2026-05-01,completed
3665,51,member,2026-05-01 00:00:00+00,2026-05-01,completed
3666,51,member,2026-05-01 00:00:00+00,2026-05-01,completed
3667,51,member,2026-05-01 00:00:00+00,2026-05-01,completed
3668,52,member,2026-05-01 00:00:00+00,2026-05-01,completed
3669,52,member,2026-05-01 00:00:00+00,2026-05-01,completed
3670,53,member,2026-05-01 00:00:00+00,2026-05-01,completed
3671,55,member,2026-05-01 00:00:00+00,2026-05-01,completed
3672,56,member,2026-05-01 00:00:00+00,2026-05-01,completed
3673,56,member,2026-05-01 00:00:00+00,2026-05-01,completed
3674,57,member,2026-05-01 00:00:00+00,2026-05-01,completed
3675,58,member,2026-05-01 00:00:00+00,2026-05-01,completed
3676,59,member,2026-05-01 00:00:00+00,2026-05-01,completed
3677,60,member,2026-05-01 00:00:00+00,2026-05-01,completed
3678,61,member,2026-05-01 00:00:00+00,2026-05-01,completed
3679,61,member,2026-05-01 00:00:00+00,2026-05-01,completed
3680,63,member,2026-05-01 00:00:00+00,2026-05-01,completed
3681,63,member,2026-05-01 00:00:00+00,2026-05-01,completed
3682,66,member,2026-05-01 00:00:00+00,2026-05-01,completed
3683,66,member,2026-05-01 00:00:00+00,2026-05-01,completed
3684,67,member,2026-05-01 00:00:00+00,2026-05-01,completed
3685,68,member,2026-05-01 00:00:00+00,2026-05-01,completed
3686,68,member,2026-05-01 00:00:00+00,2026-05-01,completed
3687,69,member,2026-05-01 00:00:00+00,2026-05-01,completed
3688,71,member,2026-05-01 00:00:00+00,2026-05-01,completed
3689,72,member,2026-05-01 00:00:00+00,2026-05-01,completed
3690,73,member,2026-05-01 00:00:00+00,2026-05-01,completed
3691,74,member,2026-05-01 00:00:00+00,2026-05-01,completed
3692,74,member,2026-05-01 00:00:00+00,2026-05-01,completed
3693,75,member,2026-05-01 00:00:00+00,2026-05-01,completed
3694,76,member,2026-05-01 00:00:00+00,2026-05-01,completed
3695,77,member,2026-05-01 00:00:00+00,2026-05-01,completed
3696,78,member,2026-05-01 00:00:00+00,2026-05-01,completed
3697,79,member,2026-05-01 00:00:00+00,2026-05-01,completed
3698,79,member,2026-05-01 00:00:00+00,2026-05-01,completed
3699,80,member,2026-05-01 00:00:00+00,2026-05-01,completed
3700,80,member,2026-05-01 00:00:00+00,2026-05-01,completed
3701,80,member,2026-05-01 00:00:00+00,2026-05-01,completed
3702,80,member,2026-05-01 00:00:00+00,2026-05-01,completed
3703,80,member,2026-05-01 00:00:00+00,2026-05-01,completed
3704,81,member,2026-05-01 00:00:00+00,2026-05-01,completed
3705,81,member,2026-05-01 00:00:00+00,2026-05-01,completed
3706,81,member,2026-05-01 00:00:00+00,2026-05-01,completed
3707,82,member,2026-05-01 00:00:00+00,2026-05-01,completed
3708,85,member,2026-05-01 00:00:00+00,2026-05-01,completed
3709,86,member,2026-05-01 00:00:00+00,2026-05-01,completed
3710,87,member,2026-05-01 00:00:00+00,2026-05-01,completed
3711,88,member,2026-05-01 00:00:00+00,2026-05-01,completed
3712,88,member,2026-05-01 00:00:00+00,2026-05-01,completed
3713,89,member,2026-05-01 00:00:00+00,2026-05-01,completed
3714,89,member,2026-05-01 00:00:00+00,2026-05-01,completed
3715,89,member,2026-05-01 00:00:00+00,2026-05-01,completed
3716,91,member,2026-05-01 00:00:00+00,2026-05-01,completed
3717,91,member,2026-05-01 00:00:00+00,2026-05-01,completed
3718,92,member,2026-05-01 00:00:00+00,2026-05-01,completed
3719,93,member,2026-05-01 00:00:00+00,2026-05-01,completed
3720,93,member,2026-05-01 00:00:00+00,2026-05-01,completed
3721,95,member,2026-05-01 00:00:00+00,2026-05-01,completed
3722,96,member,2026-05-01 00:00:00+00,2026-05-01,completed
3723,97,member,2026-05-01 00:00:00+00,2026-05-01,completed
3724,97,member,2026-05-01 00:00:00+00,2026-05-01,completed
3725,97,member,2026-05-01 00:00:00+00,2026-05-01,completed
3726,98,member,2026-05-01 00:00:00+00,2026-05-01,completed
3727,100,member,2026-05-01 00:00:00+00,2026-05-01,completed
3728,100,member,2026-05-01 00:00:00+00,2026-05-01,completed
3729,101,member,2026-05-01 00:00:00+00,2026-05-01,completed
3730,102,member,2026-05-01 00:00:00+00,2026-05-01,completed
3731,104,member,2026-05-01 00:00:00+00,2026-05-01,completed
3732,104,member,2026-05-01 00:00:00+00,2026-05-01,completed
3733,106,member,2026-05-01 00:00:00+00,2026-05-01,completed
3734,106,member,2026-05-01 00:00:00+00,2026-05-01,completed
3735,106,member,2026-05-01 00:00:00+00,2026-05-01,completed
3736,107,member,2026-05-01 00:00:00+00,2026-05-01,completed
3737,108,member,2026-05-01 00:00:00+00,2026-05-01,completed
3738,109,member,2026-05-01 00:00:00+00,2026-05-01,completed
3739,109,member,2026-05-01 00:00:00+00,2026-05-01,completed
3740,109,member,2026-05-01 00:00:00+00,2026-05-01,completed
3741,110,member,2026-05-01 00:00:00+00,2026-05-01,completed
3742,111,member,2026-05-01 00:00:00+00,2026-05-01,completed
3743,111,member,2026-05-01 00:00:00+00,2026-05-01,completed
3744,113,member,2026-05-01 00:00:00+00,2026-05-01,completed
3745,113,member,2026-05-01 00:00:00+00,2026-05-01,completed
3746,114,member,2026-05-01 00:00:00+00,2026-05-01,completed
3747,116,member,2026-05-01 00:00:00+00,2026-05-01,completed
3748,117,member,2026-05-01 00:00:00+00,2026-05-01,completed
3749,117,member,2026-05-01 00:00:00+00,2026-05-01,completed
3750,117,member,2026-05-01 00:00:00+00,2026-05-01,completed
3751,117,member,2026-05-01 00:00:00+00,2026-05-01,completed
3752,118,member,2026-05-01 00:00:00+00,2026-05-01,completed
3753,119,member,2026-05-01 00:00:00+00,2026-05-01,completed
3754,119,member,2026-05-01 00:00:00+00,2026-05-01,completed
3755,119,member,2026-05-01 00:00:00+00,2026-05-01,completed
3756,119,member,2026-05-01 00:00:00+00,2026-05-01,completed
3757,120,member,2026-05-01 00:00:00+00,2026-05-01,completed
3758,120,member,2026-05-01 00:00:00+00,2026-05-01,completed
3759,120,member,2026-05-01 00:00:00+00,2026-05-01,completed
3760,121,member,2026-05-01 00:00:00+00,2026-05-01,completed
3761,122,member,2026-05-01 00:00:00+00,2026-05-01,completed
3762,123,member,2026-05-01 00:00:00+00,2026-05-01,completed
3763,123,member,2026-05-01 00:00:00+00,2026-05-01,completed
3764,123,member,2026-05-01 00:00:00+00,2026-05-01,completed
3765,124,member,2026-05-01 00:00:00+00,2026-05-01,completed
3766,125,member,2026-05-01 00:00:00+00,2026-05-01,completed
3767,125,member,2026-05-01 00:00:00+00,2026-05-01,completed
3768,126,member,2026-05-01 00:00:00+00,2026-05-01,completed
3769,127,member,2026-05-01 00:00:00+00,2026-05-01,completed
3770,129,member,2026-05-01 00:00:00+00,2026-05-01,completed
3771,129,member,2026-05-01 00:00:00+00,2026-05-01,completed
3772,132,member,2026-05-01 00:00:00+00,2026-05-01,completed
3773,132,member,2026-05-01 00:00:00+00,2026-05-01,completed
3774,133,member,2026-05-01 00:00:00+00,2026-05-01,completed
3775,134,member,2026-05-01 00:00:00+00,2026-05-01,completed
3776,135,member,2026-05-01 00:00:00+00,2026-05-01,completed
3777,136,member,2026-05-01 00:00:00+00,2026-05-01,completed
3778,136,member,2026-05-01 00:00:00+00,2026-05-01,completed
3779,137,member,2026-05-01 00:00:00+00,2026-05-01,completed
3780,138,member,2026-05-01 00:00:00+00,2026-05-01,completed
3781,138,member,2026-05-01 00:00:00+00,2026-05-01,completed
3782,139,member,2026-05-01 00:00:00+00,2026-05-01,completed
3783,140,member,2026-05-01 00:00:00+00,2026-05-01,completed
3784,142,member,2026-05-01 00:00:00+00,2026-05-01,completed
3785,143,member,2026-05-01 00:00:00+00,2026-05-01,completed
3786,144,member,2026-05-01 00:00:00+00,2026-05-01,completed
3787,144,member,2026-05-01 00:00:00+00,2026-05-01,completed
3788,145,member,2026-05-01 00:00:00+00,2026-05-01,completed
3789,146,member,2026-05-01 00:00:00+00,2026-05-01,completed
3790,146,member,2026-05-01 00:00:00+00,2026-05-01,completed
3791,146,member,2026-05-01 00:00:00+00,2026-05-01,completed
3792,146,member,2026-05-01 00:00:00+00,2026-05-01,completed
3793,146,member,2026-05-01 00:00:00+00,2026-05-01,completed
3794,147,member,2026-05-01 00:00:00+00,2026-05-01,completed
3795,147,member,2026-05-01 00:00:00+00,2026-05-01,completed
3796,148,member,2026-05-01 00:00:00+00,2026-05-01,completed
3797,148,member,2026-05-01 00:00:00+00,2026-05-01,completed
3798,148,member,2026-05-01 00:00:00+00,2026-05-01,completed
3799,148,member,2026-05-01 00:00:00+00,2026-05-01,completed
3800,148,member,2026-05-01 00:00:00+00,2026-05-01,completed
3801,149,member,2026-05-01 00:00:00+00,2026-05-01,completed
3802,149,member,2026-05-01 00:00:00+00,2026-05-01,completed
3803,150,member,2026-05-01 00:00:00+00,2026-05-01,completed
3804,150,member,2026-05-01 00:00:00+00,2026-05-01,completed
3805,150,member,2026-05-01 00:00:00+00,2026-05-01,completed
3806,150,member,2026-05-01 00:00:00+00,2026-05-01,completed
3807,151,member,2026-05-01 00:00:00+00,2026-05-01,completed
3808,151,member,2026-05-01 00:00:00+00,2026-05-01,completed
3809,151,member,2026-05-01 00:00:00+00,2026-05-01,completed
3810,151,member,2026-05-01 00:00:00+00,2026-05-01,completed
3811,153,member,2026-05-01 00:00:00+00,2026-05-01,completed
3812,154,member,2026-05-01 00:00:00+00,2026-05-01,completed
3813,154,member,2026-05-01 00:00:00+00,2026-05-01,completed
3814,154,member,2026-05-01 00:00:00+00,2026-05-01,completed
3815,156,member,2026-05-01 00:00:00+00,2026-05-01,completed
3816,156,member,2026-05-01 00:00:00+00,2026-05-01,completed
3817,156,member,2026-05-01 00:00:00+00,2026-05-01,completed
3818,157,member,2026-05-01 00:00:00+00,2026-05-01,completed
3819,158,member,2026-05-01 00:00:00+00,2026-05-01,completed
3820,158,member,2026-05-01 00:00:00+00,2026-05-01,completed
3821,159,member,2026-05-01 00:00:00+00,2026-05-01,completed
3822,160,member,2026-05-01 00:00:00+00,2026-05-01,completed
3823,161,member,2026-05-01 00:00:00+00,2026-05-01,completed
3824,161,member,2026-05-01 00:00:00+00,2026-05-01,completed
3825,162,member,2026-05-01 00:00:00+00,2026-05-01,completed
3826,162,member,2026-05-01 00:00:00+00,2026-05-01,completed
3827,163,member,2026-05-01 00:00:00+00,2026-05-01,completed
3828,164,member,2026-05-01 00:00:00+00,2026-05-01,completed
3829,165,member,2026-05-01 00:00:00+00,2026-05-01,completed
3830,166,member,2026-05-01 00:00:00+00,2026-05-01,completed
3831,167,member,2026-05-01 00:00:00+00,2026-05-01,completed
3832,168,member,2026-05-01 00:00:00+00,2026-05-01,completed
3833,170,member,2026-05-01 00:00:00+00,2026-05-01,completed
3834,171,member,2026-05-01 00:00:00+00,2026-05-01,completed
3835,171,member,2026-05-01 00:00:00+00,2026-05-01,completed
3836,172,member,2026-05-01 00:00:00+00,2026-05-01,completed
3837,172,member,2026-05-01 00:00:00+00,2026-05-01,completed
3838,172,member,2026-05-01 00:00:00+00,2026-05-01,completed
3839,172,member,2026-05-01 00:00:00+00,2026-05-01,completed
3840,172,member,2026-05-01 00:00:00+00,2026-05-01,completed
3841,173,member,2026-05-01 00:00:00+00,2026-05-01,completed
3842,173,member,2026-05-01 00:00:00+00,2026-05-01,completed
3843,174,member,2026-05-01 00:00:00+00,2026-05-01,completed
3844,174,member,2026-05-01 00:00:00+00,2026-05-01,completed
3845,174,member,2026-05-01 00:00:00+00,2026-05-01,completed
3846,174,member,2026-05-01 00:00:00+00,2026-05-01,completed
3847,175,member,2026-05-01 00:00:00+00,2026-05-01,completed
3848,176,member,2026-05-01 00:00:00+00,2026-05-01,completed
3849,176,member,2026-05-01 00:00:00+00,2026-05-01,completed
3850,176,member,2026-05-01 00:00:00+00,2026-05-01,completed
3851,179,member,2026-05-01 00:00:00+00,2026-05-01,completed
3852,179,member,2026-05-01 00:00:00+00,2026-05-01,completed
3853,179,member,2026-05-01 00:00:00+00,2026-05-01,completed
3854,180,member,2026-05-01 00:00:00+00,2026-05-01,completed
3855,180,member,2026-05-01 00:00:00+00,2026-05-01,completed
3856,180,member,2026-05-01 00:00:00+00,2026-05-01,completed
3857,180,member,2026-05-01 00:00:00+00,2026-05-01,completed
3858,180,member,2026-05-01 00:00:00+00,2026-05-01,completed
3859,180,member,2026-05-01 00:00:00+00,2026-05-01,completed
3860,180,member,2026-05-01 00:00:00+00,2026-05-01,completed
3861,181,member,2026-05-01 00:00:00+00,2026-05-01,completed
3862,182,member,2026-05-01 00:00:00+00,2026-05-01,completed
3863,182,member,2026-05-01 00:00:00+00,2026-05-01,completed
3864,182,member,2026-05-01 00:00:00+00,2026-05-01,completed
3865,182,member,2026-05-01 00:00:00+00,2026-05-01,completed
3866,182,member,2026-05-01 00:00:00+00,2026-05-01,completed
3867,183,member,2026-05-01 00:00:00+00,2026-05-01,completed
3868,183,member,2026-05-01 00:00:00+00,2026-05-01,completed
3869,183,member,2026-05-01 00:00:00+00,2026-05-01,completed
3870,184,member,2026-05-01 00:00:00+00,2026-05-01,completed
3871,185,member,2026-05-01 00:00:00+00,2026-05-01,completed
3872,185,member,2026-05-01 00:00:00+00,2026-05-01,completed
3873,186,member,2026-05-01 00:00:00+00,2026-05-01,completed
3874,187,member,2026-05-01 00:00:00+00,2026-05-01,completed
3875,187,member,2026-05-01 00:00:00+00,2026-05-01,completed
3876,188,member,2026-05-01 00:00:00+00,2026-05-01,completed
3877,188,member,2026-05-01 00:00:00+00,2026-05-01,completed
3878,189,member,2026-05-01 00:00:00+00,2026-05-01,completed
3879,189,member,2026-05-01 00:00:00+00,2026-05-01,completed
3880,189,member,2026-05-01 00:00:00+00,2026-05-01,completed
3881,189,member,2026-05-01 00:00:00+00,2026-05-01,completed
3882,189,member,2026-05-01 00:00:00+00,2026-05-01,completed
3883,189,member,2026-05-01 00:00:00+00,2026-05-01,completed
3884,189,member,2026-05-01 00:00:00+00,2026-05-01,completed
3885,189,member,2026-05-01 00:00:00+00,2026-05-01,completed
3886,189,member,2026-05-01 00:00:00+00,2026-05-01,completed
3887,189,member,2026-05-01 00:00:00+00,2026-05-01,completed
3888,189,member,2026-05-01 00:00:00+00,2026-05-01,completed
3889,189,member,2026-05-01 00:00:00+00,2026-05-01,completed
3890,192,member,2026-05-01 00:00:00+00,2026-05-01,completed
3891,193,member,2026-05-01 00:00:00+00,2026-05-01,completed
3892,194,member,2026-05-01 00:00:00+00,2026-05-01,completed
3893,195,member,2026-05-01 00:00:00+00,2026-05-01,completed
3894,195,member,2026-05-01 00:00:00+00,2026-05-01,completed
3895,195,member,2026-05-01 00:00:00+00,2026-05-01,completed
3896,196,member,2026-05-01 00:00:00+00,2026-05-01,completed
3897,197,member,2026-05-01 00:00:00+00,2026-05-01,completed
3898,197,member,2026-05-01 00:00:00+00,2026-05-01,completed
3899,198,member,2026-05-01 00:00:00+00,2026-05-01,completed
3900,198,member,2026-05-01 00:00:00+00,2026-05-01,completed
3901,198,member,2026-05-01 00:00:00+00,2026-05-01,completed
3902,198,member,2026-05-01 00:00:00+00,2026-05-01,completed
3903,198,member,2026-05-01 00:00:00+00,2026-05-01,completed
3904,199,member,2026-05-01 00:00:00+00,2026-05-01,completed
3905,200,member,2026-05-01 00:00:00+00,2026-05-01,completed
3906,201,member,2026-05-01 00:00:00+00,2026-05-01,completed
3907,202,member,2026-05-01 00:00:00+00,2026-05-01,completed
3908,202,member,2026-05-01 00:00:00+00,2026-05-01,completed
3909,202,member,2026-05-01 00:00:00+00,2026-05-01,completed
3910,202,member,2026-05-01 00:00:00+00,2026-05-01,completed
3911,202,member,2026-05-01 00:00:00+00,2026-05-01,completed
3912,202,member,2026-05-01 00:00:00+00,2026-05-01,completed
3913,202,member,2026-05-01 00:00:00+00,2026-05-01,completed
3914,202,member,2026-05-01 00:00:00+00,2026-05-01,completed
3915,202,member,2026-05-01 00:00:00+00,2026-05-01,completed
3916,204,member,2026-05-01 00:00:00+00,2026-05-01,completed
3917,206,member,2026-05-01 00:00:00+00,2026-05-01,completed
3918,207,member,2026-05-01 00:00:00+00,2026-05-01,completed
3919,208,member,2026-05-01 00:00:00+00,2026-05-01,completed
3920,209,member,2026-05-01 00:00:00+00,2026-05-01,completed
3921,210,member,2026-05-01 00:00:00+00,2026-05-01,completed
3922,210,member,2026-05-01 00:00:00+00,2026-05-01,completed
3923,211,member,2026-05-01 00:00:00+00,2026-05-01,completed
3924,212,member,2026-05-01 00:00:00+00,2026-05-01,completed
3925,212,member,2026-05-01 00:00:00+00,2026-05-01,completed
3926,212,member,2026-05-01 00:00:00+00,2026-05-01,completed
3927,212,member,2026-05-01 00:00:00+00,2026-05-01,completed
3928,213,member,2026-05-01 00:00:00+00,2026-05-01,completed
3929,215,member,2026-05-01 00:00:00+00,2026-05-01,completed
3930,216,member,2026-05-01 00:00:00+00,2026-05-01,completed
3931,217,member,2026-05-01 00:00:00+00,2026-05-01,completed
3932,217,member,2026-05-01 00:00:00+00,2026-05-01,completed
3933,217,member,2026-05-01 00:00:00+00,2026-05-01,completed
3934,217,member,2026-05-01 00:00:00+00,2026-05-01,completed
3935,217,member,2026-05-01 00:00:00+00,2026-05-01,completed
3936,217,member,2026-05-01 00:00:00+00,2026-05-01,completed
3937,217,member,2026-05-01 00:00:00+00,2026-05-01,completed
3938,217,member,2026-05-01 00:00:00+00,2026-05-01,completed
3939,217,member,2026-05-01 00:00:00+00,2026-05-01,completed
3940,217,member,2026-05-01 00:00:00+00,2026-05-01,completed
3941,218,member,2026-05-01 00:00:00+00,2026-05-01,completed
3942,219,member,2026-05-01 00:00:00+00,2026-05-01,completed
3943,219,member,2026-05-01 00:00:00+00,2026-05-01,completed
3944,220,member,2026-05-01 00:00:00+00,2026-05-01,completed
3945,220,member,2026-05-01 00:00:00+00,2026-05-01,completed
3946,221,member,2026-05-01 00:00:00+00,2026-05-01,completed
3947,221,member,2026-05-01 00:00:00+00,2026-05-01,completed
3948,221,member,2026-05-01 00:00:00+00,2026-05-01,completed
3949,222,member,2026-05-01 00:00:00+00,2026-05-01,completed
3950,223,member,2026-05-01 00:00:00+00,2026-05-01,completed
3951,223,member,2026-05-01 00:00:00+00,2026-05-01,completed
3952,223,member,2026-05-01 00:00:00+00,2026-05-01,completed
3953,223,member,2026-05-01 00:00:00+00,2026-05-01,completed
3954,224,member,2026-05-01 00:00:00+00,2026-05-01,completed
3955,224,member,2026-05-01 00:00:00+00,2026-05-01,completed
3956,225,member,2026-05-01 00:00:00+00,2026-05-01,completed
3957,225,member,2026-05-01 00:00:00+00,2026-05-01,completed
3958,226,member,2026-05-01 00:00:00+00,2026-05-01,completed
3959,226,member,2026-05-01 00:00:00+00,2026-05-01,completed
3960,226,member,2026-05-01 00:00:00+00,2026-05-01,completed
3961,227,member,2026-05-01 00:00:00+00,2026-05-01,completed
3962,227,member,2026-05-01 00:00:00+00,2026-05-01,completed
3963,228,member,2026-05-01 00:00:00+00,2026-05-01,completed
3964,228,member,2026-05-01 00:00:00+00,2026-05-01,completed
3965,229,member,2026-05-01 00:00:00+00,2026-05-01,completed
3966,230,member,2026-05-01 00:00:00+00,2026-05-01,completed
3967,231,member,2026-05-01 00:00:00+00,2026-05-01,completed
3968,231,member,2026-05-01 00:00:00+00,2026-05-01,completed
3969,232,member,2026-05-01 00:00:00+00,2026-05-01,completed
3970,232,member,2026-05-01 00:00:00+00,2026-05-01,completed
3971,232,member,2026-05-01 00:00:00+00,2026-05-01,completed
3972,232,member,2026-05-01 00:00:00+00,2026-05-01,completed
3973,233,member,2026-05-01 00:00:00+00,2026-05-01,completed
3974,234,member,2026-05-01 00:00:00+00,2026-05-01,completed
3975,235,member,2026-05-01 00:00:00+00,2026-05-01,completed
3976,236,member,2026-05-01 00:00:00+00,2026-05-01,completed
3977,236,member,2026-05-01 00:00:00+00,2026-05-01,completed
3978,236,member,2026-05-01 00:00:00+00,2026-05-01,completed
3979,238,member,2026-05-01 00:00:00+00,2026-05-01,completed
3980,238,member,2026-05-01 00:00:00+00,2026-05-01,completed
3981,238,member,2026-05-01 00:00:00+00,2026-05-01,completed
3982,240,member,2026-05-01 00:00:00+00,2026-05-01,completed
3983,241,member,2026-05-01 00:00:00+00,2026-05-01,completed
3984,241,member,2026-05-01 00:00:00+00,2026-05-01,completed
3985,242,member,2026-05-01 00:00:00+00,2026-05-01,completed
3986,242,member,2026-05-01 00:00:00+00,2026-05-01,completed
3987,243,member,2026-05-01 00:00:00+00,2026-05-01,completed
3988,244,member,2026-05-01 00:00:00+00,2026-05-01,completed
3989,245,member,2026-05-01 00:00:00+00,2026-05-01,completed
3990,245,member,2026-05-01 00:00:00+00,2026-05-01,completed
3991,246,member,2026-05-01 00:00:00+00,2026-05-01,completed
3992,246,member,2026-05-01 00:00:00+00,2026-05-01,completed
3993,248,member,2026-05-01 00:00:00+00,2026-05-01,completed
3994,249,member,2026-05-01 00:00:00+00,2026-05-01,completed
3995,250,member,2026-05-01 00:00:00+00,2026-05-01,completed
3996,251,member,2026-05-01 00:00:00+00,2026-05-01,completed
3997,251,member,2026-05-01 00:00:00+00,2026-05-01,completed
3998,252,member,2026-05-01 00:00:00+00,2026-05-01,completed
3999,253,member,2026-05-01 00:00:00+00,2026-05-01,completed
4000,253,member,2026-05-01 00:00:00+00,2026-05-01,completed
4001,254,member,2026-05-01 00:00:00+00,2026-05-01,completed
4002,255,member,2026-05-01 00:00:00+00,2026-05-01,completed
4003,256,member,2026-05-01 00:00:00+00,2026-05-01,completed
4004,257,member,2026-05-01 00:00:00+00,2026-05-01,completed
4005,257,member,2026-05-01 00:00:00+00,2026-05-01,completed
4006,258,member,2026-05-01 00:00:00+00,2026-05-01,completed
4007,258,member,2026-05-01 00:00:00+00,2026-05-01,completed
4008,259,member,2026-05-01 00:00:00+00,2026-05-01,completed
4009,259,member,2026-05-01 00:00:00+00,2026-05-01,completed
4010,260,member,2026-05-01 00:00:00+00,2026-05-01,completed
4011,261,member,2026-05-01 00:00:00+00,2026-05-01,completed
4012,262,member,2026-05-01 00:00:00+00,2026-05-01,completed
4013,262,member,2026-05-01 00:00:00+00,2026-05-01,completed
4014,263,member,2026-05-01 00:00:00+00,2026-05-01,completed
4015,266,member,2026-05-01 00:00:00+00,2026-05-01,completed
4016,267,member,2026-05-01 00:00:00+00,2026-05-01,completed
4017,267,member,2026-05-01 00:00:00+00,2026-05-01,completed
4018,268,member,2026-05-01 00:00:00+00,2026-05-01,completed
4019,269,member,2026-05-01 00:00:00+00,2026-05-01,completed
4020,270,member,2026-05-01 00:00:00+00,2026-05-01,completed
4021,271,member,2026-05-01 00:00:00+00,2026-05-01,completed
4022,271,member,2026-05-01 00:00:00+00,2026-05-01,completed
4023,271,member,2026-05-01 00:00:00+00,2026-05-01,completed
4024,271,member,2026-05-01 00:00:00+00,2026-05-01,completed
4025,272,member,2026-05-01 00:00:00+00,2026-05-01,completed
4026,273,member,2026-05-01 00:00:00+00,2026-05-01,completed
4027,273,member,2026-05-01 00:00:00+00,2026-05-01,completed
4028,273,member,2026-05-01 00:00:00+00,2026-05-01,completed
4029,275,member,2026-05-01 00:00:00+00,2026-05-01,completed
4030,277,member,2026-05-01 00:00:00+00,2026-05-01,completed
4031,278,member,2026-05-01 00:00:00+00,2026-05-01,completed
4032,278,member,2026-05-01 00:00:00+00,2026-05-01,completed
4033,280,member,2026-05-01 00:00:00+00,2026-05-01,completed
4034,281,member,2026-05-01 00:00:00+00,2026-05-01,completed
4035,282,member,2026-05-01 00:00:00+00,2026-05-01,completed
4036,282,member,2026-05-01 00:00:00+00,2026-05-01,completed
4037,282,member,2026-05-01 00:00:00+00,2026-05-01,completed
4038,283,member,2026-05-01 00:00:00+00,2026-05-01,completed
4039,283,member,2026-05-01 00:00:00+00,2026-05-01,completed
4040,284,member,2026-05-01 00:00:00+00,2026-05-01,completed
4041,284,member,2026-05-01 00:00:00+00,2026-05-01,completed
4042,285,member,2026-05-01 00:00:00+00,2026-05-01,completed
4043,286,member,2026-05-01 00:00:00+00,2026-05-01,completed
4044,286,member,2026-05-01 00:00:00+00,2026-05-01,completed
4045,287,member,2026-05-01 00:00:00+00,2026-05-01,completed
4046,288,member,2026-05-01 00:00:00+00,2026-05-01,completed
4047,289,member,2026-05-01 00:00:00+00,2026-05-01,completed
4048,291,member,2026-05-01 00:00:00+00,2026-05-01,completed
4049,292,member,2026-05-01 00:00:00+00,2026-05-01,completed
4050,292,member,2026-05-01 00:00:00+00,2026-05-01,completed
4051,294,member,2026-05-01 00:00:00+00,2026-05-01,completed
4052,295,member,2026-05-01 00:00:00+00,2026-05-01,completed
4053,295,member,2026-05-01 00:00:00+00,2026-05-01,completed
4054,296,member,2026-05-01 00:00:00+00,2026-05-01,completed
4055,297,member,2026-05-01 00:00:00+00,2026-05-01,completed
4056,298,member,2026-05-01 00:00:00+00,2026-05-01,completed
4057,298,member,2026-05-01 00:00:00+00,2026-05-01,completed
4058,298,member,2026-05-01 00:00:00+00,2026-05-01,completed
4059,299,member,2026-05-01 00:00:00+00,2026-05-01,completed
4060,300,member,2026-05-01 00:00:00+00,2026-05-01,completed
4061,300,member,2026-05-01 00:00:00+00,2026-05-01,completed
4062,301,member,2026-05-01 00:00:00+00,2026-05-01,completed
4063,302,member,2026-05-01 00:00:00+00,2026-05-01,completed
4064,303,member,2026-05-01 00:00:00+00,2026-05-01,completed
4065,304,member,2026-05-01 00:00:00+00,2026-05-01,completed
4066,304,member,2026-05-01 00:00:00+00,2026-05-01,completed
4067,304,member,2026-05-01 00:00:00+00,2026-05-01,completed
4068,305,member,2026-05-01 00:00:00+00,2026-05-01,completed
4069,306,member,2026-05-01 00:00:00+00,2026-05-01,completed
4070,307,member,2026-05-01 00:00:00+00,2026-05-01,completed
4071,307,member,2026-05-01 00:00:00+00,2026-05-01,completed
4072,307,member,2026-05-01 00:00:00+00,2026-05-01,completed
4073,307,member,2026-05-01 00:00:00+00,2026-05-01,completed
4074,307,member,2026-05-01 00:00:00+00,2026-05-01,completed
4075,308,member,2026-05-01 00:00:00+00,2026-05-01,completed
4076,308,member,2026-05-01 00:00:00+00,2026-05-01,completed
4077,309,member,2026-05-01 00:00:00+00,2026-05-01,completed
4078,310,member,2026-05-01 00:00:00+00,2026-05-01,completed
4079,310,member,2026-05-01 00:00:00+00,2026-05-01,completed
4080,310,member,2026-05-01 00:00:00+00,2026-05-01,completed
4081,311,member,2026-05-01 00:00:00+00,2026-05-01,completed
4082,313,member,2026-05-01 00:00:00+00,2026-05-01,completed
4083,314,member,2026-05-01 00:00:00+00,2026-05-01,completed
4084,314,member,2026-05-01 00:00:00+00,2026-05-01,completed
4085,316,member,2026-05-01 00:00:00+00,2026-05-01,completed
4086,317,member,2026-05-01 00:00:00+00,2026-05-01,completed
4087,317,member,2026-05-01 00:00:00+00,2026-05-01,completed
4088,318,member,2026-05-01 00:00:00+00,2026-05-01,completed
4089,319,member,2026-05-01 00:00:00+00,2026-05-01,completed
4090,319,member,2026-05-01 00:00:00+00,2026-05-01,completed
4091,319,member,2026-05-01 00:00:00+00,2026-05-01,completed
4092,319,member,2026-05-01 00:00:00+00,2026-05-01,completed
4093,319,member,2026-05-01 00:00:00+00,2026-05-01,completed
4094,319,member,2026-05-01 00:00:00+00,2026-05-01,completed
4095,319,member,2026-05-01 00:00:00+00,2026-05-01,completed
4096,319,member,2026-05-01 00:00:00+00,2026-05-01,completed
4097,319,member,2026-05-01 00:00:00+00,2026-05-01,completed
4098,321,member,2026-05-01 00:00:00+00,2026-05-01,completed
4099,322,member,2026-05-01 00:00:00+00,2026-05-01,completed
4100,322,member,2026-05-01 00:00:00+00,2026-05-01,completed
4101,322,member,2026-05-01 00:00:00+00,2026-05-01,completed
4102,322,member,2026-05-01 00:00:00+00,2026-05-01,completed
4103,322,member,2026-05-01 00:00:00+00,2026-05-01,completed
4104,323,member,2026-05-01 00:00:00+00,2026-05-01,completed
4105,323,member,2026-05-01 00:00:00+00,2026-05-01,completed
4106,323,member,2026-05-01 00:00:00+00,2026-05-01,completed
4107,324,member,2026-05-01 00:00:00+00,2026-05-01,completed
4108,325,member,2026-05-01 00:00:00+00,2026-05-01,completed
4109,326,member,2026-05-01 00:00:00+00,2026-05-01,completed
4110,326,member,2026-05-01 00:00:00+00,2026-05-01,completed
4111,327,member,2026-05-01 00:00:00+00,2026-05-01,completed
4112,328,member,2026-05-01 00:00:00+00,2026-05-01,completed
4113,330,member,2026-05-01 00:00:00+00,2026-05-01,completed
4114,332,member,2026-05-01 00:00:00+00,2026-05-01,completed
4115,333,member,2026-05-01 00:00:00+00,2026-05-01,completed
4116,333,member,2026-05-01 00:00:00+00,2026-05-01,completed
4117,334,member,2026-05-01 00:00:00+00,2026-05-01,completed
4118,334,member,2026-05-01 00:00:00+00,2026-05-01,completed
4119,335,member,2026-05-01 00:00:00+00,2026-05-01,completed
4120,335,member,2026-05-01 00:00:00+00,2026-05-01,completed
4121,335,member,2026-05-01 00:00:00+00,2026-05-01,completed
4122,335,member,2026-05-01 00:00:00+00,2026-05-01,completed
4123,335,member,2026-05-01 00:00:00+00,2026-05-01,completed
4124,336,member,2026-05-01 00:00:00+00,2026-05-01,completed
4125,336,member,2026-05-01 00:00:00+00,2026-05-01,completed
4126,337,member,2026-05-01 00:00:00+00,2026-05-01,completed
4127,338,member,2026-05-01 00:00:00+00,2026-05-01,completed
4128,338,member,2026-05-01 00:00:00+00,2026-05-01,completed
4129,338,member,2026-05-01 00:00:00+00,2026-05-01,completed
4130,338,member,2026-05-01 00:00:00+00,2026-05-01,completed
4131,339,member,2026-05-01 00:00:00+00,2026-05-01,completed
4132,339,member,2026-05-01 00:00:00+00,2026-05-01,completed
4133,341,member,2026-05-01 00:00:00+00,2026-05-01,completed
4134,342,member,2026-05-01 00:00:00+00,2026-05-01,completed
4135,343,member,2026-05-01 00:00:00+00,2026-05-01,completed
4136,344,member,2026-05-01 00:00:00+00,2026-05-01,completed
4137,346,member,2026-05-01 00:00:00+00,2026-05-01,completed
4138,347,member,2026-05-01 00:00:00+00,2026-05-01,completed
4139,347,member,2026-05-01 00:00:00+00,2026-05-01,completed
4140,347,member,2026-05-01 00:00:00+00,2026-05-01,completed
4141,347,member,2026-05-01 00:00:00+00,2026-05-01,completed
4142,347,member,2026-05-01 00:00:00+00,2026-05-01,completed
4143,349,member,2026-05-01 00:00:00+00,2026-05-01,completed
4144,350,member,2026-05-01 00:00:00+00,2026-05-01,completed
4145,351,member,2026-05-01 00:00:00+00,2026-05-01,completed
4146,351,member,2026-05-01 00:00:00+00,2026-05-01,completed
4147,351,member,2026-05-01 00:00:00+00,2026-05-01,completed
4148,352,member,2026-05-01 00:00:00+00,2026-05-01,completed
4149,352,member,2026-05-01 00:00:00+00,2026-05-01,completed
4150,352,member,2026-05-01 00:00:00+00,2026-05-01,completed
4151,352,member,2026-05-01 00:00:00+00,2026-05-01,completed
4152,352,member,2026-05-01 00:00:00+00,2026-05-01,completed
4153,352,member,2026-05-01 00:00:00+00,2026-05-01,completed
4154,352,member,2026-05-01 00:00:00+00,2026-05-01,completed
4155,352,member,2026-05-01 00:00:00+00,2026-05-01,completed
4156,352,member,2026-05-01 00:00:00+00,2026-05-01,completed
4157,352,member,2026-05-01 00:00:00+00,2026-05-01,completed
4158,352,member,2026-05-01 00:00:00+00,2026-05-01,completed
4159,352,member,2026-05-01 00:00:00+00,2026-05-01,completed
4160,353,member,2026-05-01 00:00:00+00,2026-05-01,completed
4161,353,member,2026-05-01 00:00:00+00,2026-05-01,completed
4162,355,member,2026-05-01 00:00:00+00,2026-05-01,completed
4163,356,member,2026-05-01 00:00:00+00,2026-05-01,completed
4164,357,member,2026-05-01 00:00:00+00,2026-05-01,completed
4165,358,member,2026-05-01 00:00:00+00,2026-05-01,completed
4166,359,member,2026-05-01 00:00:00+00,2026-05-01,completed
4167,359,member,2026-05-01 00:00:00+00,2026-05-01,completed
4168,359,member,2026-05-01 00:00:00+00,2026-05-01,completed
4169,359,member,2026-05-01 00:00:00+00,2026-05-01,completed
4170,359,member,2026-05-01 00:00:00+00,2026-05-01,completed
4171,359,member,2026-05-01 00:00:00+00,2026-05-01,completed
4172,359,member,2026-05-01 00:00:00+00,2026-05-01,completed
4173,359,member,2026-05-01 00:00:00+00,2026-05-01,completed
4174,359,member,2026-05-01 00:00:00+00,2026-05-01,completed
4175,360,member,2026-05-01 00:00:00+00,2026-05-01,completed
4176,360,member,2026-05-01 00:00:00+00,2026-05-01,completed
4177,361,member,2026-05-01 00:00:00+00,2026-05-01,completed
4178,361,member,2026-05-01 00:00:00+00,2026-05-01,completed
4179,362,member,2026-05-01 00:00:00+00,2026-05-01,completed
4180,362,member,2026-05-01 00:00:00+00,2026-05-01,completed
4181,363,member,2026-05-01 00:00:00+00,2026-05-01,completed
4182,363,member,2026-05-01 00:00:00+00,2026-05-01,completed
4183,363,member,2026-05-01 00:00:00+00,2026-05-01,completed
4184,363,member,2026-05-01 00:00:00+00,2026-05-01,completed
4185,363,member,2026-05-01 00:00:00+00,2026-05-01,completed
4186,364,member,2026-05-01 00:00:00+00,2026-05-01,completed
4187,364,member,2026-05-01 00:00:00+00,2026-05-01,completed
4188,364,member,2026-05-01 00:00:00+00,2026-05-01,completed
4189,365,member,2026-05-01 00:00:00+00,2026-05-01,completed
4190,365,member,2026-05-01 00:00:00+00,2026-05-01,completed
4191,366,member,2026-05-01 00:00:00+00,2026-05-01,completed
4192,367,member,2026-05-01 00:00:00+00,2026-05-01,completed
4193,368,member,2026-05-01 00:00:00+00,2026-05-01,completed
4194,368,member,2026-05-01 00:00:00+00,2026-05-01,completed
4195,368,member,2026-05-01 00:00:00+00,2026-05-01,completed
4196,368,member,2026-05-01 00:00:00+00,2026-05-01,completed
4197,369,member,2026-05-01 00:00:00+00,2026-05-01,completed
4198,369,member,2026-05-01 00:00:00+00,2026-05-01,completed
4199,370,member,2026-05-01 00:00:00+00,2026-05-01,completed
4200,371,member,2026-05-01 00:00:00+00,2026-05-01,completed
4201,372,member,2026-05-01 00:00:00+00,2026-05-01,completed
4202,372,member,2026-05-01 00:00:00+00,2026-05-01,completed
4203,373,member,2026-05-01 00:00:00+00,2026-05-01,completed
4204,374,member,2026-05-01 00:00:00+00,2026-05-01,completed
4205,375,member,2026-05-01 00:00:00+00,2026-05-01,completed
4206,375,member,2026-05-01 00:00:00+00,2026-05-01,completed
4207,377,member,2026-05-01 00:00:00+00,2026-05-01,completed
4208,378,member,2026-05-01 00:00:00+00,2026-05-01,completed
4209,379,member,2026-05-01 00:00:00+00,2026-05-01,completed
4210,379,member,2026-05-01 00:00:00+00,2026-05-01,completed
4211,380,member,2026-05-01 00:00:00+00,2026-05-01,completed
4212,380,member,2026-05-01 00:00:00+00,2026-05-01,completed
4213,382,member,2026-05-01 00:00:00+00,2026-05-01,completed
4214,383,member,2026-05-01 00:00:00+00,2026-05-01,completed
4215,384,member,2026-05-01 00:00:00+00,2026-05-01,completed
4216,384,member,2026-05-01 00:00:00+00,2026-05-01,completed
4217,384,member,2026-05-01 00:00:00+00,2026-05-01,completed
4218,385,member,2026-05-01 00:00:00+00,2026-05-01,completed
4219,385,member,2026-05-01 00:00:00+00,2026-05-01,completed
4220,385,member,2026-05-01 00:00:00+00,2026-05-01,completed
4221,386,member,2026-05-01 00:00:00+00,2026-05-01,completed
4222,387,member,2026-05-01 00:00:00+00,2026-05-01,completed
4223,388,member,2026-05-01 00:00:00+00,2026-05-01,completed
4224,388,member,2026-05-01 00:00:00+00,2026-05-01,completed
4225,389,member,2026-05-01 00:00:00+00,2026-05-01,completed
4226,390,member,2026-05-01 00:00:00+00,2026-05-01,completed
4227,390,member,2026-05-01 00:00:00+00,2026-05-01,completed
4228,390,member,2026-05-01 00:00:00+00,2026-05-01,completed
4229,391,member,2026-05-01 00:00:00+00,2026-05-01,completed
4230,392,member,2026-05-01 00:00:00+00,2026-05-01,completed
4231,392,member,2026-05-01 00:00:00+00,2026-05-01,completed
4232,393,member,2026-05-01 00:00:00+00,2026-05-01,completed
4233,393,member,2026-05-01 00:00:00+00,2026-05-01,completed
4234,394,member,2026-05-01 00:00:00+00,2026-05-01,completed
4235,394,member,2026-05-01 00:00:00+00,2026-05-01,completed
4236,395,member,2026-05-01 00:00:00+00,2026-05-01,completed
4237,396,member,2026-05-01 00:00:00+00,2026-05-01,completed
4238,396,member,2026-05-01 00:00:00+00,2026-05-01,completed
4239,397,member,2026-05-01 00:00:00+00,2026-05-01,completed
4240,398,member,2026-05-01 00:00:00+00,2026-05-01,completed
4241,398,member,2026-05-01 00:00:00+00,2026-05-01,completed
4242,398,member,2026-05-01 00:00:00+00,2026-05-01,completed
4243,398,member,2026-05-01 00:00:00+00,2026-05-01,completed
4244,398,member,2026-05-01 00:00:00+00,2026-05-01,completed
4245,398,member,2026-05-01 00:00:00+00,2026-05-01,completed
4246,398,member,2026-05-01 00:00:00+00,2026-05-01,completed
4247,398,member,2026-05-01 00:00:00+00,2026-05-01,completed
4248,398,member,2026-05-01 00:00:00+00,2026-05-01,completed
4249,398,member,2026-05-01 00:00:00+00,2026-05-01,completed
4250,398,member,2026-05-01 00:00:00+00,2026-05-01,completed
4251,399,member,2026-05-01 00:00:00+00,2026-05-01,completed
4252,399,member,2026-05-01 00:00:00+00,2026-05-01,completed
4253,400,member,2026-05-01 00:00:00+00,2026-05-01,completed
4254,401,member,2026-05-01 00:00:00+00,2026-05-01,completed
4255,402,member,2026-05-01 00:00:00+00,2026-05-01,completed
4256,403,member,2026-05-01 00:00:00+00,2026-05-01,completed
4257,404,member,2026-05-01 00:00:00+00,2026-05-01,completed
4258,405,member,2026-05-01 00:00:00+00,2026-05-01,completed
4259,405,member,2026-05-01 00:00:00+00,2026-05-01,completed
4260,405,member,2026-05-01 00:00:00+00,2026-05-01,completed
4261,405,member,2026-05-01 00:00:00+00,2026-05-01,completed
4262,406,member,2026-05-01 00:00:00+00,2026-05-01,completed
4263,407,member,2026-05-01 00:00:00+00,2026-05-01,completed
4264,409,member,2026-05-01 00:00:00+00,2026-05-01,completed
4265,409,member,2026-05-01 00:00:00+00,2026-05-01,completed
4266,410,member,2026-05-01 00:00:00+00,2026-05-01,completed
4267,411,member,2026-05-01 00:00:00+00,2026-05-01,completed
4268,412,member,2026-05-01 00:00:00+00,2026-05-01,completed
4269,412,member,2026-05-01 00:00:00+00,2026-05-01,completed
4270,413,member,2026-05-01 00:00:00+00,2026-05-01,completed
4271,414,member,2026-05-01 00:00:00+00,2026-05-01,completed
4272,415,member,2026-05-01 00:00:00+00,2026-05-01,completed
4273,415,member,2026-05-01 00:00:00+00,2026-05-01,completed
4274,416,member,2026-05-01 00:00:00+00,2026-05-01,completed
4275,416,member,2026-05-01 00:00:00+00,2026-05-01,completed
4276,417,member,2026-05-01 00:00:00+00,2026-05-01,completed
4277,418,member,2026-05-01 00:00:00+00,2026-05-01,completed
4278,419,member,2026-05-01 00:00:00+00,2026-05-01,completed
4279,419,member,2026-05-01 00:00:00+00,2026-05-01,completed
4280,420,member,2026-05-01 00:00:00+00,2026-05-01,completed
4281,420,member,2026-05-01 00:00:00+00,2026-05-01,completed
4282,420,member,2026-05-01 00:00:00+00,2026-05-01,completed
4283,420,member,2026-05-01 00:00:00+00,2026-05-01,completed
4284,421,member,2026-05-01 00:00:00+00,2026-05-01,completed
4285,422,member,2026-05-01 00:00:00+00,2026-05-01,completed
4286,423,member,2026-05-01 00:00:00+00,2026-05-01,completed
4287,424,member,2026-05-01 00:00:00+00,2026-05-01,completed
4288,425,member,2026-05-01 00:00:00+00,2026-05-01,completed
4289,425,member,2026-05-01 00:00:00+00,2026-05-01,completed
4290,426,member,2026-05-01 00:00:00+00,2026-05-01,completed
4291,427,member,2026-05-01 00:00:00+00,2026-05-01,completed
4292,427,member,2026-05-01 00:00:00+00,2026-05-01,completed
4293,428,member,2026-05-01 00:00:00+00,2026-05-01,completed
4294,429,member,2026-05-01 00:00:00+00,2026-05-01,completed
4295,429,member,2026-05-01 00:00:00+00,2026-05-01,completed
4296,429,member,2026-05-01 00:00:00+00,2026-05-01,completed
4297,430,member,2026-05-01 00:00:00+00,2026-05-01,completed
4298,432,member,2026-05-01 00:00:00+00,2026-05-01,completed
4299,433,member,2026-05-01 00:00:00+00,2026-05-01,completed
4300,433,member,2026-05-01 00:00:00+00,2026-05-01,completed
4301,433,member,2026-05-01 00:00:00+00,2026-05-01,completed
4302,434,member,2026-05-01 00:00:00+00,2026-05-01,completed
4303,435,member,2026-05-01 00:00:00+00,2026-05-01,completed
4304,435,member,2026-05-01 00:00:00+00,2026-05-01,completed
4305,435,member,2026-05-01 00:00:00+00,2026-05-01,completed
4306,435,member,2026-05-01 00:00:00+00,2026-05-01,completed
4307,435,member,2026-05-01 00:00:00+00,2026-05-01,completed
4308,435,member,2026-05-01 00:00:00+00,2026-05-01,completed
4309,435,member,2026-05-01 00:00:00+00,2026-05-01,completed
4310,435,member,2026-05-01 00:00:00+00,2026-05-01,completed
4311,435,member,2026-05-01 00:00:00+00,2026-05-01,completed
4312,435,member,2026-05-01 00:00:00+00,2026-05-01,completed
4313,435,member,2026-05-01 00:00:00+00,2026-05-01,completed
4314,435,member,2026-05-01 00:00:00+00,2026-05-01,completed
4315,436,member,2026-05-01 00:00:00+00,2026-05-01,completed
4316,437,member,2026-05-01 00:00:00+00,2026-05-01,completed
4317,437,member,2026-05-01 00:00:00+00,2026-05-01,completed
4318,438,member,2026-05-01 00:00:00+00,2026-05-01,completed
4319,440,member,2026-05-01 00:00:00+00,2026-05-01,completed
4320,440,member,2026-05-01 00:00:00+00,2026-05-01,completed
4321,441,member,2026-05-01 00:00:00+00,2026-05-01,completed
4322,441,member,2026-05-01 00:00:00+00,2026-05-01,completed
4323,442,member,2026-05-01 00:00:00+00,2026-05-01,completed
4324,442,member,2026-05-01 00:00:00+00,2026-05-01,completed
4325,442,member,2026-05-01 00:00:00+00,2026-05-01,completed
4326,443,member,2026-05-01 00:00:00+00,2026-05-01,completed
4327,445,member,2026-05-01 00:00:00+00,2026-05-01,completed
4328,446,member,2026-05-01 00:00:00+00,2026-05-01,completed
4329,446,member,2026-05-01 00:00:00+00,2026-05-01,completed
4330,446,member,2026-05-01 00:00:00+00,2026-05-01,completed
4331,446,member,2026-05-01 00:00:00+00,2026-05-01,completed
4332,447,member,2026-05-01 00:00:00+00,2026-05-01,completed
4333,447,member,2026-05-01 00:00:00+00,2026-05-01,completed
4334,447,member,2026-05-01 00:00:00+00,2026-05-01,completed
4335,448,member,2026-05-01 00:00:00+00,2026-05-01,completed
4336,448,member,2026-05-01 00:00:00+00,2026-05-01,completed
4337,449,member,2026-05-01 00:00:00+00,2026-05-01,completed
4338,451,member,2026-05-01 00:00:00+00,2026-05-01,completed
4339,452,member,2026-05-01 00:00:00+00,2026-05-01,completed
4340,452,member,2026-05-01 00:00:00+00,2026-05-01,completed
4341,453,member,2026-05-01 00:00:00+00,2026-05-01,completed
4342,453,member,2026-05-01 00:00:00+00,2026-05-01,completed
4343,454,member,2026-05-01 00:00:00+00,2026-05-01,completed
4344,454,member,2026-05-01 00:00:00+00,2026-05-01,completed
4345,455,member,2026-05-01 00:00:00+00,2026-05-01,completed
4346,456,member,2026-05-01 00:00:00+00,2026-05-01,completed
4347,456,member,2026-05-01 00:00:00+00,2026-05-01,completed
4348,457,member,2026-05-01 00:00:00+00,2026-05-01,completed
4349,458,member,2026-05-01 00:00:00+00,2026-05-01,completed
4350,459,member,2026-05-01 00:00:00+00,2026-05-01,completed
4351,460,member,2026-05-01 00:00:00+00,2026-05-01,completed
4352,461,member,2026-05-01 00:00:00+00,2026-05-01,completed
4353,462,member,2026-05-01 00:00:00+00,2026-05-01,completed
4354,462,member,2026-05-01 00:00:00+00,2026-05-01,completed
4355,462,member,2026-05-01 00:00:00+00,2026-05-01,completed
4356,463,member,2026-05-01 00:00:00+00,2026-05-01,completed
4357,464,member,2026-05-01 00:00:00+00,2026-05-01,completed
4358,464,member,2026-05-01 00:00:00+00,2026-05-01,completed
4359,464,member,2026-05-01 00:00:00+00,2026-05-01,completed
4360,464,member,2026-05-01 00:00:00+00,2026-05-01,completed
4361,465,member,2026-05-01 00:00:00+00,2026-05-01,completed
4362,465,member,2026-05-01 00:00:00+00,2026-05-01,completed
4363,466,member,2026-05-01 00:00:00+00,2026-05-01,completed
4364,467,member,2026-05-01 00:00:00+00,2026-05-01,completed
4365,468,member,2026-05-01 00:00:00+00,2026-05-01,completed
4366,469,member,2026-05-01 00:00:00+00,2026-05-01,completed
4367,469,member,2026-05-01 00:00:00+00,2026-05-01,completed
4368,470,member,2026-05-01 00:00:00+00,2026-05-01,completed
4369,470,member,2026-05-01 00:00:00+00,2026-05-01,completed
4370,470,member,2026-05-01 00:00:00+00,2026-05-01,completed
4371,471,member,2026-05-01 00:00:00+00,2026-05-01,completed
4372,471,member,2026-05-01 00:00:00+00,2026-05-01,completed
4373,472,member,2026-05-01 00:00:00+00,2026-05-01,completed
4374,473,member,2026-05-01 00:00:00+00,2026-05-01,completed
4375,474,member,2026-05-01 00:00:00+00,2026-05-01,completed
4376,475,member,2026-05-01 00:00:00+00,2026-05-01,completed
4377,476,member,2026-05-01 00:00:00+00,2026-05-01,completed
4378,476,member,2026-05-01 00:00:00+00,2026-05-01,completed
4379,477,member,2026-05-01 00:00:00+00,2026-05-01,completed
4380,478,member,2026-05-01 00:00:00+00,2026-05-01,completed
4381,479,member,2026-05-01 00:00:00+00,2026-05-01,completed
4382,480,member,2026-05-01 00:00:00+00,2026-05-01,completed
4383,481,member,2026-05-01 00:00:00+00,2026-05-01,completed
4384,482,member,2026-05-01 00:00:00+00,2026-05-01,completed
4385,482,member,2026-05-01 00:00:00+00,2026-05-01,completed
4386,483,member,2026-05-01 00:00:00+00,2026-05-01,completed
4387,483,member,2026-05-01 00:00:00+00,2026-05-01,completed
4388,484,member,2026-05-01 00:00:00+00,2026-05-01,completed
4389,484,member,2026-05-01 00:00:00+00,2026-05-01,completed
4390,485,member,2026-05-01 00:00:00+00,2026-05-01,completed
4391,485,member,2026-05-01 00:00:00+00,2026-05-01,completed
4392,486,member,2026-05-01 00:00:00+00,2026-05-01,completed
4393,486,member,2026-05-01 00:00:00+00,2026-05-01,completed
4394,487,member,2026-05-01 00:00:00+00,2026-05-01,completed
4395,487,member,2026-05-01 00:00:00+00,2026-05-01,completed
4396,488,member,2026-05-01 00:00:00+00,2026-05-01,completed
4397,489,member,2026-05-01 00:00:00+00,2026-05-01,completed
4398,490,member,2026-05-01 00:00:00+00,2026-05-01,completed
4399,491,member,2026-05-01 00:00:00+00,2026-05-01,completed
4400,492,member,2026-05-01 00:00:00+00,2026-05-01,completed
4401,492,member,2026-05-01 00:00:00+00,2026-05-01,completed
4402,493,member,2026-05-01 00:00:00+00,2026-05-01,completed
4403,493,member,2026-05-01 00:00:00+00,2026-05-01,completed
4404,494,member,2026-05-01 00:00:00+00,2026-05-01,completed
4405,494,member,2026-05-01 00:00:00+00,2026-05-01,completed
4406,494,member,2026-05-01 00:00:00+00,2026-05-01,completed
4407,496,member,2026-05-01 00:00:00+00,2026-05-01,completed
4408,497,member,2026-05-01 00:00:00+00,2026-05-01,completed
4409,498,member,2026-05-01 00:00:00+00,2026-05-01,completed
4410,499,member,2026-05-01 00:00:00+00,2026-05-01,completed
4411,499,member,2026-05-01 00:00:00+00,2026-05-01,completed
4412,500,member,2026-05-01 00:00:00+00,2026-05-01,completed
4413,501,member,2026-05-01 00:00:00+00,2026-05-01,completed
4414,501,member,2026-05-01 00:00:00+00,2026-05-01,completed
4415,502,member,2026-05-01 00:00:00+00,2026-05-01,completed
4416,502,member,2026-05-01 00:00:00+00,2026-05-01,completed
4417,502,member,2026-05-01 00:00:00+00,2026-05-01,completed
4418,503,member,2026-05-01 00:00:00+00,2026-05-01,completed
4419,504,member,2026-05-01 00:00:00+00,2026-05-01,completed
4420,505,member,2026-05-01 00:00:00+00,2026-05-01,completed
4421,505,member,2026-05-01 00:00:00+00,2026-05-01,completed
4422,506,member,2026-05-01 00:00:00+00,2026-05-01,completed
4423,506,member,2026-05-01 00:00:00+00,2026-05-01,completed
4424,507,member,2026-05-01 00:00:00+00,2026-05-01,completed
4425,508,member,2026-05-01 00:00:00+00,2026-05-01,completed
4426,508,member,2026-05-01 00:00:00+00,2026-05-01,completed
4427,509,member,2026-05-01 00:00:00+00,2026-05-01,completed
4428,510,member,2026-05-01 00:00:00+00,2026-05-01,completed
4429,511,member,2026-05-01 00:00:00+00,2026-05-01,completed
4430,512,member,2026-05-01 00:00:00+00,2026-05-01,completed
4431,512,member,2026-05-01 00:00:00+00,2026-05-01,completed
4432,515,member,2026-05-01 00:00:00+00,2026-05-01,completed
4433,515,member,2026-05-01 00:00:00+00,2026-05-01,completed
4434,515,member,2026-05-01 00:00:00+00,2026-05-01,completed
4435,515,member,2026-05-01 00:00:00+00,2026-05-01,completed
4436,516,member,2026-05-01 00:00:00+00,2026-05-01,completed
4437,516,member,2026-05-01 00:00:00+00,2026-05-01,completed
4438,518,member,2026-05-01 00:00:00+00,2026-05-01,completed
4439,518,member,2026-05-01 00:00:00+00,2026-05-01,completed
4440,518,member,2026-05-01 00:00:00+00,2026-05-01,completed
4441,519,member,2026-05-01 00:00:00+00,2026-05-01,completed
4442,520,member,2026-05-01 00:00:00+00,2026-05-01,completed
4443,521,member,2026-05-01 00:00:00+00,2026-05-01,completed
4444,522,member,2026-05-01 00:00:00+00,2026-05-01,completed
4445,523,member,2026-05-01 00:00:00+00,2026-05-01,completed
4446,524,member,2026-05-01 00:00:00+00,2026-05-01,completed
4447,525,member,2026-05-01 00:00:00+00,2026-05-01,completed
4448,525,member,2026-05-01 00:00:00+00,2026-05-01,completed
4449,526,member,2026-05-01 00:00:00+00,2026-05-01,completed
4450,527,member,2026-05-01 00:00:00+00,2026-05-01,completed
4451,528,member,2026-05-01 00:00:00+00,2026-05-01,completed
4452,528,member,2026-05-01 00:00:00+00,2026-05-01,completed
4453,529,member,2026-05-01 00:00:00+00,2026-05-01,completed
4454,530,member,2026-05-01 00:00:00+00,2026-05-01,completed
4455,531,member,2026-05-01 00:00:00+00,2026-05-01,completed
4456,531,member,2026-05-01 00:00:00+00,2026-05-01,completed
4457,532,member,2026-05-01 00:00:00+00,2026-05-01,completed
4458,533,member,2026-05-01 00:00:00+00,2026-05-01,completed
4459,533,member,2026-05-01 00:00:00+00,2026-05-01,completed
4460,533,member,2026-05-01 00:00:00+00,2026-05-01,completed
4461,533,member,2026-05-01 00:00:00+00,2026-05-01,completed
4462,533,member,2026-05-01 00:00:00+00,2026-05-01,completed
4463,534,member,2026-05-01 00:00:00+00,2026-05-01,completed
4464,535,member,2026-05-01 00:00:00+00,2026-05-01,completed
4465,536,member,2026-05-01 00:00:00+00,2026-05-01,completed
4466,536,member,2026-05-01 00:00:00+00,2026-05-01,completed
4467,537,member,2026-05-01 00:00:00+00,2026-05-01,completed
4468,537,member,2026-05-01 00:00:00+00,2026-05-01,completed
4469,538,member,2026-05-01 00:00:00+00,2026-05-01,completed
4470,538,member,2026-05-01 00:00:00+00,2026-05-01,completed
4471,538,member,2026-05-01 00:00:00+00,2026-05-01,completed
4472,539,member,2026-05-01 00:00:00+00,2026-05-01,completed
4473,539,member,2026-05-01 00:00:00+00,2026-05-01,completed
4474,540,member,2026-05-01 00:00:00+00,2026-05-01,completed
4475,541,member,2026-05-01 00:00:00+00,2026-05-01,completed
4476,541,member,2026-05-01 00:00:00+00,2026-05-01,completed
4477,542,member,2026-05-01 00:00:00+00,2026-05-01,completed
4478,542,member,2026-05-01 00:00:00+00,2026-05-01,completed
4479,543,member,2026-05-01 00:00:00+00,2026-05-01,completed
4480,544,member,2026-05-01 00:00:00+00,2026-05-01,completed
4481,545,member,2026-05-01 00:00:00+00,2026-05-01,completed
4482,546,member,2026-05-01 00:00:00+00,2026-05-01,completed
4483,546,member,2026-05-01 00:00:00+00,2026-05-01,completed
4484,547,member,2026-05-01 00:00:00+00,2026-05-01,completed
4485,548,member,2026-05-01 00:00:00+00,2026-05-01,completed
4486,548,member,2026-05-01 00:00:00+00,2026-05-01,completed
4487,549,member,2026-05-01 00:00:00+00,2026-05-01,completed
4488,550,member,2026-05-01 00:00:00+00,2026-05-01,completed
4489,550,member,2026-05-01 00:00:00+00,2026-05-01,completed
4490,551,member,2026-05-01 00:00:00+00,2026-05-01,completed
4491,551,member,2026-05-01 00:00:00+00,2026-05-01,completed
4492,551,member,2026-05-01 00:00:00+00,2026-05-01,completed
4493,551,member,2026-05-01 00:00:00+00,2026-05-01,completed
4494,552,member,2026-05-01 00:00:00+00,2026-05-01,completed
4495,552,member,2026-05-01 00:00:00+00,2026-05-01,completed
4496,552,member,2026-05-01 00:00:00+00,2026-05-01,completed
4497,552,member,2026-05-01 00:00:00+00,2026-05-01,completed
4498,553,member,2026-05-01 00:00:00+00,2026-05-01,completed
4499,554,member,2026-05-01 00:00:00+00,2026-05-01,completed
4500,555,member,2026-05-01 00:00:00+00,2026-05-01,completed
4501,556,member,2026-05-01 00:00:00+00,2026-05-01,completed
4502,557,member,2026-05-01 00:00:00+00,2026-05-01,completed
4503,557,member,2026-05-01 00:00:00+00,2026-05-01,completed
4504,560,member,2026-05-01 00:00:00+00,2026-05-01,completed
4505,561,member,2026-05-01 00:00:00+00,2026-05-01,completed
4506,562,member,2026-05-01 00:00:00+00,2026-05-01,completed
4507,563,member,2026-05-01 00:00:00+00,2026-05-01,completed
4508,564,member,2026-05-01 00:00:00+00,2026-05-01,completed
4509,565,member,2026-05-01 00:00:00+00,2026-05-01,completed
4510,565,member,2026-05-01 00:00:00+00,2026-05-01,completed
4511,566,member,2026-05-01 00:00:00+00,2026-05-01,completed
4512,567,member,2026-05-01 00:00:00+00,2026-05-01,completed
4513,567,member,2026-05-01 00:00:00+00,2026-05-01,completed
4514,568,member,2026-05-01 00:00:00+00,2026-05-01,completed
4515,569,member,2026-05-01 00:00:00+00,2026-05-01,completed
4516,570,member,2026-05-01 00:00:00+00,2026-05-01,completed
4517,571,member,2026-05-01 00:00:00+00,2026-05-01,completed
4518,572,member,2026-05-01 00:00:00+00,2026-05-01,completed
4519,572,member,2026-05-01 00:00:00+00,2026-05-01,completed
4520,573,member,2026-05-01 00:00:00+00,2026-05-01,completed
4521,573,member,2026-05-01 00:00:00+00,2026-05-01,completed
4522,574,member,2026-05-01 00:00:00+00,2026-05-01,completed
4523,575,member,2026-05-01 00:00:00+00,2026-05-01,completed
4524,575,member,2026-05-01 00:00:00+00,2026-05-01,completed
4525,575,member,2026-05-01 00:00:00+00,2026-05-01,completed
4526,575,member,2026-05-01 00:00:00+00,2026-05-01,completed
4527,576,member,2026-05-01 00:00:00+00,2026-05-01,completed
4528,576,member,2026-05-01 00:00:00+00,2026-05-01,completed
4529,577,member,2026-05-01 00:00:00+00,2026-05-01,completed
4530,578,member,2026-05-01 00:00:00+00,2026-05-01,completed
4531,578,member,2026-05-01 00:00:00+00,2026-05-01,completed
4532,578,member,2026-05-01 00:00:00+00,2026-05-01,completed
4533,579,member,2026-05-01 00:00:00+00,2026-05-01,completed
4534,579,member,2026-05-01 00:00:00+00,2026-05-01,completed
4535,580,member,2026-05-01 00:00:00+00,2026-05-01,completed
4536,581,member,2026-05-01 00:00:00+00,2026-05-01,completed
4537,582,member,2026-05-01 00:00:00+00,2026-05-01,completed
4538,582,member,2026-05-01 00:00:00+00,2026-05-01,completed
4539,584,member,2026-05-01 00:00:00+00,2026-05-01,completed
4540,584,member,2026-05-01 00:00:00+00,2026-05-01,completed
4541,585,member,2026-05-01 00:00:00+00,2026-05-01,completed
4542,585,member,2026-05-01 00:00:00+00,2026-05-01,completed
4543,586,member,2026-05-01 00:00:00+00,2026-05-01,completed
4544,586,member,2026-05-01 00:00:00+00,2026-05-01,completed
4545,587,member,2026-05-01 00:00:00+00,2026-05-01,completed
4546,587,member,2026-05-01 00:00:00+00,2026-05-01,completed
4547,588,member,2026-05-01 00:00:00+00,2026-05-01,completed
4548,588,member,2026-05-01 00:00:00+00,2026-05-01,completed
4549,589,member,2026-05-01 00:00:00+00,2026-05-01,completed
4550,590,member,2026-05-01 00:00:00+00,2026-05-01,completed
4551,590,member,2026-05-01 00:00:00+00,2026-05-01,completed
4552,591,member,2026-05-01 00:00:00+00,2026-05-01,completed
4553,591,member,2026-05-01 00:00:00+00,2026-05-01,completed
4554,591,member,2026-05-01 00:00:00+00,2026-05-01,completed
4555,592,member,2026-05-01 00:00:00+00,2026-05-01,completed
4556,593,member,2026-05-01 00:00:00+00,2026-05-01,completed
4557,593,member,2026-05-01 00:00:00+00,2026-05-01,completed
4558,594,member,2026-05-01 00:00:00+00,2026-05-01,completed
4559,595,member,2026-05-01 00:00:00+00,2026-05-01,completed
4560,595,member,2026-05-01 00:00:00+00,2026-05-01,completed
4561,596,member,2026-05-01 00:00:00+00,2026-05-01,completed
4562,596,member,2026-05-01 00:00:00+00,2026-05-01,completed
4563,597,member,2026-05-01 00:00:00+00,2026-05-01,completed
4564,597,member,2026-05-01 00:00:00+00,2026-05-01,completed
4565,598,member,2026-05-01 00:00:00+00,2026-05-01,completed
4566,599,member,2026-05-01 00:00:00+00,2026-05-01,completed
4567,600,member,2026-05-01 00:00:00+00,2026-05-01,completed
4568,600,member,2026-05-01 00:00:00+00,2026-05-01,completed
4569,600,member,2026-05-01 00:00:00+00,2026-05-01,completed
4570,600,member,2026-05-01 00:00:00+00,2026-05-01,completed
4571,601,member,2026-05-01 00:00:00+00,2026-05-01,completed
4572,602,member,2026-05-01 00:00:00+00,2026-05-01,completed
4573,602,member,2026-05-01 00:00:00+00,2026-05-01,completed
4574,603,member,2026-05-01 00:00:00+00,2026-05-01,completed
4575,603,member,2026-05-01 00:00:00+00,2026-05-01,completed
4576,603,member,2026-05-01 00:00:00+00,2026-05-01,completed
4577,604,member,2026-05-01 00:00:00+00,2026-05-01,completed
4578,605,member,2026-05-01 00:00:00+00,2026-05-01,completed
4579,605,member,2026-05-01 00:00:00+00,2026-05-01,completed
4580,606,member,2026-05-01 00:00:00+00,2026-05-01,completed
4581,607,member,2026-05-01 00:00:00+00,2026-05-01,completed
4582,608,member,2026-05-01 00:00:00+00,2026-05-01,completed
4583,608,member,2026-05-01 00:00:00+00,2026-05-01,completed
4584,608,member,2026-05-01 00:00:00+00,2026-05-01,completed
4585,609,member,2026-05-01 00:00:00+00,2026-05-01,completed
4586,609,member,2026-05-01 00:00:00+00,2026-05-01,completed
4587,610,member,2026-05-01 00:00:00+00,2026-05-01,completed
4588,611,member,2026-05-01 00:00:00+00,2026-05-01,completed
4589,611,member,2026-05-01 00:00:00+00,2026-05-01,completed
4590,611,member,2026-05-01 00:00:00+00,2026-05-01,completed
4591,612,member,2026-05-01 00:00:00+00,2026-05-01,completed
4592,612,member,2026-05-01 00:00:00+00,2026-05-01,completed
4593,613,member,2026-05-01 00:00:00+00,2026-05-01,completed
4594,613,member,2026-05-01 00:00:00+00,2026-05-01,completed
4595,614,member,2026-05-01 00:00:00+00,2026-05-01,completed
4596,615,member,2026-05-01 00:00:00+00,2026-05-01,completed
4597,616,member,2026-05-01 00:00:00+00,2026-05-01,completed
4598,617,member,2026-05-01 00:00:00+00,2026-05-01,completed
4599,617,member,2026-05-01 00:00:00+00,2026-05-01,completed
4600,617,member,2026-05-01 00:00:00+00,2026-05-01,completed
4601,619,member,2026-05-01 00:00:00+00,2026-05-01,completed
4602,620,member,2026-05-01 00:00:00+00,2026-05-01,completed
4603,622,member,2026-05-01 00:00:00+00,2026-05-01,completed
4604,623,member,2026-05-01 00:00:00+00,2026-05-01,completed
4605,623,member,2026-05-01 00:00:00+00,2026-05-01,completed
4606,623,member,2026-05-01 00:00:00+00,2026-05-01,completed
4607,623,member,2026-05-01 00:00:00+00,2026-05-01,completed
4608,624,member,2026-05-01 00:00:00+00,2026-05-01,completed
4609,624,member,2026-05-01 00:00:00+00,2026-05-01,completed
4610,625,member,2026-05-01 00:00:00+00,2026-05-01,completed
4611,626,member,2026-05-01 00:00:00+00,2026-05-01,completed
4612,626,member,2026-05-01 00:00:00+00,2026-05-01,completed
4613,627,member,2026-05-01 00:00:00+00,2026-05-01,completed
4614,627,member,2026-05-01 00:00:00+00,2026-05-01,completed
4615,627,member,2026-05-01 00:00:00+00,2026-05-01,completed
4616,628,member,2026-05-01 00:00:00+00,2026-05-01,completed
4617,628,member,2026-05-01 00:00:00+00,2026-05-01,completed
4618,628,member,2026-05-01 00:00:00+00,2026-05-01,completed
4619,629,member,2026-05-01 00:00:00+00,2026-05-01,completed
4620,630,member,2026-05-01 00:00:00+00,2026-05-01,completed
4621,631,member,2026-05-01 00:00:00+00,2026-05-01,completed
4622,632,member,2026-05-01 00:00:00+00,2026-05-01,completed
4623,633,member,2026-05-01 00:00:00+00,2026-05-01,completed
4624,633,member,2026-05-01 00:00:00+00,2026-05-01,completed
4625,634,member,2026-05-01 00:00:00+00,2026-05-01,completed
4626,635,member,2026-05-01 00:00:00+00,2026-05-01,completed
4627,635,member,2026-05-01 00:00:00+00,2026-05-01,completed
4628,636,member,2026-05-01 00:00:00+00,2026-05-01,completed
4629,637,member,2026-05-01 00:00:00+00,2026-05-01,completed
4630,637,member,2026-05-01 00:00:00+00,2026-05-01,completed
4631,637,member,2026-05-01 00:00:00+00,2026-05-01,completed
4632,638,member,2026-05-01 00:00:00+00,2026-05-01,completed
4633,638,member,2026-05-01 00:00:00+00,2026-05-01,completed
4634,639,member,2026-05-01 00:00:00+00,2026-05-01,completed
4635,639,member,2026-05-01 00:00:00+00,2026-05-01,completed
4636,640,member,2026-05-01 00:00:00+00,2026-05-01,completed
4637,640,member,2026-05-01 00:00:00+00,2026-05-01,completed
4638,641,member,2026-05-01 00:00:00+00,2026-05-01,completed
4639,642,member,2026-05-01 00:00:00+00,2026-05-01,completed
4640,643,member,2026-05-01 00:00:00+00,2026-05-01,completed
4641,644,member,2026-05-01 00:00:00+00,2026-05-01,completed
4642,644,member,2026-05-01 00:00:00+00,2026-05-01,completed
4643,644,member,2026-05-01 00:00:00+00,2026-05-01,completed
4644,644,member,2026-05-01 00:00:00+00,2026-05-01,completed
4645,644,member,2026-05-01 00:00:00+00,2026-05-01,completed
4646,645,member,2026-05-01 00:00:00+00,2026-05-01,completed
4647,646,member,2026-05-01 00:00:00+00,2026-05-01,completed
4648,647,member,2026-05-01 00:00:00+00,2026-05-01,completed
4649,648,member,2026-05-01 00:00:00+00,2026-05-01,completed
4650,648,member,2026-05-01 00:00:00+00,2026-05-01,completed
4651,649,member,2026-05-01 00:00:00+00,2026-05-01,completed
4652,649,member,2026-05-01 00:00:00+00,2026-05-01,completed
4653,650,member,2026-05-01 00:00:00+00,2026-05-01,completed
4654,651,member,2026-05-01 00:00:00+00,2026-05-01,completed
4655,651,member,2026-05-01 00:00:00+00,2026-05-01,completed
4656,652,member,2026-05-01 00:00:00+00,2026-05-01,completed
4657,652,member,2026-05-01 00:00:00+00,2026-05-01,completed
4658,654,member,2026-05-01 00:00:00+00,2026-05-01,completed
4659,656,member,2026-05-01 00:00:00+00,2026-05-01,completed
4660,656,member,2026-05-01 00:00:00+00,2026-05-01,completed
4661,656,member,2026-05-01 00:00:00+00,2026-05-01,completed
4662,657,member,2026-05-01 00:00:00+00,2026-05-01,completed
4663,658,member,2026-05-01 00:00:00+00,2026-05-01,completed
4664,658,member,2026-05-01 00:00:00+00,2026-05-01,completed
4665,660,member,2026-05-01 00:00:00+00,2026-05-01,completed
4666,660,member,2026-05-01 00:00:00+00,2026-05-01,completed
4667,661,member,2026-05-01 00:00:00+00,2026-05-01,completed
4668,661,member,2026-05-01 00:00:00+00,2026-05-01,completed
4669,661,member,2026-05-01 00:00:00+00,2026-05-01,completed
4670,661,member,2026-05-01 00:00:00+00,2026-05-01,completed
4671,662,member,2026-05-01 00:00:00+00,2026-05-01,completed
4672,663,member,2026-05-01 00:00:00+00,2026-05-01,completed
4673,664,member,2026-05-01 00:00:00+00,2026-05-01,completed
4674,664,member,2026-05-01 00:00:00+00,2026-05-01,completed
4675,665,member,2026-05-01 00:00:00+00,2026-05-01,completed
4676,665,member,2026-05-01 00:00:00+00,2026-05-01,completed
4677,666,member,2026-05-01 00:00:00+00,2026-05-01,completed
4678,667,member,2026-05-01 00:00:00+00,2026-05-01,completed
4679,668,member,2026-05-01 00:00:00+00,2026-05-01,completed
4680,668,member,2026-05-01 00:00:00+00,2026-05-01,completed
4681,669,member,2026-05-01 00:00:00+00,2026-05-01,completed
4682,671,member,2026-05-01 00:00:00+00,2026-05-01,completed
4683,671,member,2026-05-01 00:00:00+00,2026-05-01,completed
4684,672,member,2026-05-01 00:00:00+00,2026-05-01,completed
4685,673,member,2026-05-01 00:00:00+00,2026-05-01,completed
4686,673,member,2026-05-01 00:00:00+00,2026-05-01,completed
4687,674,member,2026-05-01 00:00:00+00,2026-05-01,completed
4688,675,member,2026-05-01 00:00:00+00,2026-05-01,completed
4689,676,member,2026-05-01 00:00:00+00,2026-05-01,completed
4690,677,member,2026-05-01 00:00:00+00,2026-05-01,completed
4691,677,member,2026-05-01 00:00:00+00,2026-05-01,completed
4692,678,member,2026-05-01 00:00:00+00,2026-05-01,completed
4693,679,member,2026-05-01 00:00:00+00,2026-05-01,completed
4694,680,member,2026-05-01 00:00:00+00,2026-05-01,completed
4695,680,member,2026-05-01 00:00:00+00,2026-05-01,completed
4696,681,member,2026-05-01 00:00:00+00,2026-05-01,completed
4697,681,member,2026-05-01 00:00:00+00,2026-05-01,completed
4698,682,member,2026-05-01 00:00:00+00,2026-05-01,completed
4699,682,member,2026-05-01 00:00:00+00,2026-05-01,completed
4700,683,member,2026-05-01 00:00:00+00,2026-05-01,completed
4701,684,member,2026-05-01 00:00:00+00,2026-05-01,completed
4702,685,member,2026-05-01 00:00:00+00,2026-05-01,completed
4703,686,member,2026-05-01 00:00:00+00,2026-05-01,completed
4704,686,member,2026-05-01 00:00:00+00,2026-05-01,completed
4705,687,member,2026-05-01 00:00:00+00,2026-05-01,completed
4706,688,member,2026-05-01 00:00:00+00,2026-05-01,completed
4707,688,member,2026-05-01 00:00:00+00,2026-05-01,completed
4708,688,member,2026-05-01 00:00:00+00,2026-05-01,completed
4709,688,member,2026-05-01 00:00:00+00,2026-05-01,completed
4710,689,member,2026-05-01 00:00:00+00,2026-05-01,completed
4711,690,member,2026-05-01 00:00:00+00,2026-05-01,completed
4712,691,member,2026-05-01 00:00:00+00,2026-05-01,completed
4713,692,member,2026-05-01 00:00:00+00,2026-05-01,completed
4714,693,member,2026-05-01 00:00:00+00,2026-05-01,completed
4715,693,member,2026-05-01 00:00:00+00,2026-05-01,completed
4716,694,member,2026-05-01 00:00:00+00,2026-05-01,completed
4717,695,member,2026-05-01 00:00:00+00,2026-05-01,completed
4718,696,member,2026-05-01 00:00:00+00,2026-05-01,completed
4719,696,member,2026-05-01 00:00:00+00,2026-05-01,completed
4720,696,member,2026-05-01 00:00:00+00,2026-05-01,completed
4721,697,member,2026-05-01 00:00:00+00,2026-05-01,completed
4722,698,member,2026-05-01 00:00:00+00,2026-05-01,completed
4723,698,member,2026-05-01 00:00:00+00,2026-05-01,completed
4724,698,member,2026-05-01 00:00:00+00,2026-05-01,completed
4725,699,member,2026-05-01 00:00:00+00,2026-05-01,completed
4726,699,member,2026-05-01 00:00:00+00,2026-05-01,completed
4727,699,member,2026-05-01 00:00:00+00,2026-05-01,completed
4728,700,member,2026-05-01 00:00:00+00,2026-05-01,completed
4729,700,member,2026-05-01 00:00:00+00,2026-05-01,completed
4730,701,member,2026-05-01 00:00:00+00,2026-05-01,completed
4731,703,member,2026-05-01 00:00:00+00,2026-05-01,completed
4732,703,member,2026-05-01 00:00:00+00,2026-05-01,completed
4733,703,member,2026-05-01 00:00:00+00,2026-05-01,completed
4734,704,member,2026-05-01 00:00:00+00,2026-05-01,completed
4735,705,member,2026-05-01 00:00:00+00,2026-05-01,completed
4736,705,member,2026-05-01 00:00:00+00,2026-05-01,completed
4737,706,member,2026-05-01 00:00:00+00,2026-05-01,completed
4738,706,member,2026-05-01 00:00:00+00,2026-05-01,completed
4739,707,member,2026-05-01 00:00:00+00,2026-05-01,completed
4740,708,member,2026-05-01 00:00:00+00,2026-05-01,completed
4741,709,member,2026-05-01 00:00:00+00,2026-05-01,completed
4742,709,member,2026-05-01 00:00:00+00,2026-05-01,completed
4743,710,member,2026-05-01 00:00:00+00,2026-05-01,completed
4744,711,member,2026-05-01 00:00:00+00,2026-05-01,completed
4745,712,member,2026-05-01 00:00:00+00,2026-05-01,completed
4746,713,member,2026-05-01 00:00:00+00,2026-05-01,completed
4747,714,member,2026-05-01 00:00:00+00,2026-05-01,completed
4748,714,member,2026-05-01 00:00:00+00,2026-05-01,completed
4749,715,member,2026-05-01 00:00:00+00,2026-05-01,completed
4750,717,member,2026-05-01 00:00:00+00,2026-05-01,completed
4751,718,member,2026-05-01 00:00:00+00,2026-05-01,completed
4752,719,member,2026-05-01 00:00:00+00,2026-05-01,completed
4753,720,member,2026-05-01 00:00:00+00,2026-05-01,completed
4754,721,member,2026-05-01 00:00:00+00,2026-05-01,completed
4755,721,member,2026-05-01 00:00:00+00,2026-05-01,completed
4756,722,member,2026-05-01 00:00:00+00,2026-05-01,completed
4757,723,member,2026-05-01 00:00:00+00,2026-05-01,completed
4758,724,member,2026-05-01 00:00:00+00,2026-05-01,completed
4759,725,member,2026-05-01 00:00:00+00,2026-05-01,completed
4760,727,member,2026-05-01 00:00:00+00,2026-05-01,completed
4761,728,member,2026-05-01 00:00:00+00,2026-05-01,completed
4762,729,member,2026-05-01 00:00:00+00,2026-05-01,completed
4763,730,member,2026-05-01 00:00:00+00,2026-05-01,completed
4764,731,member,2026-05-01 00:00:00+00,2026-05-01,completed
4765,732,member,2026-05-01 00:00:00+00,2026-05-01,completed
4766,733,member,2026-05-01 00:00:00+00,2026-05-01,completed
4767,734,member,2026-05-01 00:00:00+00,2026-05-01,completed
4768,734,member,2026-05-01 00:00:00+00,2026-05-01,completed
4769,735,member,2026-05-01 00:00:00+00,2026-05-01,completed
4770,736,member,2026-05-01 00:00:00+00,2026-05-01,completed
4771,737,member,2026-05-01 00:00:00+00,2026-05-01,completed
4772,738,member,2026-05-01 00:00:00+00,2026-05-01,completed
4773,738,member,2026-05-01 00:00:00+00,2026-05-01,completed
4774,739,member,2026-05-01 00:00:00+00,2026-05-01,completed
4775,740,member,2026-05-01 00:00:00+00,2026-05-01,completed
4776,741,member,2026-05-01 00:00:00+00,2026-05-01,completed
4777,741,member,2026-05-01 00:00:00+00,2026-05-01,completed
4778,743,member,2026-05-01 00:00:00+00,2026-05-01,completed
4779,744,member,2026-05-01 00:00:00+00,2026-05-01,completed
4780,745,member,2026-05-01 00:00:00+00,2026-05-01,completed
4781,745,member,2026-05-01 00:00:00+00,2026-05-01,completed
4782,746,member,2026-05-01 00:00:00+00,2026-05-01,completed
4783,747,member,2026-05-01 00:00:00+00,2026-05-01,completed
4784,748,member,2026-05-01 00:00:00+00,2026-05-01,completed
4785,749,member,2026-05-01 00:00:00+00,2026-05-01,completed
4786,750,member,2026-05-01 00:00:00+00,2026-05-01,completed
4787,750,member,2026-05-01 00:00:00+00,2026-05-01,completed
4788,751,member,2026-05-01 00:00:00+00,2026-05-01,completed
4789,752,member,2026-05-01 00:00:00+00,2026-05-01,completed
4790,753,member,2026-05-01 00:00:00+00,2026-05-01,completed
4791,754,member,2026-05-01 00:00:00+00,2026-05-01,completed
4792,754,member,2026-05-01 00:00:00+00,2026-05-01,completed
4793,755,member,2026-05-01 00:00:00+00,2026-05-01,completed
4794,755,member,2026-05-01 00:00:00+00,2026-05-01,completed
4795,756,member,2026-05-01 00:00:00+00,2026-05-01,completed
4796,757,member,2026-05-01 00:00:00+00,2026-05-01,completed
4797,757,member,2026-05-01 00:00:00+00,2026-05-01,completed
4798,758,member,2026-05-01 00:00:00+00,2026-05-01,completed
4799,758,member,2026-05-01 00:00:00+00,2026-05-01,completed
4800,759,member,2026-05-01 00:00:00+00,2026-05-01,completed
4801,760,member,2026-05-01 00:00:00+00,2026-05-01,completed
4802,761,member,2026-05-01 00:00:00+00,2026-05-01,completed
4803,761,member,2026-05-01 00:00:00+00,2026-05-01,completed
4804,762,member,2026-05-01 00:00:00+00,2026-05-01,completed
4805,763,member,2026-05-01 00:00:00+00,2026-05-01,completed
4806,764,member,2026-05-01 00:00:00+00,2026-05-01,completed
4807,765,member,2026-05-01 00:00:00+00,2026-05-01,completed
4808,766,member,2026-05-01 00:00:00+00,2026-05-01,completed
4809,766,member,2026-05-01 00:00:00+00,2026-05-01,completed
4810,767,member,2026-05-01 00:00:00+00,2026-05-01,completed
4811,768,member,2026-05-01 00:00:00+00,2026-05-01,completed
4812,768,member,2026-05-01 00:00:00+00,2026-05-01,completed
4813,769,member,2026-05-01 00:00:00+00,2026-05-01,completed
4814,769,member,2026-05-01 00:00:00+00,2026-05-01,completed
4815,769,member,2026-05-01 00:00:00+00,2026-05-01,completed
4816,770,member,2026-05-01 00:00:00+00,2026-05-01,completed
4817,771,member,2026-05-01 00:00:00+00,2026-05-01,completed
4818,772,member,2026-05-01 00:00:00+00,2026-05-01,completed
4819,772,member,2026-05-01 00:00:00+00,2026-05-01,completed
4820,773,member,2026-05-01 00:00:00+00,2026-05-01,completed
4821,774,member,2026-05-01 00:00:00+00,2026-05-01,completed
4822,775,member,2026-05-01 00:00:00+00,2026-05-01,completed
4823,775,member,2026-05-01 00:00:00+00,2026-05-01,completed
4824,776,member,2026-05-01 00:00:00+00,2026-05-01,completed
4825,777,member,2026-05-01 00:00:00+00,2026-05-01,completed
4826,777,member,2026-05-01 00:00:00+00,2026-05-01,completed
4827,778,member,2026-05-01 00:00:00+00,2026-05-01,completed
4828,779,member,2026-05-01 00:00:00+00,2026-05-01,completed
4829,780,member,2026-05-01 00:00:00+00,2026-05-01,completed
4830,781,member,2026-05-01 00:00:00+00,2026-05-01,completed
4831,782,member,2026-05-01 00:00:00+00,2026-05-01,completed
4832,783,member,2026-05-01 00:00:00+00,2026-05-01,completed
4833,784,member,2026-05-01 00:00:00+00,2026-05-01,completed
4834,785,member,2026-05-01 00:00:00+00,2026-05-01,completed
4835,786,member,2026-05-01 00:00:00+00,2026-05-01,completed
4836,787,member,2026-05-01 00:00:00+00,2026-05-01,completed
4837,788,member,2026-05-01 00:00:00+00,2026-05-01,completed
4838,789,member,2026-05-01 00:00:00+00,2026-05-01,completed
4839,790,member,2026-05-01 00:00:00+00,2026-05-01,completed
4840,791,member,2026-05-01 00:00:00+00,2026-05-01,completed
4841,792,member,2026-05-01 00:00:00+00,2026-05-01,completed
4842,793,member,2026-05-01 00:00:00+00,2026-05-01,completed
4843,794,member,2026-05-01 00:00:00+00,2026-05-01,completed
4844,794,member,2026-05-01 00:00:00+00,2026-05-01,completed
4845,795,member,2026-05-01 00:00:00+00,2026-05-01,completed
4846,796,member,2026-05-01 00:00:00+00,2026-05-01,completed
4847,796,member,2026-05-01 00:00:00+00,2026-05-01,completed
4848,797,member,2026-05-01 00:00:00+00,2026-05-01,completed
4849,798,member,2026-05-01 00:00:00+00,2026-05-01,completed
4850,798,member,2026-05-01 00:00:00+00,2026-05-01,completed
4851,799,member,2026-05-01 00:00:00+00,2026-05-01,completed
4852,800,member,2026-05-01 00:00:00+00,2026-05-01,completed
4853,801,member,2026-05-01 00:00:00+00,2026-05-01,completed
4854,802,member,2026-05-01 00:00:00+00,2026-05-01,completed
4855,803,member,2026-05-01 00:00:00+00,2026-05-01,completed
4856,803,member,2026-05-01 00:00:00+00,2026-05-01,completed
4857,804,member,2026-05-01 00:00:00+00,2026-05-01,completed
4858,804,member,2026-05-01 00:00:00+00,2026-05-01,completed
4859,805,member,2026-05-01 00:00:00+00,2026-05-01,completed
4860,806,member,2026-05-01 00:00:00+00,2026-05-01,completed
4861,807,member,2026-05-01 00:00:00+00,2026-05-01,completed
4862,808,member,2026-05-01 00:00:00+00,2026-05-01,completed
4863,809,member,2026-05-01 00:00:00+00,2026-05-01,completed
4864,810,member,2026-05-01 00:00:00+00,2026-05-01,completed
4865,811,member,2026-05-01 00:00:00+00,2026-05-01,completed
4866,812,member,2026-05-01 00:00:00+00,2026-05-01,completed
4867,813,member,2026-05-01 00:00:00+00,2026-05-01,completed
4868,814,member,2026-05-01 00:00:00+00,2026-05-01,completed
4869,815,member,2026-05-01 00:00:00+00,2026-05-01,completed
4870,816,member,2026-05-01 00:00:00+00,2026-05-01,completed
4871,817,member,2026-05-01 00:00:00+00,2026-05-01,completed
4872,818,member,2026-05-01 00:00:00+00,2026-05-01,completed
4873,819,member,2026-05-01 00:00:00+00,2026-05-01,completed
4874,820,member,2026-05-01 00:00:00+00,2026-05-01,completed
4875,821,member,2026-05-01 00:00:00+00,2026-05-01,completed
4876,822,member,2026-05-01 00:00:00+00,2026-05-01,completed
4877,823,member,2026-05-01 00:00:00+00,2026-05-01,completed
4878,824,member,2026-05-01 00:00:00+00,2026-05-01,completed
4879,825,member,2026-05-01 00:00:00+00,2026-05-01,completed
4880,826,member,2026-05-01 00:00:00+00,2026-05-01,completed
4881,826,member,2026-05-01 00:00:00+00,2026-05-01,completed
4882,827,member,2026-05-01 00:00:00+00,2026-05-01,completed
4883,828,member,2026-05-01 00:00:00+00,2026-05-01,completed
4884,828,member,2026-05-01 00:00:00+00,2026-05-01,completed
4885,829,member,2026-05-01 00:00:00+00,2026-05-01,completed
4886,831,member,2026-05-01 00:00:00+00,2026-05-01,completed
4887,831,member,2026-05-01 00:00:00+00,2026-05-01,completed
4888,1,member,2026-06-01 00:00:00+00,2026-06-01,completed
4889,1,member,2026-06-01 00:00:00+00,2026-06-01,completed
4890,2,member,2026-06-01 00:00:00+00,2026-06-01,completed
4891,2,member,2026-06-01 00:00:00+00,2026-06-01,completed
4892,2,member,2026-06-01 00:00:00+00,2026-06-01,completed
4893,2,member,2026-06-01 00:00:00+00,2026-06-01,completed
4894,2,member,2026-06-01 00:00:00+00,2026-06-01,completed
4895,3,member,2026-06-01 00:00:00+00,2026-06-01,completed
4896,3,member,2026-06-01 00:00:00+00,2026-06-01,completed
4897,3,member,2026-06-01 00:00:00+00,2026-06-01,completed
4898,3,member,2026-06-01 00:00:00+00,2026-06-01,completed
4899,4,member,2026-06-01 00:00:00+00,2026-06-01,completed
4900,4,member,2026-06-01 00:00:00+00,2026-06-01,completed
4901,5,member,2026-06-01 00:00:00+00,2026-06-01,completed
4902,6,member,2026-06-01 00:00:00+00,2026-06-01,completed
4903,7,member,2026-06-01 00:00:00+00,2026-06-01,completed
4904,7,member,2026-06-01 00:00:00+00,2026-06-01,completed
4905,7,member,2026-06-01 00:00:00+00,2026-06-01,completed
4906,7,member,2026-06-01 00:00:00+00,2026-06-01,completed
4907,7,member,2026-06-01 00:00:00+00,2026-06-01,completed
4908,9,member,2026-06-01 00:00:00+00,2026-06-01,completed
4909,10,member,2026-06-01 00:00:00+00,2026-06-01,completed
4910,11,member,2026-06-01 00:00:00+00,2026-06-01,completed
4911,11,member,2026-06-01 00:00:00+00,2026-06-01,completed
4912,11,member,2026-06-01 00:00:00+00,2026-06-01,completed
4913,11,member,2026-06-01 00:00:00+00,2026-06-01,completed
4914,12,member,2026-06-01 00:00:00+00,2026-06-01,completed
4915,12,member,2026-06-01 00:00:00+00,2026-06-01,completed
4916,12,member,2026-06-01 00:00:00+00,2026-06-01,completed
4917,12,member,2026-06-01 00:00:00+00,2026-06-01,completed
4918,12,member,2026-06-01 00:00:00+00,2026-06-01,completed
4919,12,member,2026-06-01 00:00:00+00,2026-06-01,completed
4920,12,member,2026-06-01 00:00:00+00,2026-06-01,completed
4921,12,member,2026-06-01 00:00:00+00,2026-06-01,completed
4922,12,member,2026-06-01 00:00:00+00,2026-06-01,completed
4923,12,member,2026-06-01 00:00:00+00,2026-06-01,completed
4924,12,member,2026-06-01 00:00:00+00,2026-06-01,completed
4925,13,member,2026-06-01 00:00:00+00,2026-06-01,completed
4926,14,member,2026-06-01 00:00:00+00,2026-06-01,completed
4927,14,member,2026-06-01 00:00:00+00,2026-06-01,completed
4928,14,member,2026-06-01 00:00:00+00,2026-06-01,completed
4929,15,member,2026-06-01 00:00:00+00,2026-06-01,completed
4930,15,member,2026-06-01 00:00:00+00,2026-06-01,completed
4931,15,member,2026-06-01 00:00:00+00,2026-06-01,completed
4932,16,member,2026-06-01 00:00:00+00,2026-06-01,completed
4933,17,member,2026-06-01 00:00:00+00,2026-06-01,completed
4934,17,member,2026-06-01 00:00:00+00,2026-06-01,completed
4935,17,member,2026-06-01 00:00:00+00,2026-06-01,completed
4936,18,member,2026-06-01 00:00:00+00,2026-06-01,completed
4937,18,member,2026-06-01 00:00:00+00,2026-06-01,completed
4938,18,member,2026-06-01 00:00:00+00,2026-06-01,completed
4939,19,member,2026-06-01 00:00:00+00,2026-06-01,completed
4940,19,member,2026-06-01 00:00:00+00,2026-06-01,completed
4941,19,member,2026-06-01 00:00:00+00,2026-06-01,completed
4942,19,member,2026-06-01 00:00:00+00,2026-06-01,completed
4943,19,member,2026-06-01 00:00:00+00,2026-06-01,completed
4944,20,member,2026-06-01 00:00:00+00,2026-06-01,completed
4945,21,member,2026-06-01 00:00:00+00,2026-06-01,completed
4946,22,member,2026-06-01 00:00:00+00,2026-06-01,completed
4947,22,member,2026-06-01 00:00:00+00,2026-06-01,completed
4948,22,member,2026-06-01 00:00:00+00,2026-06-01,completed
4949,23,member,2026-06-01 00:00:00+00,2026-06-01,completed
4950,24,member,2026-06-01 00:00:00+00,2026-06-01,completed
4951,24,member,2026-06-01 00:00:00+00,2026-06-01,completed
4952,24,member,2026-06-01 00:00:00+00,2026-06-01,completed
4953,24,member,2026-06-01 00:00:00+00,2026-06-01,completed
4954,24,member,2026-06-01 00:00:00+00,2026-06-01,completed
4955,25,member,2026-06-01 00:00:00+00,2026-06-01,completed
4956,25,member,2026-06-01 00:00:00+00,2026-06-01,completed
4957,25,member,2026-06-01 00:00:00+00,2026-06-01,completed
4958,25,member,2026-06-01 00:00:00+00,2026-06-01,completed
4959,25,member,2026-06-01 00:00:00+00,2026-06-01,completed
4960,26,member,2026-06-01 00:00:00+00,2026-06-01,completed
4961,27,member,2026-06-01 00:00:00+00,2026-06-01,completed
4962,28,member,2026-06-01 00:00:00+00,2026-06-01,completed
4963,29,member,2026-06-01 00:00:00+00,2026-06-01,completed
4964,30,member,2026-06-01 00:00:00+00,2026-06-01,completed
4965,30,member,2026-06-01 00:00:00+00,2026-06-01,completed
4966,30,member,2026-06-01 00:00:00+00,2026-06-01,completed
4967,32,member,2026-06-01 00:00:00+00,2026-06-01,completed
4968,32,member,2026-06-01 00:00:00+00,2026-06-01,completed
4969,32,member,2026-06-01 00:00:00+00,2026-06-01,completed
4970,32,member,2026-06-01 00:00:00+00,2026-06-01,completed
4971,33,member,2026-06-01 00:00:00+00,2026-06-01,completed
4972,33,member,2026-06-01 00:00:00+00,2026-06-01,completed
4973,33,member,2026-06-01 00:00:00+00,2026-06-01,completed
4974,33,member,2026-06-01 00:00:00+00,2026-06-01,completed
4975,34,member,2026-06-01 00:00:00+00,2026-06-01,completed
4976,35,member,2026-06-01 00:00:00+00,2026-06-01,completed
4977,35,member,2026-06-01 00:00:00+00,2026-06-01,completed
4978,37,member,2026-06-01 00:00:00+00,2026-06-01,completed
4979,38,member,2026-06-01 00:00:00+00,2026-06-01,completed
4980,38,member,2026-06-01 00:00:00+00,2026-06-01,completed
4981,39,member,2026-06-01 00:00:00+00,2026-06-01,completed
4982,39,member,2026-06-01 00:00:00+00,2026-06-01,completed
4983,39,member,2026-06-01 00:00:00+00,2026-06-01,completed
4984,40,member,2026-06-01 00:00:00+00,2026-06-01,completed
4985,42,member,2026-06-01 00:00:00+00,2026-06-01,completed
4986,43,member,2026-06-01 00:00:00+00,2026-06-01,completed
4987,43,member,2026-06-01 00:00:00+00,2026-06-01,completed
4988,44,member,2026-06-01 00:00:00+00,2026-06-01,completed
4989,44,member,2026-06-01 00:00:00+00,2026-06-01,completed
4990,44,member,2026-06-01 00:00:00+00,2026-06-01,completed
4991,44,member,2026-06-01 00:00:00+00,2026-06-01,completed
4992,44,member,2026-06-01 00:00:00+00,2026-06-01,completed
4993,44,member,2026-06-01 00:00:00+00,2026-06-01,completed
4994,44,member,2026-06-01 00:00:00+00,2026-06-01,completed
4995,44,member,2026-06-01 00:00:00+00,2026-06-01,completed
4996,44,member,2026-06-01 00:00:00+00,2026-06-01,completed
4997,44,member,2026-06-01 00:00:00+00,2026-06-01,completed
4998,45,member,2026-06-01 00:00:00+00,2026-06-01,completed
4999,45,member,2026-06-01 00:00:00+00,2026-06-01,completed
5000,45,member,2026-06-01 00:00:00+00,2026-06-01,completed
5001,45,member,2026-06-01 00:00:00+00,2026-06-01,completed
5002,45,member,2026-06-01 00:00:00+00,2026-06-01,completed
5003,45,member,2026-06-01 00:00:00+00,2026-06-01,completed
5004,45,member,2026-06-01 00:00:00+00,2026-06-01,completed
5005,45,member,2026-06-01 00:00:00+00,2026-06-01,completed
5006,45,member,2026-06-01 00:00:00+00,2026-06-01,completed
5007,45,member,2026-06-01 00:00:00+00,2026-06-01,completed
5008,45,member,2026-06-01 00:00:00+00,2026-06-01,completed
5009,45,member,2026-06-01 00:00:00+00,2026-06-01,completed
5010,46,member,2026-06-01 00:00:00+00,2026-06-01,completed
5011,47,member,2026-06-01 00:00:00+00,2026-06-01,completed
5012,48,member,2026-06-01 00:00:00+00,2026-06-01,completed
5013,48,member,2026-06-01 00:00:00+00,2026-06-01,completed
5014,48,member,2026-06-01 00:00:00+00,2026-06-01,completed
5015,49,member,2026-06-01 00:00:00+00,2026-06-01,completed
5016,50,member,2026-06-01 00:00:00+00,2026-06-01,completed
5017,50,member,2026-06-01 00:00:00+00,2026-06-01,completed
5018,51,member,2026-06-01 00:00:00+00,2026-06-01,completed
5019,51,member,2026-06-01 00:00:00+00,2026-06-01,completed
5020,51,member,2026-06-01 00:00:00+00,2026-06-01,completed
5021,52,member,2026-06-01 00:00:00+00,2026-06-01,completed
5022,52,member,2026-06-01 00:00:00+00,2026-06-01,completed
5023,53,member,2026-06-01 00:00:00+00,2026-06-01,completed
5024,55,member,2026-06-01 00:00:00+00,2026-06-01,completed
5025,56,member,2026-06-01 00:00:00+00,2026-06-01,completed
5026,56,member,2026-06-01 00:00:00+00,2026-06-01,completed
5027,57,member,2026-06-01 00:00:00+00,2026-06-01,completed
5028,58,member,2026-06-01 00:00:00+00,2026-06-01,completed
5029,59,member,2026-06-01 00:00:00+00,2026-06-01,completed
5030,60,member,2026-06-01 00:00:00+00,2026-06-01,completed
5031,61,member,2026-06-01 00:00:00+00,2026-06-01,completed
5032,61,member,2026-06-01 00:00:00+00,2026-06-01,completed
5033,63,member,2026-06-01 00:00:00+00,2026-06-01,completed
5034,63,member,2026-06-01 00:00:00+00,2026-06-01,completed
5035,66,member,2026-06-01 00:00:00+00,2026-06-01,completed
5036,66,member,2026-06-01 00:00:00+00,2026-06-01,completed
5037,67,member,2026-06-01 00:00:00+00,2026-06-01,completed
5038,68,member,2026-06-01 00:00:00+00,2026-06-01,completed
5039,68,member,2026-06-01 00:00:00+00,2026-06-01,completed
5040,69,member,2026-06-01 00:00:00+00,2026-06-01,completed
5041,71,member,2026-06-01 00:00:00+00,2026-06-01,completed
5042,72,member,2026-06-01 00:00:00+00,2026-06-01,completed
5043,73,member,2026-06-01 00:00:00+00,2026-06-01,completed
5044,74,member,2026-06-01 00:00:00+00,2026-06-01,completed
5045,74,member,2026-06-01 00:00:00+00,2026-06-01,completed
5046,75,member,2026-06-01 00:00:00+00,2026-06-01,completed
5047,76,member,2026-06-01 00:00:00+00,2026-06-01,completed
5048,77,member,2026-06-01 00:00:00+00,2026-06-01,completed
5049,78,member,2026-06-01 00:00:00+00,2026-06-01,completed
5050,79,member,2026-06-01 00:00:00+00,2026-06-01,completed
5051,79,member,2026-06-01 00:00:00+00,2026-06-01,completed
5052,80,member,2026-06-01 00:00:00+00,2026-06-01,completed
5053,80,member,2026-06-01 00:00:00+00,2026-06-01,completed
5054,80,member,2026-06-01 00:00:00+00,2026-06-01,completed
5055,80,member,2026-06-01 00:00:00+00,2026-06-01,completed
5056,80,member,2026-06-01 00:00:00+00,2026-06-01,completed
5057,81,member,2026-06-01 00:00:00+00,2026-06-01,completed
5058,81,member,2026-06-01 00:00:00+00,2026-06-01,completed
5059,81,member,2026-06-01 00:00:00+00,2026-06-01,completed
5060,82,member,2026-06-01 00:00:00+00,2026-06-01,completed
5061,85,member,2026-06-01 00:00:00+00,2026-06-01,completed
5062,86,member,2026-06-01 00:00:00+00,2026-06-01,completed
5063,87,member,2026-06-01 00:00:00+00,2026-06-01,completed
5064,88,member,2026-06-01 00:00:00+00,2026-06-01,completed
5065,88,member,2026-06-01 00:00:00+00,2026-06-01,completed
5066,89,member,2026-06-01 00:00:00+00,2026-06-01,completed
5067,89,member,2026-06-01 00:00:00+00,2026-06-01,completed
5068,89,member,2026-06-01 00:00:00+00,2026-06-01,completed
5069,91,member,2026-06-01 00:00:00+00,2026-06-01,completed
5070,91,member,2026-06-01 00:00:00+00,2026-06-01,completed
5071,92,member,2026-06-01 00:00:00+00,2026-06-01,completed
5072,93,member,2026-06-01 00:00:00+00,2026-06-01,completed
5073,93,member,2026-06-01 00:00:00+00,2026-06-01,completed
5074,95,member,2026-06-01 00:00:00+00,2026-06-01,completed
5075,96,member,2026-06-01 00:00:00+00,2026-06-01,completed
5076,97,member,2026-06-01 00:00:00+00,2026-06-01,completed
5077,97,member,2026-06-01 00:00:00+00,2026-06-01,completed
5078,97,member,2026-06-01 00:00:00+00,2026-06-01,completed
5079,98,member,2026-06-01 00:00:00+00,2026-06-01,completed
5080,100,member,2026-06-01 00:00:00+00,2026-06-01,completed
5081,100,member,2026-06-01 00:00:00+00,2026-06-01,completed
5082,101,member,2026-06-01 00:00:00+00,2026-06-01,completed
5083,102,member,2026-06-01 00:00:00+00,2026-06-01,completed
5084,104,member,2026-06-01 00:00:00+00,2026-06-01,completed
5085,104,member,2026-06-01 00:00:00+00,2026-06-01,completed
5086,106,member,2026-06-01 00:00:00+00,2026-06-01,completed
5087,106,member,2026-06-01 00:00:00+00,2026-06-01,completed
5088,106,member,2026-06-01 00:00:00+00,2026-06-01,completed
5089,107,member,2026-06-01 00:00:00+00,2026-06-01,completed
5090,108,member,2026-06-01 00:00:00+00,2026-06-01,completed
5091,109,member,2026-06-01 00:00:00+00,2026-06-01,completed
5092,109,member,2026-06-01 00:00:00+00,2026-06-01,completed
5093,109,member,2026-06-01 00:00:00+00,2026-06-01,completed
5094,110,member,2026-06-01 00:00:00+00,2026-06-01,completed
5095,111,member,2026-06-01 00:00:00+00,2026-06-01,completed
5096,111,member,2026-06-01 00:00:00+00,2026-06-01,completed
5097,113,member,2026-06-01 00:00:00+00,2026-06-01,completed
5098,113,member,2026-06-01 00:00:00+00,2026-06-01,completed
5099,114,member,2026-06-01 00:00:00+00,2026-06-01,completed
5100,116,member,2026-06-01 00:00:00+00,2026-06-01,completed
5101,117,member,2026-06-01 00:00:00+00,2026-06-01,completed
5102,117,member,2026-06-01 00:00:00+00,2026-06-01,completed
5103,117,member,2026-06-01 00:00:00+00,2026-06-01,completed
5104,117,member,2026-06-01 00:00:00+00,2026-06-01,completed
5105,118,member,2026-06-01 00:00:00+00,2026-06-01,completed
5106,119,member,2026-06-01 00:00:00+00,2026-06-01,completed
5107,119,member,2026-06-01 00:00:00+00,2026-06-01,completed
5108,119,member,2026-06-01 00:00:00+00,2026-06-01,completed
5109,120,member,2026-06-01 00:00:00+00,2026-06-01,completed
5110,120,member,2026-06-01 00:00:00+00,2026-06-01,completed
5111,120,member,2026-06-01 00:00:00+00,2026-06-01,completed
5112,121,member,2026-06-01 00:00:00+00,2026-06-01,completed
5113,122,member,2026-06-01 00:00:00+00,2026-06-01,completed
5114,123,member,2026-06-01 00:00:00+00,2026-06-01,completed
5115,123,member,2026-06-01 00:00:00+00,2026-06-01,completed
5116,123,member,2026-06-01 00:00:00+00,2026-06-01,completed
5117,124,member,2026-06-01 00:00:00+00,2026-06-01,completed
5118,125,member,2026-06-01 00:00:00+00,2026-06-01,completed
5119,125,member,2026-06-01 00:00:00+00,2026-06-01,completed
5120,126,member,2026-06-01 00:00:00+00,2026-06-01,completed
5121,127,member,2026-06-01 00:00:00+00,2026-06-01,completed
5122,129,member,2026-06-01 00:00:00+00,2026-06-01,completed
5123,129,member,2026-06-01 00:00:00+00,2026-06-01,completed
5124,132,member,2026-06-01 00:00:00+00,2026-06-01,completed
5125,132,member,2026-06-01 00:00:00+00,2026-06-01,completed
5126,133,member,2026-06-01 00:00:00+00,2026-06-01,completed
5127,134,member,2026-06-01 00:00:00+00,2026-06-01,completed
5128,135,member,2026-06-01 00:00:00+00,2026-06-01,completed
5129,136,member,2026-06-01 00:00:00+00,2026-06-01,completed
5130,136,member,2026-06-01 00:00:00+00,2026-06-01,completed
5131,137,member,2026-06-01 00:00:00+00,2026-06-01,completed
5132,138,member,2026-06-01 00:00:00+00,2026-06-01,completed
5133,138,member,2026-06-01 00:00:00+00,2026-06-01,completed
5134,139,member,2026-06-01 00:00:00+00,2026-06-01,completed
5135,140,member,2026-06-01 00:00:00+00,2026-06-01,completed
5136,142,member,2026-06-01 00:00:00+00,2026-06-01,completed
5137,143,member,2026-06-01 00:00:00+00,2026-06-01,completed
5138,144,member,2026-06-01 00:00:00+00,2026-06-01,completed
5139,144,member,2026-06-01 00:00:00+00,2026-06-01,completed
5140,145,member,2026-06-01 00:00:00+00,2026-06-01,completed
5141,146,member,2026-06-01 00:00:00+00,2026-06-01,completed
5142,146,member,2026-06-01 00:00:00+00,2026-06-01,completed
5143,146,member,2026-06-01 00:00:00+00,2026-06-01,completed
5144,146,member,2026-06-01 00:00:00+00,2026-06-01,completed
5145,147,member,2026-06-01 00:00:00+00,2026-06-01,completed
5146,147,member,2026-06-01 00:00:00+00,2026-06-01,completed
5147,148,member,2026-06-01 00:00:00+00,2026-06-01,completed
5148,148,member,2026-06-01 00:00:00+00,2026-06-01,completed
5149,148,member,2026-06-01 00:00:00+00,2026-06-01,completed
5150,148,member,2026-06-01 00:00:00+00,2026-06-01,completed
5151,148,member,2026-06-01 00:00:00+00,2026-06-01,completed
5152,149,member,2026-06-01 00:00:00+00,2026-06-01,completed
5153,149,member,2026-06-01 00:00:00+00,2026-06-01,completed
5154,150,member,2026-06-01 00:00:00+00,2026-06-01,completed
5155,150,member,2026-06-01 00:00:00+00,2026-06-01,completed
5156,150,member,2026-06-01 00:00:00+00,2026-06-01,completed
5157,150,member,2026-06-01 00:00:00+00,2026-06-01,completed
5158,151,member,2026-06-01 00:00:00+00,2026-06-01,completed
5159,151,member,2026-06-01 00:00:00+00,2026-06-01,completed
5160,151,member,2026-06-01 00:00:00+00,2026-06-01,completed
5161,151,member,2026-06-01 00:00:00+00,2026-06-01,completed
5162,153,member,2026-06-01 00:00:00+00,2026-06-01,completed
5163,154,member,2026-06-01 00:00:00+00,2026-06-01,completed
5164,154,member,2026-06-01 00:00:00+00,2026-06-01,completed
5165,154,member,2026-06-01 00:00:00+00,2026-06-01,completed
5166,156,member,2026-06-01 00:00:00+00,2026-06-01,completed
5167,156,member,2026-06-01 00:00:00+00,2026-06-01,completed
5168,156,member,2026-06-01 00:00:00+00,2026-06-01,completed
5169,157,member,2026-06-01 00:00:00+00,2026-06-01,completed
5170,158,member,2026-06-01 00:00:00+00,2026-06-01,completed
5171,158,member,2026-06-01 00:00:00+00,2026-06-01,completed
5172,159,member,2026-06-01 00:00:00+00,2026-06-01,completed
5173,160,member,2026-06-01 00:00:00+00,2026-06-01,completed
5174,161,member,2026-06-01 00:00:00+00,2026-06-01,completed
5175,161,member,2026-06-01 00:00:00+00,2026-06-01,completed
5176,162,member,2026-06-01 00:00:00+00,2026-06-01,completed
5177,162,member,2026-06-01 00:00:00+00,2026-06-01,completed
5178,163,member,2026-06-01 00:00:00+00,2026-06-01,completed
5179,164,member,2026-06-01 00:00:00+00,2026-06-01,completed
5180,165,member,2026-06-01 00:00:00+00,2026-06-01,completed
5181,166,member,2026-06-01 00:00:00+00,2026-06-01,completed
5182,167,member,2026-06-01 00:00:00+00,2026-06-01,completed
5183,168,member,2026-06-01 00:00:00+00,2026-06-01,completed
5184,170,member,2026-06-01 00:00:00+00,2026-06-01,completed
5185,171,member,2026-06-01 00:00:00+00,2026-06-01,completed
5186,171,member,2026-06-01 00:00:00+00,2026-06-01,completed
5187,172,member,2026-06-01 00:00:00+00,2026-06-01,completed
5188,172,member,2026-06-01 00:00:00+00,2026-06-01,completed
5189,172,member,2026-06-01 00:00:00+00,2026-06-01,completed
5190,172,member,2026-06-01 00:00:00+00,2026-06-01,completed
5191,173,member,2026-06-01 00:00:00+00,2026-06-01,completed
5192,173,member,2026-06-01 00:00:00+00,2026-06-01,completed
5193,174,member,2026-06-01 00:00:00+00,2026-06-01,completed
5194,174,member,2026-06-01 00:00:00+00,2026-06-01,completed
5195,174,member,2026-06-01 00:00:00+00,2026-06-01,completed
5196,174,member,2026-06-01 00:00:00+00,2026-06-01,completed
5197,175,member,2026-06-01 00:00:00+00,2026-06-01,completed
5198,176,member,2026-06-01 00:00:00+00,2026-06-01,completed
5199,176,member,2026-06-01 00:00:00+00,2026-06-01,completed
5200,176,member,2026-06-01 00:00:00+00,2026-06-01,completed
5201,179,member,2026-06-01 00:00:00+00,2026-06-01,completed
5202,179,member,2026-06-01 00:00:00+00,2026-06-01,completed
5203,179,member,2026-06-01 00:00:00+00,2026-06-01,completed
5204,180,member,2026-06-01 00:00:00+00,2026-06-01,completed
5205,180,member,2026-06-01 00:00:00+00,2026-06-01,completed
5206,180,member,2026-06-01 00:00:00+00,2026-06-01,completed
5207,180,member,2026-06-01 00:00:00+00,2026-06-01,completed
5208,180,member,2026-06-01 00:00:00+00,2026-06-01,completed
5209,180,member,2026-06-01 00:00:00+00,2026-06-01,completed
5210,180,member,2026-06-01 00:00:00+00,2026-06-01,completed
5211,181,member,2026-06-01 00:00:00+00,2026-06-01,completed
5212,182,member,2026-06-01 00:00:00+00,2026-06-01,completed
5213,182,member,2026-06-01 00:00:00+00,2026-06-01,completed
5214,182,member,2026-06-01 00:00:00+00,2026-06-01,completed
5215,182,member,2026-06-01 00:00:00+00,2026-06-01,completed
5216,182,member,2026-06-01 00:00:00+00,2026-06-01,completed
5217,183,member,2026-06-01 00:00:00+00,2026-06-01,completed
5218,183,member,2026-06-01 00:00:00+00,2026-06-01,completed
5219,183,member,2026-06-01 00:00:00+00,2026-06-01,completed
5220,184,member,2026-06-01 00:00:00+00,2026-06-01,completed
5221,185,member,2026-06-01 00:00:00+00,2026-06-01,completed
5222,185,member,2026-06-01 00:00:00+00,2026-06-01,completed
5223,186,member,2026-06-01 00:00:00+00,2026-06-01,completed
5224,187,member,2026-06-01 00:00:00+00,2026-06-01,completed
5225,187,member,2026-06-01 00:00:00+00,2026-06-01,completed
5226,188,member,2026-06-01 00:00:00+00,2026-06-01,completed
5227,188,member,2026-06-01 00:00:00+00,2026-06-01,completed
5228,189,member,2026-06-01 00:00:00+00,2026-06-01,completed
5229,189,member,2026-06-01 00:00:00+00,2026-06-01,completed
5230,189,member,2026-06-01 00:00:00+00,2026-06-01,completed
5231,189,member,2026-06-01 00:00:00+00,2026-06-01,completed
5232,189,member,2026-06-01 00:00:00+00,2026-06-01,completed
5233,189,member,2026-06-01 00:00:00+00,2026-06-01,completed
5234,189,member,2026-06-01 00:00:00+00,2026-06-01,completed
5235,189,member,2026-06-01 00:00:00+00,2026-06-01,completed
5236,189,member,2026-06-01 00:00:00+00,2026-06-01,completed
5237,189,member,2026-06-01 00:00:00+00,2026-06-01,completed
5238,189,member,2026-06-01 00:00:00+00,2026-06-01,completed
5239,189,member,2026-06-01 00:00:00+00,2026-06-01,completed
5240,192,member,2026-06-01 00:00:00+00,2026-06-01,completed
5241,193,member,2026-06-01 00:00:00+00,2026-06-01,completed
5242,194,member,2026-06-01 00:00:00+00,2026-06-01,completed
5243,195,member,2026-06-01 00:00:00+00,2026-06-01,completed
5244,195,member,2026-06-01 00:00:00+00,2026-06-01,completed
5245,195,member,2026-06-01 00:00:00+00,2026-06-01,completed
5246,196,member,2026-06-01 00:00:00+00,2026-06-01,completed
5247,197,member,2026-06-01 00:00:00+00,2026-06-01,completed
5248,197,member,2026-06-01 00:00:00+00,2026-06-01,completed
5249,198,member,2026-06-01 00:00:00+00,2026-06-01,completed
5250,198,member,2026-06-01 00:00:00+00,2026-06-01,completed
5251,198,member,2026-06-01 00:00:00+00,2026-06-01,completed
5252,198,member,2026-06-01 00:00:00+00,2026-06-01,completed
5253,198,member,2026-06-01 00:00:00+00,2026-06-01,completed
5254,199,member,2026-06-01 00:00:00+00,2026-06-01,completed
5255,200,member,2026-06-01 00:00:00+00,2026-06-01,completed
5256,201,member,2026-06-01 00:00:00+00,2026-06-01,completed
5257,202,member,2026-06-01 00:00:00+00,2026-06-01,completed
5258,202,member,2026-06-01 00:00:00+00,2026-06-01,completed
5259,202,member,2026-06-01 00:00:00+00,2026-06-01,completed
5260,202,member,2026-06-01 00:00:00+00,2026-06-01,completed
5261,202,member,2026-06-01 00:00:00+00,2026-06-01,completed
5262,202,member,2026-06-01 00:00:00+00,2026-06-01,completed
5263,202,member,2026-06-01 00:00:00+00,2026-06-01,completed
5264,202,member,2026-06-01 00:00:00+00,2026-06-01,completed
5265,202,member,2026-06-01 00:00:00+00,2026-06-01,completed
5266,204,member,2026-06-01 00:00:00+00,2026-06-01,completed
5267,206,member,2026-06-01 00:00:00+00,2026-06-01,completed
5268,207,member,2026-06-01 00:00:00+00,2026-06-01,completed
5269,208,member,2026-06-01 00:00:00+00,2026-06-01,completed
5270,209,member,2026-06-01 00:00:00+00,2026-06-01,completed
5271,210,member,2026-06-01 00:00:00+00,2026-06-01,completed
5272,210,member,2026-06-01 00:00:00+00,2026-06-01,completed
5273,211,member,2026-06-01 00:00:00+00,2026-06-01,completed
5274,212,member,2026-06-01 00:00:00+00,2026-06-01,completed
5275,212,member,2026-06-01 00:00:00+00,2026-06-01,completed
5276,212,member,2026-06-01 00:00:00+00,2026-06-01,completed
5277,212,member,2026-06-01 00:00:00+00,2026-06-01,completed
5278,213,member,2026-06-01 00:00:00+00,2026-06-01,completed
5279,215,member,2026-06-01 00:00:00+00,2026-06-01,completed
5280,216,member,2026-06-01 00:00:00+00,2026-06-01,completed
5281,217,member,2026-06-01 00:00:00+00,2026-06-01,completed
5282,217,member,2026-06-01 00:00:00+00,2026-06-01,completed
5283,217,member,2026-06-01 00:00:00+00,2026-06-01,completed
5284,217,member,2026-06-01 00:00:00+00,2026-06-01,completed
5285,217,member,2026-06-01 00:00:00+00,2026-06-01,completed
5286,217,member,2026-06-01 00:00:00+00,2026-06-01,completed
5287,217,member,2026-06-01 00:00:00+00,2026-06-01,completed
5288,217,member,2026-06-01 00:00:00+00,2026-06-01,completed
5289,217,member,2026-06-01 00:00:00+00,2026-06-01,completed
5290,217,member,2026-06-01 00:00:00+00,2026-06-01,completed
5291,218,member,2026-06-01 00:00:00+00,2026-06-01,completed
5292,219,member,2026-06-01 00:00:00+00,2026-06-01,completed
5293,219,member,2026-06-01 00:00:00+00,2026-06-01,completed
5294,220,member,2026-06-01 00:00:00+00,2026-06-01,completed
5295,220,member,2026-06-01 00:00:00+00,2026-06-01,completed
5296,221,member,2026-06-01 00:00:00+00,2026-06-01,completed
5297,221,member,2026-06-01 00:00:00+00,2026-06-01,completed
5298,221,member,2026-06-01 00:00:00+00,2026-06-01,completed
5299,222,member,2026-06-01 00:00:00+00,2026-06-01,completed
5300,223,member,2026-06-01 00:00:00+00,2026-06-01,completed
5301,223,member,2026-06-01 00:00:00+00,2026-06-01,completed
5302,223,member,2026-06-01 00:00:00+00,2026-06-01,completed
5303,223,member,2026-06-01 00:00:00+00,2026-06-01,completed
5304,224,member,2026-06-01 00:00:00+00,2026-06-01,completed
5305,224,member,2026-06-01 00:00:00+00,2026-06-01,completed
5306,225,member,2026-06-01 00:00:00+00,2026-06-01,completed
5307,225,member,2026-06-01 00:00:00+00,2026-06-01,completed
5308,226,member,2026-06-01 00:00:00+00,2026-06-01,completed
5309,226,member,2026-06-01 00:00:00+00,2026-06-01,completed
5310,226,member,2026-06-01 00:00:00+00,2026-06-01,completed
5311,227,member,2026-06-01 00:00:00+00,2026-06-01,completed
5312,227,member,2026-06-01 00:00:00+00,2026-06-01,completed
5313,228,member,2026-06-01 00:00:00+00,2026-06-01,completed
5314,228,member,2026-06-01 00:00:00+00,2026-06-01,completed
5315,229,member,2026-06-01 00:00:00+00,2026-06-01,completed
5316,230,member,2026-06-01 00:00:00+00,2026-06-01,completed
5317,231,member,2026-06-01 00:00:00+00,2026-06-01,completed
5318,231,member,2026-06-01 00:00:00+00,2026-06-01,completed
5319,232,member,2026-06-01 00:00:00+00,2026-06-01,completed
5320,232,member,2026-06-01 00:00:00+00,2026-06-01,completed
5321,232,member,2026-06-01 00:00:00+00,2026-06-01,completed
5322,232,member,2026-06-01 00:00:00+00,2026-06-01,completed
5323,233,member,2026-06-01 00:00:00+00,2026-06-01,completed
5324,234,member,2026-06-01 00:00:00+00,2026-06-01,completed
5325,235,member,2026-06-01 00:00:00+00,2026-06-01,completed
5326,236,member,2026-06-01 00:00:00+00,2026-06-01,completed
5327,236,member,2026-06-01 00:00:00+00,2026-06-01,completed
5328,236,member,2026-06-01 00:00:00+00,2026-06-01,completed
5329,238,member,2026-06-01 00:00:00+00,2026-06-01,completed
5330,238,member,2026-06-01 00:00:00+00,2026-06-01,completed
5331,238,member,2026-06-01 00:00:00+00,2026-06-01,completed
5332,240,member,2026-06-01 00:00:00+00,2026-06-01,completed
5333,241,member,2026-06-01 00:00:00+00,2026-06-01,completed
5334,241,member,2026-06-01 00:00:00+00,2026-06-01,completed
5335,242,member,2026-06-01 00:00:00+00,2026-06-01,completed
5336,242,member,2026-06-01 00:00:00+00,2026-06-01,completed
5337,243,member,2026-06-01 00:00:00+00,2026-06-01,completed
5338,244,member,2026-06-01 00:00:00+00,2026-06-01,completed
5339,245,member,2026-06-01 00:00:00+00,2026-06-01,completed
5340,245,member,2026-06-01 00:00:00+00,2026-06-01,completed
5341,246,member,2026-06-01 00:00:00+00,2026-06-01,completed
5342,246,member,2026-06-01 00:00:00+00,2026-06-01,completed
5343,248,member,2026-06-01 00:00:00+00,2026-06-01,completed
5344,249,member,2026-06-01 00:00:00+00,2026-06-01,completed
5345,250,member,2026-06-01 00:00:00+00,2026-06-01,completed
5346,251,member,2026-06-01 00:00:00+00,2026-06-01,completed
5347,251,member,2026-06-01 00:00:00+00,2026-06-01,completed
5348,252,member,2026-06-01 00:00:00+00,2026-06-01,completed
5349,253,member,2026-06-01 00:00:00+00,2026-06-01,completed
5350,253,member,2026-06-01 00:00:00+00,2026-06-01,completed
5351,254,member,2026-06-01 00:00:00+00,2026-06-01,completed
5352,255,member,2026-06-01 00:00:00+00,2026-06-01,completed
5353,256,member,2026-06-01 00:00:00+00,2026-06-01,completed
5354,257,member,2026-06-01 00:00:00+00,2026-06-01,completed
5355,257,member,2026-06-01 00:00:00+00,2026-06-01,completed
5356,258,member,2026-06-01 00:00:00+00,2026-06-01,completed
5357,258,member,2026-06-01 00:00:00+00,2026-06-01,completed
5358,259,member,2026-06-01 00:00:00+00,2026-06-01,completed
5359,259,member,2026-06-01 00:00:00+00,2026-06-01,completed
5360,260,member,2026-06-01 00:00:00+00,2026-06-01,completed
5361,261,member,2026-06-01 00:00:00+00,2026-06-01,completed
5362,262,member,2026-06-01 00:00:00+00,2026-06-01,completed
5363,262,member,2026-06-01 00:00:00+00,2026-06-01,completed
5364,263,member,2026-06-01 00:00:00+00,2026-06-01,completed
5365,266,member,2026-06-01 00:00:00+00,2026-06-01,completed
5366,267,member,2026-06-01 00:00:00+00,2026-06-01,completed
5367,267,member,2026-06-01 00:00:00+00,2026-06-01,completed
5368,268,member,2026-06-01 00:00:00+00,2026-06-01,completed
5369,269,member,2026-06-01 00:00:00+00,2026-06-01,completed
5370,270,member,2026-06-01 00:00:00+00,2026-06-01,completed
5371,271,member,2026-06-01 00:00:00+00,2026-06-01,completed
5372,271,member,2026-06-01 00:00:00+00,2026-06-01,completed
5373,271,member,2026-06-01 00:00:00+00,2026-06-01,completed
5374,271,member,2026-06-01 00:00:00+00,2026-06-01,completed
5375,272,member,2026-06-01 00:00:00+00,2026-06-01,completed
5376,273,member,2026-06-01 00:00:00+00,2026-06-01,completed
5377,273,member,2026-06-01 00:00:00+00,2026-06-01,completed
5378,273,member,2026-06-01 00:00:00+00,2026-06-01,completed
5379,275,member,2026-06-01 00:00:00+00,2026-06-01,completed
5380,277,member,2026-06-01 00:00:00+00,2026-06-01,completed
5381,278,member,2026-06-01 00:00:00+00,2026-06-01,completed
5382,278,member,2026-06-01 00:00:00+00,2026-06-01,completed
5383,280,member,2026-06-01 00:00:00+00,2026-06-01,completed
5384,281,member,2026-06-01 00:00:00+00,2026-06-01,completed
5385,282,member,2026-06-01 00:00:00+00,2026-06-01,completed
5386,282,member,2026-06-01 00:00:00+00,2026-06-01,completed
5387,282,member,2026-06-01 00:00:00+00,2026-06-01,completed
5388,283,member,2026-06-01 00:00:00+00,2026-06-01,completed
5389,283,member,2026-06-01 00:00:00+00,2026-06-01,completed
5390,284,member,2026-06-01 00:00:00+00,2026-06-01,completed
5391,284,member,2026-06-01 00:00:00+00,2026-06-01,completed
5392,285,member,2026-06-01 00:00:00+00,2026-06-01,completed
5393,286,member,2026-06-01 00:00:00+00,2026-06-01,completed
5394,286,member,2026-06-01 00:00:00+00,2026-06-01,completed
5395,287,member,2026-06-01 00:00:00+00,2026-06-01,completed
5396,288,member,2026-06-01 00:00:00+00,2026-06-01,completed
5397,289,member,2026-06-01 00:00:00+00,2026-06-01,completed
5398,291,member,2026-06-01 00:00:00+00,2026-06-01,completed
5399,292,member,2026-06-01 00:00:00+00,2026-06-01,completed
5400,292,member,2026-06-01 00:00:00+00,2026-06-01,completed
5401,294,member,2026-06-01 00:00:00+00,2026-06-01,completed
5402,295,member,2026-06-01 00:00:00+00,2026-06-01,completed
5403,295,member,2026-06-01 00:00:00+00,2026-06-01,completed
5404,296,member,2026-06-01 00:00:00+00,2026-06-01,completed
5405,297,member,2026-06-01 00:00:00+00,2026-06-01,completed
5406,298,member,2026-06-01 00:00:00+00,2026-06-01,completed
5407,298,member,2026-06-01 00:00:00+00,2026-06-01,completed
5408,298,member,2026-06-01 00:00:00+00,2026-06-01,completed
5409,299,member,2026-06-01 00:00:00+00,2026-06-01,completed
5410,300,member,2026-06-01 00:00:00+00,2026-06-01,completed
5411,300,member,2026-06-01 00:00:00+00,2026-06-01,completed
5412,301,member,2026-06-01 00:00:00+00,2026-06-01,completed
5413,302,member,2026-06-01 00:00:00+00,2026-06-01,completed
5414,303,member,2026-06-01 00:00:00+00,2026-06-01,completed
5415,304,member,2026-06-01 00:00:00+00,2026-06-01,completed
5416,304,member,2026-06-01 00:00:00+00,2026-06-01,completed
5417,304,member,2026-06-01 00:00:00+00,2026-06-01,completed
5418,305,member,2026-06-01 00:00:00+00,2026-06-01,completed
5419,306,member,2026-06-01 00:00:00+00,2026-06-01,completed
5420,307,member,2026-06-01 00:00:00+00,2026-06-01,completed
5421,307,member,2026-06-01 00:00:00+00,2026-06-01,completed
5422,307,member,2026-06-01 00:00:00+00,2026-06-01,completed
5423,307,member,2026-06-01 00:00:00+00,2026-06-01,completed
5424,307,member,2026-06-01 00:00:00+00,2026-06-01,completed
5425,308,member,2026-06-01 00:00:00+00,2026-06-01,completed
5426,308,member,2026-06-01 00:00:00+00,2026-06-01,completed
5427,309,member,2026-06-01 00:00:00+00,2026-06-01,completed
5428,310,member,2026-06-01 00:00:00+00,2026-06-01,completed
5429,310,member,2026-06-01 00:00:00+00,2026-06-01,completed
5430,310,member,2026-06-01 00:00:00+00,2026-06-01,completed
5431,311,member,2026-06-01 00:00:00+00,2026-06-01,completed
5432,313,member,2026-06-01 00:00:00+00,2026-06-01,completed
5433,314,member,2026-06-01 00:00:00+00,2026-06-01,completed
5434,314,member,2026-06-01 00:00:00+00,2026-06-01,completed
5435,316,member,2026-06-01 00:00:00+00,2026-06-01,completed
5436,317,member,2026-06-01 00:00:00+00,2026-06-01,completed
5437,317,member,2026-06-01 00:00:00+00,2026-06-01,completed
5438,318,member,2026-06-01 00:00:00+00,2026-06-01,completed
5439,319,member,2026-06-01 00:00:00+00,2026-06-01,completed
5440,319,member,2026-06-01 00:00:00+00,2026-06-01,completed
5441,319,member,2026-06-01 00:00:00+00,2026-06-01,completed
5442,319,member,2026-06-01 00:00:00+00,2026-06-01,completed
5443,319,member,2026-06-01 00:00:00+00,2026-06-01,completed
5444,319,member,2026-06-01 00:00:00+00,2026-06-01,completed
5445,319,member,2026-06-01 00:00:00+00,2026-06-01,completed
5446,319,member,2026-06-01 00:00:00+00,2026-06-01,completed
5447,319,member,2026-06-01 00:00:00+00,2026-06-01,completed
5448,321,member,2026-06-01 00:00:00+00,2026-06-01,completed
5449,322,member,2026-06-01 00:00:00+00,2026-06-01,completed
5450,322,member,2026-06-01 00:00:00+00,2026-06-01,completed
5451,322,member,2026-06-01 00:00:00+00,2026-06-01,completed
5452,322,member,2026-06-01 00:00:00+00,2026-06-01,completed
5453,322,member,2026-06-01 00:00:00+00,2026-06-01,completed
5454,323,member,2026-06-01 00:00:00+00,2026-06-01,completed
5455,323,member,2026-06-01 00:00:00+00,2026-06-01,completed
5456,324,member,2026-06-01 00:00:00+00,2026-06-01,completed
5457,325,member,2026-06-01 00:00:00+00,2026-06-01,completed
5458,326,member,2026-06-01 00:00:00+00,2026-06-01,completed
5459,326,member,2026-06-01 00:00:00+00,2026-06-01,completed
5460,327,member,2026-06-01 00:00:00+00,2026-06-01,completed
5461,328,member,2026-06-01 00:00:00+00,2026-06-01,completed
5462,330,member,2026-06-01 00:00:00+00,2026-06-01,completed
5463,332,member,2026-06-01 00:00:00+00,2026-06-01,completed
5464,333,member,2026-06-01 00:00:00+00,2026-06-01,completed
5465,333,member,2026-06-01 00:00:00+00,2026-06-01,completed
5466,334,member,2026-06-01 00:00:00+00,2026-06-01,completed
5467,334,member,2026-06-01 00:00:00+00,2026-06-01,completed
5468,335,member,2026-06-01 00:00:00+00,2026-06-01,completed
5469,335,member,2026-06-01 00:00:00+00,2026-06-01,completed
5470,335,member,2026-06-01 00:00:00+00,2026-06-01,completed
5471,335,member,2026-06-01 00:00:00+00,2026-06-01,completed
5472,335,member,2026-06-01 00:00:00+00,2026-06-01,completed
5473,336,member,2026-06-01 00:00:00+00,2026-06-01,completed
5474,336,member,2026-06-01 00:00:00+00,2026-06-01,completed
5475,337,member,2026-06-01 00:00:00+00,2026-06-01,completed
5476,338,member,2026-06-01 00:00:00+00,2026-06-01,completed
5477,338,member,2026-06-01 00:00:00+00,2026-06-01,completed
5478,338,member,2026-06-01 00:00:00+00,2026-06-01,completed
5479,338,member,2026-06-01 00:00:00+00,2026-06-01,completed
5480,339,member,2026-06-01 00:00:00+00,2026-06-01,completed
5481,339,member,2026-06-01 00:00:00+00,2026-06-01,completed
5482,341,member,2026-06-01 00:00:00+00,2026-06-01,completed
5483,342,member,2026-06-01 00:00:00+00,2026-06-01,completed
5484,343,member,2026-06-01 00:00:00+00,2026-06-01,completed
5485,344,member,2026-06-01 00:00:00+00,2026-06-01,completed
5486,346,member,2026-06-01 00:00:00+00,2026-06-01,completed
5487,347,member,2026-06-01 00:00:00+00,2026-06-01,completed
5488,347,member,2026-06-01 00:00:00+00,2026-06-01,completed
5489,347,member,2026-06-01 00:00:00+00,2026-06-01,completed
5490,347,member,2026-06-01 00:00:00+00,2026-06-01,completed
5491,347,member,2026-06-01 00:00:00+00,2026-06-01,completed
5492,349,member,2026-06-01 00:00:00+00,2026-06-01,completed
5493,350,member,2026-06-01 00:00:00+00,2026-06-01,completed
5494,351,member,2026-06-01 00:00:00+00,2026-06-01,completed
5495,351,member,2026-06-01 00:00:00+00,2026-06-01,completed
5496,351,member,2026-06-01 00:00:00+00,2026-06-01,completed
5497,352,member,2026-06-01 00:00:00+00,2026-06-01,completed
5498,352,member,2026-06-01 00:00:00+00,2026-06-01,completed
5499,352,member,2026-06-01 00:00:00+00,2026-06-01,completed
5500,352,member,2026-06-01 00:00:00+00,2026-06-01,completed
5501,352,member,2026-06-01 00:00:00+00,2026-06-01,completed
5502,352,member,2026-06-01 00:00:00+00,2026-06-01,completed
5503,352,member,2026-06-01 00:00:00+00,2026-06-01,completed
5504,352,member,2026-06-01 00:00:00+00,2026-06-01,completed
5505,352,member,2026-06-01 00:00:00+00,2026-06-01,completed
5506,352,member,2026-06-01 00:00:00+00,2026-06-01,completed
5507,352,member,2026-06-01 00:00:00+00,2026-06-01,completed
5508,352,member,2026-06-01 00:00:00+00,2026-06-01,completed
5509,353,member,2026-06-01 00:00:00+00,2026-06-01,completed
5510,353,member,2026-06-01 00:00:00+00,2026-06-01,completed
5511,355,member,2026-06-01 00:00:00+00,2026-06-01,completed
5512,356,member,2026-06-01 00:00:00+00,2026-06-01,completed
5513,357,member,2026-06-01 00:00:00+00,2026-06-01,completed
5514,358,member,2026-06-01 00:00:00+00,2026-06-01,completed
5515,359,member,2026-06-01 00:00:00+00,2026-06-01,completed
5516,359,member,2026-06-01 00:00:00+00,2026-06-01,completed
5517,359,member,2026-06-01 00:00:00+00,2026-06-01,completed
5518,359,member,2026-06-01 00:00:00+00,2026-06-01,completed
5519,359,member,2026-06-01 00:00:00+00,2026-06-01,completed
5520,359,member,2026-06-01 00:00:00+00,2026-06-01,completed
5521,359,member,2026-06-01 00:00:00+00,2026-06-01,completed
5522,359,member,2026-06-01 00:00:00+00,2026-06-01,completed
5523,359,member,2026-06-01 00:00:00+00,2026-06-01,completed
5524,360,member,2026-06-01 00:00:00+00,2026-06-01,completed
5525,360,member,2026-06-01 00:00:00+00,2026-06-01,completed
5526,361,member,2026-06-01 00:00:00+00,2026-06-01,completed
5527,361,member,2026-06-01 00:00:00+00,2026-06-01,completed
5528,362,member,2026-06-01 00:00:00+00,2026-06-01,completed
5529,363,member,2026-06-01 00:00:00+00,2026-06-01,completed
5530,363,member,2026-06-01 00:00:00+00,2026-06-01,completed
5531,363,member,2026-06-01 00:00:00+00,2026-06-01,completed
5532,363,member,2026-06-01 00:00:00+00,2026-06-01,completed
5533,363,member,2026-06-01 00:00:00+00,2026-06-01,completed
5534,364,member,2026-06-01 00:00:00+00,2026-06-01,completed
5535,364,member,2026-06-01 00:00:00+00,2026-06-01,completed
5536,364,member,2026-06-01 00:00:00+00,2026-06-01,completed
5537,365,member,2026-06-01 00:00:00+00,2026-06-01,completed
5538,365,member,2026-06-01 00:00:00+00,2026-06-01,completed
5539,366,member,2026-06-01 00:00:00+00,2026-06-01,completed
5540,367,member,2026-06-01 00:00:00+00,2026-06-01,completed
5541,368,member,2026-06-01 00:00:00+00,2026-06-01,completed
5542,368,member,2026-06-01 00:00:00+00,2026-06-01,completed
5543,368,member,2026-06-01 00:00:00+00,2026-06-01,completed
5544,368,member,2026-06-01 00:00:00+00,2026-06-01,completed
5545,369,member,2026-06-01 00:00:00+00,2026-06-01,completed
5546,369,member,2026-06-01 00:00:00+00,2026-06-01,completed
5547,370,member,2026-06-01 00:00:00+00,2026-06-01,completed
5548,371,member,2026-06-01 00:00:00+00,2026-06-01,completed
5549,372,member,2026-06-01 00:00:00+00,2026-06-01,completed
5550,372,member,2026-06-01 00:00:00+00,2026-06-01,completed
5551,373,member,2026-06-01 00:00:00+00,2026-06-01,completed
5552,374,member,2026-06-01 00:00:00+00,2026-06-01,completed
5553,375,member,2026-06-01 00:00:00+00,2026-06-01,completed
5554,375,member,2026-06-01 00:00:00+00,2026-06-01,completed
5555,377,member,2026-06-01 00:00:00+00,2026-06-01,completed
5556,378,member,2026-06-01 00:00:00+00,2026-06-01,completed
5557,379,member,2026-06-01 00:00:00+00,2026-06-01,completed
5558,379,member,2026-06-01 00:00:00+00,2026-06-01,completed
5559,380,member,2026-06-01 00:00:00+00,2026-06-01,completed
5560,380,member,2026-06-01 00:00:00+00,2026-06-01,completed
5561,382,member,2026-06-01 00:00:00+00,2026-06-01,completed
5562,383,member,2026-06-01 00:00:00+00,2026-06-01,completed
5563,384,member,2026-06-01 00:00:00+00,2026-06-01,completed
5564,384,member,2026-06-01 00:00:00+00,2026-06-01,completed
5565,384,member,2026-06-01 00:00:00+00,2026-06-01,completed
5566,385,member,2026-06-01 00:00:00+00,2026-06-01,completed
5567,385,member,2026-06-01 00:00:00+00,2026-06-01,completed
5568,385,member,2026-06-01 00:00:00+00,2026-06-01,completed
5569,385,member,2026-06-01 00:00:00+00,2026-06-01,completed
5570,386,member,2026-06-01 00:00:00+00,2026-06-01,completed
5571,387,member,2026-06-01 00:00:00+00,2026-06-01,completed
5572,388,member,2026-06-01 00:00:00+00,2026-06-01,completed
5573,388,member,2026-06-01 00:00:00+00,2026-06-01,completed
5574,388,member,2026-06-01 00:00:00+00,2026-06-01,completed
5575,389,member,2026-06-01 00:00:00+00,2026-06-01,completed
5576,390,member,2026-06-01 00:00:00+00,2026-06-01,completed
5577,390,member,2026-06-01 00:00:00+00,2026-06-01,completed
5578,390,member,2026-06-01 00:00:00+00,2026-06-01,completed
5579,391,member,2026-06-01 00:00:00+00,2026-06-01,completed
5580,392,member,2026-06-01 00:00:00+00,2026-06-01,completed
5581,392,member,2026-06-01 00:00:00+00,2026-06-01,completed
5582,393,member,2026-06-01 00:00:00+00,2026-06-01,completed
5583,393,member,2026-06-01 00:00:00+00,2026-06-01,completed
5584,394,member,2026-06-01 00:00:00+00,2026-06-01,completed
5585,394,member,2026-06-01 00:00:00+00,2026-06-01,completed
5586,395,member,2026-06-01 00:00:00+00,2026-06-01,completed
5587,396,member,2026-06-01 00:00:00+00,2026-06-01,completed
5588,396,member,2026-06-01 00:00:00+00,2026-06-01,completed
5589,398,member,2026-06-01 00:00:00+00,2026-06-01,completed
5590,398,member,2026-06-01 00:00:00+00,2026-06-01,completed
5591,398,member,2026-06-01 00:00:00+00,2026-06-01,completed
5592,398,member,2026-06-01 00:00:00+00,2026-06-01,completed
5593,398,member,2026-06-01 00:00:00+00,2026-06-01,completed
5594,398,member,2026-06-01 00:00:00+00,2026-06-01,completed
5595,398,member,2026-06-01 00:00:00+00,2026-06-01,completed
5596,398,member,2026-06-01 00:00:00+00,2026-06-01,completed
5597,398,member,2026-06-01 00:00:00+00,2026-06-01,completed
5598,398,member,2026-06-01 00:00:00+00,2026-06-01,completed
5599,398,member,2026-06-01 00:00:00+00,2026-06-01,completed
5600,399,member,2026-06-01 00:00:00+00,2026-06-01,completed
5601,399,member,2026-06-01 00:00:00+00,2026-06-01,completed
5602,400,member,2026-06-01 00:00:00+00,2026-06-01,completed
5603,401,member,2026-06-01 00:00:00+00,2026-06-01,completed
5604,402,member,2026-06-01 00:00:00+00,2026-06-01,completed
5605,403,member,2026-06-01 00:00:00+00,2026-06-01,completed
5606,404,member,2026-06-01 00:00:00+00,2026-06-01,completed
5607,405,member,2026-06-01 00:00:00+00,2026-06-01,completed
5608,405,member,2026-06-01 00:00:00+00,2026-06-01,completed
5609,405,member,2026-06-01 00:00:00+00,2026-06-01,completed
5610,405,member,2026-06-01 00:00:00+00,2026-06-01,completed
5611,406,member,2026-06-01 00:00:00+00,2026-06-01,completed
5612,407,member,2026-06-01 00:00:00+00,2026-06-01,completed
5613,409,member,2026-06-01 00:00:00+00,2026-06-01,completed
5614,409,member,2026-06-01 00:00:00+00,2026-06-01,completed
5615,410,member,2026-06-01 00:00:00+00,2026-06-01,completed
5616,411,member,2026-06-01 00:00:00+00,2026-06-01,completed
5617,412,member,2026-06-01 00:00:00+00,2026-06-01,completed
5618,412,member,2026-06-01 00:00:00+00,2026-06-01,completed
5619,413,member,2026-06-01 00:00:00+00,2026-06-01,completed
5620,414,member,2026-06-01 00:00:00+00,2026-06-01,completed
5621,415,member,2026-06-01 00:00:00+00,2026-06-01,completed
5622,415,member,2026-06-01 00:00:00+00,2026-06-01,completed
5623,416,member,2026-06-01 00:00:00+00,2026-06-01,completed
5624,416,member,2026-06-01 00:00:00+00,2026-06-01,completed
5625,417,member,2026-06-01 00:00:00+00,2026-06-01,completed
5626,418,member,2026-06-01 00:00:00+00,2026-06-01,completed
5627,419,member,2026-06-01 00:00:00+00,2026-06-01,completed
5628,419,member,2026-06-01 00:00:00+00,2026-06-01,completed
5629,420,member,2026-06-01 00:00:00+00,2026-06-01,completed
5630,420,member,2026-06-01 00:00:00+00,2026-06-01,completed
5631,420,member,2026-06-01 00:00:00+00,2026-06-01,completed
5632,420,member,2026-06-01 00:00:00+00,2026-06-01,completed
5633,421,member,2026-06-01 00:00:00+00,2026-06-01,completed
5634,422,member,2026-06-01 00:00:00+00,2026-06-01,completed
5635,423,member,2026-06-01 00:00:00+00,2026-06-01,completed
5636,424,member,2026-06-01 00:00:00+00,2026-06-01,completed
5637,425,member,2026-06-01 00:00:00+00,2026-06-01,completed
5638,425,member,2026-06-01 00:00:00+00,2026-06-01,completed
5639,426,member,2026-06-01 00:00:00+00,2026-06-01,completed
5640,427,member,2026-06-01 00:00:00+00,2026-06-01,completed
5641,427,member,2026-06-01 00:00:00+00,2026-06-01,completed
5642,428,member,2026-06-01 00:00:00+00,2026-06-01,completed
5643,429,member,2026-06-01 00:00:00+00,2026-06-01,completed
5644,429,member,2026-06-01 00:00:00+00,2026-06-01,completed
5645,429,member,2026-06-01 00:00:00+00,2026-06-01,completed
5646,430,member,2026-06-01 00:00:00+00,2026-06-01,completed
5647,432,member,2026-06-01 00:00:00+00,2026-06-01,completed
5648,433,member,2026-06-01 00:00:00+00,2026-06-01,completed
5649,433,member,2026-06-01 00:00:00+00,2026-06-01,completed
5650,434,member,2026-06-01 00:00:00+00,2026-06-01,completed
5651,435,member,2026-06-01 00:00:00+00,2026-06-01,completed
5652,435,member,2026-06-01 00:00:00+00,2026-06-01,completed
5653,435,member,2026-06-01 00:00:00+00,2026-06-01,completed
5654,435,member,2026-06-01 00:00:00+00,2026-06-01,completed
5655,435,member,2026-06-01 00:00:00+00,2026-06-01,completed
5656,435,member,2026-06-01 00:00:00+00,2026-06-01,completed
5657,435,member,2026-06-01 00:00:00+00,2026-06-01,completed
5658,435,member,2026-06-01 00:00:00+00,2026-06-01,completed
5659,435,member,2026-06-01 00:00:00+00,2026-06-01,completed
5660,435,member,2026-06-01 00:00:00+00,2026-06-01,completed
5661,435,member,2026-06-01 00:00:00+00,2026-06-01,completed
5662,435,member,2026-06-01 00:00:00+00,2026-06-01,completed
5663,436,member,2026-06-01 00:00:00+00,2026-06-01,completed
5664,437,member,2026-06-01 00:00:00+00,2026-06-01,completed
5665,437,member,2026-06-01 00:00:00+00,2026-06-01,completed
5666,438,member,2026-06-01 00:00:00+00,2026-06-01,completed
5667,440,member,2026-06-01 00:00:00+00,2026-06-01,completed
5668,440,member,2026-06-01 00:00:00+00,2026-06-01,completed
5669,441,member,2026-06-01 00:00:00+00,2026-06-01,completed
5670,441,member,2026-06-01 00:00:00+00,2026-06-01,completed
5671,442,member,2026-06-01 00:00:00+00,2026-06-01,completed
5672,442,member,2026-06-01 00:00:00+00,2026-06-01,completed
5673,442,member,2026-06-01 00:00:00+00,2026-06-01,completed
5674,445,member,2026-06-01 00:00:00+00,2026-06-01,completed
5675,446,member,2026-06-01 00:00:00+00,2026-06-01,completed
5676,446,member,2026-06-01 00:00:00+00,2026-06-01,completed
5677,446,member,2026-06-01 00:00:00+00,2026-06-01,completed
5678,446,member,2026-06-01 00:00:00+00,2026-06-01,completed
5679,447,member,2026-06-01 00:00:00+00,2026-06-01,completed
5680,447,member,2026-06-01 00:00:00+00,2026-06-01,completed
5681,447,member,2026-06-01 00:00:00+00,2026-06-01,completed
5682,448,member,2026-06-01 00:00:00+00,2026-06-01,completed
5683,448,member,2026-06-01 00:00:00+00,2026-06-01,completed
5684,449,member,2026-06-01 00:00:00+00,2026-06-01,completed
5685,451,member,2026-06-01 00:00:00+00,2026-06-01,completed
5686,452,member,2026-06-01 00:00:00+00,2026-06-01,completed
5687,452,member,2026-06-01 00:00:00+00,2026-06-01,completed
5688,453,member,2026-06-01 00:00:00+00,2026-06-01,completed
5689,453,member,2026-06-01 00:00:00+00,2026-06-01,completed
5690,454,member,2026-06-01 00:00:00+00,2026-06-01,completed
5691,454,member,2026-06-01 00:00:00+00,2026-06-01,completed
5692,456,member,2026-06-01 00:00:00+00,2026-06-01,completed
5693,456,member,2026-06-01 00:00:00+00,2026-06-01,completed
5694,457,member,2026-06-01 00:00:00+00,2026-06-01,completed
5695,458,member,2026-06-01 00:00:00+00,2026-06-01,completed
5696,459,member,2026-06-01 00:00:00+00,2026-06-01,completed
5697,460,member,2026-06-01 00:00:00+00,2026-06-01,completed
5698,461,member,2026-06-01 00:00:00+00,2026-06-01,completed
5699,462,member,2026-06-01 00:00:00+00,2026-06-01,completed
5700,462,member,2026-06-01 00:00:00+00,2026-06-01,completed
5701,462,member,2026-06-01 00:00:00+00,2026-06-01,completed
5702,463,member,2026-06-01 00:00:00+00,2026-06-01,completed
5703,464,member,2026-06-01 00:00:00+00,2026-06-01,completed
5704,464,member,2026-06-01 00:00:00+00,2026-06-01,completed
5705,464,member,2026-06-01 00:00:00+00,2026-06-01,completed
5706,465,member,2026-06-01 00:00:00+00,2026-06-01,completed
5707,465,member,2026-06-01 00:00:00+00,2026-06-01,completed
5708,466,member,2026-06-01 00:00:00+00,2026-06-01,completed
5709,467,member,2026-06-01 00:00:00+00,2026-06-01,completed
5710,468,member,2026-06-01 00:00:00+00,2026-06-01,completed
5711,469,member,2026-06-01 00:00:00+00,2026-06-01,completed
5712,469,member,2026-06-01 00:00:00+00,2026-06-01,completed
5713,470,member,2026-06-01 00:00:00+00,2026-06-01,completed
5714,470,member,2026-06-01 00:00:00+00,2026-06-01,completed
5715,470,member,2026-06-01 00:00:00+00,2026-06-01,completed
5716,471,member,2026-06-01 00:00:00+00,2026-06-01,completed
5717,471,member,2026-06-01 00:00:00+00,2026-06-01,completed
5718,472,member,2026-06-01 00:00:00+00,2026-06-01,completed
5719,473,member,2026-06-01 00:00:00+00,2026-06-01,completed
5720,474,member,2026-06-01 00:00:00+00,2026-06-01,completed
5721,475,member,2026-06-01 00:00:00+00,2026-06-01,completed
5722,476,member,2026-06-01 00:00:00+00,2026-06-01,completed
5723,476,member,2026-06-01 00:00:00+00,2026-06-01,completed
5724,477,member,2026-06-01 00:00:00+00,2026-06-01,completed
5725,478,member,2026-06-01 00:00:00+00,2026-06-01,completed
5726,479,member,2026-06-01 00:00:00+00,2026-06-01,completed
5727,480,member,2026-06-01 00:00:00+00,2026-06-01,completed
5728,481,member,2026-06-01 00:00:00+00,2026-06-01,completed
5729,482,member,2026-06-01 00:00:00+00,2026-06-01,completed
5730,482,member,2026-06-01 00:00:00+00,2026-06-01,completed
5731,483,member,2026-06-01 00:00:00+00,2026-06-01,completed
5732,483,member,2026-06-01 00:00:00+00,2026-06-01,completed
5733,484,member,2026-06-01 00:00:00+00,2026-06-01,completed
5734,484,member,2026-06-01 00:00:00+00,2026-06-01,completed
5735,485,member,2026-06-01 00:00:00+00,2026-06-01,completed
5736,485,member,2026-06-01 00:00:00+00,2026-06-01,completed
5737,486,member,2026-06-01 00:00:00+00,2026-06-01,completed
5738,486,member,2026-06-01 00:00:00+00,2026-06-01,completed
5739,487,member,2026-06-01 00:00:00+00,2026-06-01,completed
5740,487,member,2026-06-01 00:00:00+00,2026-06-01,completed
5741,487,member,2026-06-01 00:00:00+00,2026-06-01,completed
5742,488,member,2026-06-01 00:00:00+00,2026-06-01,completed
5743,489,member,2026-06-01 00:00:00+00,2026-06-01,completed
5744,490,member,2026-06-01 00:00:00+00,2026-06-01,completed
5745,491,member,2026-06-01 00:00:00+00,2026-06-01,completed
5746,492,member,2026-06-01 00:00:00+00,2026-06-01,completed
5747,492,member,2026-06-01 00:00:00+00,2026-06-01,completed
5748,493,member,2026-06-01 00:00:00+00,2026-06-01,completed
5749,493,member,2026-06-01 00:00:00+00,2026-06-01,completed
5750,493,member,2026-06-01 00:00:00+00,2026-06-01,completed
5751,494,member,2026-06-01 00:00:00+00,2026-06-01,completed
5752,494,member,2026-06-01 00:00:00+00,2026-06-01,completed
5753,494,member,2026-06-01 00:00:00+00,2026-06-01,completed
5754,496,member,2026-06-01 00:00:00+00,2026-06-01,completed
5755,496,member,2026-06-01 00:00:00+00,2026-06-01,completed
5756,497,member,2026-06-01 00:00:00+00,2026-06-01,completed
5757,498,member,2026-06-01 00:00:00+00,2026-06-01,completed
5758,499,member,2026-06-01 00:00:00+00,2026-06-01,completed
5759,499,member,2026-06-01 00:00:00+00,2026-06-01,completed
5760,500,member,2026-06-01 00:00:00+00,2026-06-01,completed
5761,501,member,2026-06-01 00:00:00+00,2026-06-01,completed
5762,501,member,2026-06-01 00:00:00+00,2026-06-01,completed
5763,502,member,2026-06-01 00:00:00+00,2026-06-01,completed
5764,502,member,2026-06-01 00:00:00+00,2026-06-01,completed
5765,502,member,2026-06-01 00:00:00+00,2026-06-01,completed
5766,503,member,2026-06-01 00:00:00+00,2026-06-01,completed
5767,504,member,2026-06-01 00:00:00+00,2026-06-01,completed
5768,504,member,2026-06-01 00:00:00+00,2026-06-01,completed
5769,505,member,2026-06-01 00:00:00+00,2026-06-01,completed
5770,505,member,2026-06-01 00:00:00+00,2026-06-01,completed
5771,506,member,2026-06-01 00:00:00+00,2026-06-01,completed
5772,506,member,2026-06-01 00:00:00+00,2026-06-01,completed
5773,507,member,2026-06-01 00:00:00+00,2026-06-01,completed
5774,508,member,2026-06-01 00:00:00+00,2026-06-01,completed
5775,508,member,2026-06-01 00:00:00+00,2026-06-01,completed
5776,509,member,2026-06-01 00:00:00+00,2026-06-01,completed
5777,510,member,2026-06-01 00:00:00+00,2026-06-01,completed
5778,511,member,2026-06-01 00:00:00+00,2026-06-01,completed
5779,512,member,2026-06-01 00:00:00+00,2026-06-01,completed
5780,512,member,2026-06-01 00:00:00+00,2026-06-01,completed
5781,512,member,2026-06-01 00:00:00+00,2026-06-01,completed
5782,515,member,2026-06-01 00:00:00+00,2026-06-01,completed
5783,515,member,2026-06-01 00:00:00+00,2026-06-01,completed
5784,515,member,2026-06-01 00:00:00+00,2026-06-01,completed
5785,515,member,2026-06-01 00:00:00+00,2026-06-01,completed
5786,516,member,2026-06-01 00:00:00+00,2026-06-01,completed
5787,518,member,2026-06-01 00:00:00+00,2026-06-01,completed
5788,518,member,2026-06-01 00:00:00+00,2026-06-01,completed
5789,518,member,2026-06-01 00:00:00+00,2026-06-01,completed
5790,519,member,2026-06-01 00:00:00+00,2026-06-01,completed
5791,520,member,2026-06-01 00:00:00+00,2026-06-01,completed
5792,521,member,2026-06-01 00:00:00+00,2026-06-01,completed
5793,522,member,2026-06-01 00:00:00+00,2026-06-01,completed
5794,523,member,2026-06-01 00:00:00+00,2026-06-01,completed
5795,524,member,2026-06-01 00:00:00+00,2026-06-01,completed
5796,525,member,2026-06-01 00:00:00+00,2026-06-01,completed
5797,525,member,2026-06-01 00:00:00+00,2026-06-01,completed
5798,526,member,2026-06-01 00:00:00+00,2026-06-01,completed
5799,527,member,2026-06-01 00:00:00+00,2026-06-01,completed
5800,528,member,2026-06-01 00:00:00+00,2026-06-01,completed
5801,528,member,2026-06-01 00:00:00+00,2026-06-01,completed
5802,529,member,2026-06-01 00:00:00+00,2026-06-01,completed
5803,530,member,2026-06-01 00:00:00+00,2026-06-01,completed
5804,531,member,2026-06-01 00:00:00+00,2026-06-01,completed
5805,531,member,2026-06-01 00:00:00+00,2026-06-01,completed
5806,532,member,2026-06-01 00:00:00+00,2026-06-01,completed
5807,533,member,2026-06-01 00:00:00+00,2026-06-01,completed
5808,533,member,2026-06-01 00:00:00+00,2026-06-01,completed
5809,533,member,2026-06-01 00:00:00+00,2026-06-01,completed
5810,533,member,2026-06-01 00:00:00+00,2026-06-01,completed
5811,534,member,2026-06-01 00:00:00+00,2026-06-01,completed
5812,535,member,2026-06-01 00:00:00+00,2026-06-01,completed
5813,536,member,2026-06-01 00:00:00+00,2026-06-01,completed
5814,536,member,2026-06-01 00:00:00+00,2026-06-01,completed
5815,537,member,2026-06-01 00:00:00+00,2026-06-01,completed
5816,537,member,2026-06-01 00:00:00+00,2026-06-01,completed
5817,538,member,2026-06-01 00:00:00+00,2026-06-01,completed
5818,538,member,2026-06-01 00:00:00+00,2026-06-01,completed
5819,538,member,2026-06-01 00:00:00+00,2026-06-01,completed
5820,539,member,2026-06-01 00:00:00+00,2026-06-01,completed
5821,539,member,2026-06-01 00:00:00+00,2026-06-01,completed
5822,540,member,2026-06-01 00:00:00+00,2026-06-01,completed
5823,541,member,2026-06-01 00:00:00+00,2026-06-01,completed
5824,541,member,2026-06-01 00:00:00+00,2026-06-01,completed
5825,542,member,2026-06-01 00:00:00+00,2026-06-01,completed
5826,542,member,2026-06-01 00:00:00+00,2026-06-01,completed
5827,543,member,2026-06-01 00:00:00+00,2026-06-01,completed
5828,544,member,2026-06-01 00:00:00+00,2026-06-01,completed
5829,545,member,2026-06-01 00:00:00+00,2026-06-01,completed
5830,546,member,2026-06-01 00:00:00+00,2026-06-01,completed
5831,546,member,2026-06-01 00:00:00+00,2026-06-01,completed
5832,547,member,2026-06-01 00:00:00+00,2026-06-01,completed
5833,548,member,2026-06-01 00:00:00+00,2026-06-01,completed
5834,548,member,2026-06-01 00:00:00+00,2026-06-01,completed
5835,549,member,2026-06-01 00:00:00+00,2026-06-01,completed
5836,550,member,2026-06-01 00:00:00+00,2026-06-01,completed
5837,550,member,2026-06-01 00:00:00+00,2026-06-01,completed
5838,551,member,2026-06-01 00:00:00+00,2026-06-01,completed
5839,551,member,2026-06-01 00:00:00+00,2026-06-01,completed
5840,551,member,2026-06-01 00:00:00+00,2026-06-01,completed
5841,551,member,2026-06-01 00:00:00+00,2026-06-01,completed
5842,552,member,2026-06-01 00:00:00+00,2026-06-01,completed
5843,552,member,2026-06-01 00:00:00+00,2026-06-01,completed
5844,552,member,2026-06-01 00:00:00+00,2026-06-01,completed
5845,552,member,2026-06-01 00:00:00+00,2026-06-01,completed
5846,553,member,2026-06-01 00:00:00+00,2026-06-01,completed
5847,554,member,2026-06-01 00:00:00+00,2026-06-01,completed
5848,555,member,2026-06-01 00:00:00+00,2026-06-01,completed
5849,556,member,2026-06-01 00:00:00+00,2026-06-01,completed
5850,557,member,2026-06-01 00:00:00+00,2026-06-01,completed
5851,557,member,2026-06-01 00:00:00+00,2026-06-01,completed
5852,557,member,2026-06-01 00:00:00+00,2026-06-01,completed
5853,560,member,2026-06-01 00:00:00+00,2026-06-01,completed
5854,561,member,2026-06-01 00:00:00+00,2026-06-01,completed
5855,562,member,2026-06-01 00:00:00+00,2026-06-01,completed
5856,562,member,2026-06-01 00:00:00+00,2026-06-01,completed
5857,562,member,2026-06-01 00:00:00+00,2026-06-01,completed
5858,563,member,2026-06-01 00:00:00+00,2026-06-01,completed
5859,564,member,2026-06-01 00:00:00+00,2026-06-01,completed
5860,565,member,2026-06-01 00:00:00+00,2026-06-01,completed
5861,565,member,2026-06-01 00:00:00+00,2026-06-01,completed
5862,566,member,2026-06-01 00:00:00+00,2026-06-01,completed
5863,567,member,2026-06-01 00:00:00+00,2026-06-01,completed
5864,567,member,2026-06-01 00:00:00+00,2026-06-01,completed
5865,568,member,2026-06-01 00:00:00+00,2026-06-01,completed
5866,569,member,2026-06-01 00:00:00+00,2026-06-01,completed
5867,570,member,2026-06-01 00:00:00+00,2026-06-01,completed
5868,571,member,2026-06-01 00:00:00+00,2026-06-01,completed
5869,572,member,2026-06-01 00:00:00+00,2026-06-01,completed
5870,572,member,2026-06-01 00:00:00+00,2026-06-01,completed
5871,573,member,2026-06-01 00:00:00+00,2026-06-01,completed
5872,573,member,2026-06-01 00:00:00+00,2026-06-01,completed
5873,574,member,2026-06-01 00:00:00+00,2026-06-01,completed
5874,575,member,2026-06-01 00:00:00+00,2026-06-01,completed
5875,575,member,2026-06-01 00:00:00+00,2026-06-01,completed
5876,575,member,2026-06-01 00:00:00+00,2026-06-01,completed
5877,575,member,2026-06-01 00:00:00+00,2026-06-01,completed
5878,576,member,2026-06-01 00:00:00+00,2026-06-01,completed
5879,576,member,2026-06-01 00:00:00+00,2026-06-01,completed
5880,577,member,2026-06-01 00:00:00+00,2026-06-01,completed
5881,578,member,2026-06-01 00:00:00+00,2026-06-01,completed
5882,578,member,2026-06-01 00:00:00+00,2026-06-01,completed
5883,578,member,2026-06-01 00:00:00+00,2026-06-01,completed
5884,579,member,2026-06-01 00:00:00+00,2026-06-01,completed
5885,579,member,2026-06-01 00:00:00+00,2026-06-01,completed
5886,580,member,2026-06-01 00:00:00+00,2026-06-01,completed
5887,581,member,2026-06-01 00:00:00+00,2026-06-01,completed
5888,582,member,2026-06-01 00:00:00+00,2026-06-01,completed
5889,582,member,2026-06-01 00:00:00+00,2026-06-01,completed
5890,584,member,2026-06-01 00:00:00+00,2026-06-01,completed
5891,584,member,2026-06-01 00:00:00+00,2026-06-01,completed
5892,585,member,2026-06-01 00:00:00+00,2026-06-01,completed
5893,585,member,2026-06-01 00:00:00+00,2026-06-01,completed
5894,586,member,2026-06-01 00:00:00+00,2026-06-01,completed
5895,586,member,2026-06-01 00:00:00+00,2026-06-01,completed
5896,587,member,2026-06-01 00:00:00+00,2026-06-01,completed
5897,587,member,2026-06-01 00:00:00+00,2026-06-01,completed
5898,588,member,2026-06-01 00:00:00+00,2026-06-01,completed
5899,588,member,2026-06-01 00:00:00+00,2026-06-01,completed
5900,589,member,2026-06-01 00:00:00+00,2026-06-01,completed
5901,590,member,2026-06-01 00:00:00+00,2026-06-01,completed
5902,590,member,2026-06-01 00:00:00+00,2026-06-01,completed
5903,591,member,2026-06-01 00:00:00+00,2026-06-01,completed
5904,591,member,2026-06-01 00:00:00+00,2026-06-01,completed
5905,591,member,2026-06-01 00:00:00+00,2026-06-01,completed
5906,592,member,2026-06-01 00:00:00+00,2026-06-01,completed
5907,593,member,2026-06-01 00:00:00+00,2026-06-01,completed
5908,593,member,2026-06-01 00:00:00+00,2026-06-01,completed
5909,594,member,2026-06-01 00:00:00+00,2026-06-01,completed
5910,595,member,2026-06-01 00:00:00+00,2026-06-01,completed
5911,595,member,2026-06-01 00:00:00+00,2026-06-01,completed
5912,596,member,2026-06-01 00:00:00+00,2026-06-01,completed
5913,596,member,2026-06-01 00:00:00+00,2026-06-01,completed
5914,597,member,2026-06-01 00:00:00+00,2026-06-01,completed
5915,597,member,2026-06-01 00:00:00+00,2026-06-01,completed
5916,598,member,2026-06-01 00:00:00+00,2026-06-01,completed
5917,599,member,2026-06-01 00:00:00+00,2026-06-01,completed
5918,600,member,2026-06-01 00:00:00+00,2026-06-01,completed
5919,600,member,2026-06-01 00:00:00+00,2026-06-01,completed
5920,600,member,2026-06-01 00:00:00+00,2026-06-01,completed
5921,600,member,2026-06-01 00:00:00+00,2026-06-01,completed
5922,601,member,2026-06-01 00:00:00+00,2026-06-01,completed
5923,602,member,2026-06-01 00:00:00+00,2026-06-01,completed
5924,602,member,2026-06-01 00:00:00+00,2026-06-01,completed
5925,603,member,2026-06-01 00:00:00+00,2026-06-01,completed
5926,603,member,2026-06-01 00:00:00+00,2026-06-01,completed
5927,604,member,2026-06-01 00:00:00+00,2026-06-01,completed
5928,605,member,2026-06-01 00:00:00+00,2026-06-01,completed
5929,605,member,2026-06-01 00:00:00+00,2026-06-01,completed
5930,606,member,2026-06-01 00:00:00+00,2026-06-01,completed
5931,607,member,2026-06-01 00:00:00+00,2026-06-01,completed
5932,608,member,2026-06-01 00:00:00+00,2026-06-01,completed
5933,608,member,2026-06-01 00:00:00+00,2026-06-01,completed
5934,608,member,2026-06-01 00:00:00+00,2026-06-01,completed
5935,609,member,2026-06-01 00:00:00+00,2026-06-01,completed
5936,609,member,2026-06-01 00:00:00+00,2026-06-01,completed
5937,610,member,2026-06-01 00:00:00+00,2026-06-01,completed
5938,611,member,2026-06-01 00:00:00+00,2026-06-01,completed
5939,611,member,2026-06-01 00:00:00+00,2026-06-01,completed
5940,611,member,2026-06-01 00:00:00+00,2026-06-01,completed
5941,612,member,2026-06-01 00:00:00+00,2026-06-01,completed
5942,612,member,2026-06-01 00:00:00+00,2026-06-01,completed
5943,613,member,2026-06-01 00:00:00+00,2026-06-01,completed
5944,613,member,2026-06-01 00:00:00+00,2026-06-01,completed
5945,614,member,2026-06-01 00:00:00+00,2026-06-01,completed
5946,615,member,2026-06-01 00:00:00+00,2026-06-01,completed
5947,616,member,2026-06-01 00:00:00+00,2026-06-01,completed
5948,617,member,2026-06-01 00:00:00+00,2026-06-01,completed
5949,617,member,2026-06-01 00:00:00+00,2026-06-01,completed
5950,617,member,2026-06-01 00:00:00+00,2026-06-01,completed
5951,619,member,2026-06-01 00:00:00+00,2026-06-01,completed
5952,620,member,2026-06-01 00:00:00+00,2026-06-01,completed
5953,622,member,2026-06-01 00:00:00+00,2026-06-01,completed
5954,622,member,2026-06-01 00:00:00+00,2026-06-01,completed
5955,623,member,2026-06-01 00:00:00+00,2026-06-01,completed
5956,623,member,2026-06-01 00:00:00+00,2026-06-01,completed
5957,623,member,2026-06-01 00:00:00+00,2026-06-01,completed
5958,623,member,2026-06-01 00:00:00+00,2026-06-01,completed
5959,624,member,2026-06-01 00:00:00+00,2026-06-01,completed
5960,625,member,2026-06-01 00:00:00+00,2026-06-01,completed
5961,626,member,2026-06-01 00:00:00+00,2026-06-01,completed
5962,626,member,2026-06-01 00:00:00+00,2026-06-01,completed
5963,627,member,2026-06-01 00:00:00+00,2026-06-01,completed
5964,627,member,2026-06-01 00:00:00+00,2026-06-01,completed
5965,627,member,2026-06-01 00:00:00+00,2026-06-01,completed
5966,628,member,2026-06-01 00:00:00+00,2026-06-01,completed
5967,628,member,2026-06-01 00:00:00+00,2026-06-01,completed
5968,628,member,2026-06-01 00:00:00+00,2026-06-01,completed
5969,629,member,2026-06-01 00:00:00+00,2026-06-01,completed
5970,629,member,2026-06-01 00:00:00+00,2026-06-01,completed
5971,630,member,2026-06-01 00:00:00+00,2026-06-01,completed
5972,631,member,2026-06-01 00:00:00+00,2026-06-01,completed
5973,632,member,2026-06-01 00:00:00+00,2026-06-01,completed
5974,632,member,2026-06-01 00:00:00+00,2026-06-01,completed
5975,633,member,2026-06-01 00:00:00+00,2026-06-01,completed
5976,633,member,2026-06-01 00:00:00+00,2026-06-01,completed
5977,634,member,2026-06-01 00:00:00+00,2026-06-01,completed
5978,635,member,2026-06-01 00:00:00+00,2026-06-01,completed
5979,635,member,2026-06-01 00:00:00+00,2026-06-01,completed
5980,636,member,2026-06-01 00:00:00+00,2026-06-01,completed
5981,637,member,2026-06-01 00:00:00+00,2026-06-01,completed
5982,637,member,2026-06-01 00:00:00+00,2026-06-01,completed
5983,637,member,2026-06-01 00:00:00+00,2026-06-01,completed
5984,638,member,2026-06-01 00:00:00+00,2026-06-01,completed
5985,638,member,2026-06-01 00:00:00+00,2026-06-01,completed
5986,639,member,2026-06-01 00:00:00+00,2026-06-01,completed
5987,639,member,2026-06-01 00:00:00+00,2026-06-01,completed
5988,640,member,2026-06-01 00:00:00+00,2026-06-01,completed
5989,640,member,2026-06-01 00:00:00+00,2026-06-01,completed
5990,641,member,2026-06-01 00:00:00+00,2026-06-01,completed
5991,642,member,2026-06-01 00:00:00+00,2026-06-01,completed
5992,642,member,2026-06-01 00:00:00+00,2026-06-01,completed
5993,643,member,2026-06-01 00:00:00+00,2026-06-01,completed
5994,644,member,2026-06-01 00:00:00+00,2026-06-01,completed
5995,644,member,2026-06-01 00:00:00+00,2026-06-01,completed
5996,644,member,2026-06-01 00:00:00+00,2026-06-01,completed
5997,644,member,2026-06-01 00:00:00+00,2026-06-01,completed
5998,644,member,2026-06-01 00:00:00+00,2026-06-01,completed
5999,645,member,2026-06-01 00:00:00+00,2026-06-01,completed
6000,646,member,2026-06-01 00:00:00+00,2026-06-01,completed
6001,647,member,2026-06-01 00:00:00+00,2026-06-01,completed
6002,648,member,2026-06-01 00:00:00+00,2026-06-01,completed
6003,648,member,2026-06-01 00:00:00+00,2026-06-01,completed
6004,649,member,2026-06-01 00:00:00+00,2026-06-01,completed
6005,650,member,2026-06-01 00:00:00+00,2026-06-01,completed
6006,651,member,2026-06-01 00:00:00+00,2026-06-01,completed
6007,651,member,2026-06-01 00:00:00+00,2026-06-01,completed
6008,652,member,2026-06-01 00:00:00+00,2026-06-01,completed
6009,652,member,2026-06-01 00:00:00+00,2026-06-01,completed
6010,654,member,2026-06-01 00:00:00+00,2026-06-01,completed
6011,656,member,2026-06-01 00:00:00+00,2026-06-01,completed
6012,656,member,2026-06-01 00:00:00+00,2026-06-01,completed
6013,656,member,2026-06-01 00:00:00+00,2026-06-01,completed
6014,657,member,2026-06-01 00:00:00+00,2026-06-01,completed
6015,658,member,2026-06-01 00:00:00+00,2026-06-01,completed
6016,658,member,2026-06-01 00:00:00+00,2026-06-01,completed
6017,660,member,2026-06-01 00:00:00+00,2026-06-01,completed
6018,660,member,2026-06-01 00:00:00+00,2026-06-01,completed
6019,661,member,2026-06-01 00:00:00+00,2026-06-01,completed
6020,661,member,2026-06-01 00:00:00+00,2026-06-01,completed
6021,661,member,2026-06-01 00:00:00+00,2026-06-01,completed
6022,661,member,2026-06-01 00:00:00+00,2026-06-01,completed
6023,662,member,2026-06-01 00:00:00+00,2026-06-01,completed
6024,663,member,2026-06-01 00:00:00+00,2026-06-01,completed
6025,663,member,2026-06-01 00:00:00+00,2026-06-01,completed
6026,664,member,2026-06-01 00:00:00+00,2026-06-01,completed
6027,664,member,2026-06-01 00:00:00+00,2026-06-01,completed
6028,665,member,2026-06-01 00:00:00+00,2026-06-01,completed
6029,665,member,2026-06-01 00:00:00+00,2026-06-01,completed
6030,665,member,2026-06-01 00:00:00+00,2026-06-01,completed
6031,666,member,2026-06-01 00:00:00+00,2026-06-01,completed
6032,667,member,2026-06-01 00:00:00+00,2026-06-01,completed
6033,667,member,2026-06-01 00:00:00+00,2026-06-01,completed
6034,668,member,2026-06-01 00:00:00+00,2026-06-01,completed
6035,668,member,2026-06-01 00:00:00+00,2026-06-01,completed
6036,669,member,2026-06-01 00:00:00+00,2026-06-01,completed
6037,671,member,2026-06-01 00:00:00+00,2026-06-01,completed
6038,671,member,2026-06-01 00:00:00+00,2026-06-01,completed
6039,672,member,2026-06-01 00:00:00+00,2026-06-01,completed
6040,672,member,2026-06-01 00:00:00+00,2026-06-01,completed
6041,673,member,2026-06-01 00:00:00+00,2026-06-01,completed
6042,673,member,2026-06-01 00:00:00+00,2026-06-01,completed
6043,674,member,2026-06-01 00:00:00+00,2026-06-01,completed
6044,675,member,2026-06-01 00:00:00+00,2026-06-01,completed
6045,676,member,2026-06-01 00:00:00+00,2026-06-01,completed
6046,677,member,2026-06-01 00:00:00+00,2026-06-01,completed
6047,677,member,2026-06-01 00:00:00+00,2026-06-01,completed
6048,678,member,2026-06-01 00:00:00+00,2026-06-01,completed
6049,679,member,2026-06-01 00:00:00+00,2026-06-01,completed
6050,680,member,2026-06-01 00:00:00+00,2026-06-01,completed
6051,680,member,2026-06-01 00:00:00+00,2026-06-01,completed
6052,681,member,2026-06-01 00:00:00+00,2026-06-01,completed
6053,681,member,2026-06-01 00:00:00+00,2026-06-01,completed
6054,681,member,2026-06-01 00:00:00+00,2026-06-01,completed
6055,682,member,2026-06-01 00:00:00+00,2026-06-01,completed
6056,682,member,2026-06-01 00:00:00+00,2026-06-01,completed
6057,683,member,2026-06-01 00:00:00+00,2026-06-01,completed
6058,684,member,2026-06-01 00:00:00+00,2026-06-01,completed
6059,684,member,2026-06-01 00:00:00+00,2026-06-01,completed
6060,685,member,2026-06-01 00:00:00+00,2026-06-01,completed
6061,686,member,2026-06-01 00:00:00+00,2026-06-01,completed
6062,686,member,2026-06-01 00:00:00+00,2026-06-01,completed
6063,687,member,2026-06-01 00:00:00+00,2026-06-01,completed
6064,688,member,2026-06-01 00:00:00+00,2026-06-01,completed
6065,688,member,2026-06-01 00:00:00+00,2026-06-01,completed
6066,688,member,2026-06-01 00:00:00+00,2026-06-01,completed
6067,688,member,2026-06-01 00:00:00+00,2026-06-01,completed
6068,689,member,2026-06-01 00:00:00+00,2026-06-01,completed
6069,690,member,2026-06-01 00:00:00+00,2026-06-01,completed
6070,691,member,2026-06-01 00:00:00+00,2026-06-01,completed
6071,692,member,2026-06-01 00:00:00+00,2026-06-01,completed
6072,693,member,2026-06-01 00:00:00+00,2026-06-01,completed
6073,693,member,2026-06-01 00:00:00+00,2026-06-01,completed
6074,694,member,2026-06-01 00:00:00+00,2026-06-01,completed
6075,695,member,2026-06-01 00:00:00+00,2026-06-01,completed
6076,696,member,2026-06-01 00:00:00+00,2026-06-01,completed
6077,696,member,2026-06-01 00:00:00+00,2026-06-01,completed
6078,696,member,2026-06-01 00:00:00+00,2026-06-01,completed
6079,696,member,2026-06-01 00:00:00+00,2026-06-01,completed
6080,697,member,2026-06-01 00:00:00+00,2026-06-01,completed
6081,698,member,2026-06-01 00:00:00+00,2026-06-01,completed
6082,698,member,2026-06-01 00:00:00+00,2026-06-01,completed
6083,698,member,2026-06-01 00:00:00+00,2026-06-01,completed
6084,699,member,2026-06-01 00:00:00+00,2026-06-01,completed
6085,699,member,2026-06-01 00:00:00+00,2026-06-01,completed
6086,699,member,2026-06-01 00:00:00+00,2026-06-01,completed
6087,700,member,2026-06-01 00:00:00+00,2026-06-01,completed
6088,700,member,2026-06-01 00:00:00+00,2026-06-01,completed
6089,701,member,2026-06-01 00:00:00+00,2026-06-01,completed
6090,703,member,2026-06-01 00:00:00+00,2026-06-01,completed
6091,703,member,2026-06-01 00:00:00+00,2026-06-01,completed
6092,703,member,2026-06-01 00:00:00+00,2026-06-01,completed
6093,704,member,2026-06-01 00:00:00+00,2026-06-01,completed
6094,705,member,2026-06-01 00:00:00+00,2026-06-01,completed
6095,705,member,2026-06-01 00:00:00+00,2026-06-01,completed
6096,706,member,2026-06-01 00:00:00+00,2026-06-01,completed
6097,706,member,2026-06-01 00:00:00+00,2026-06-01,completed
6098,707,member,2026-06-01 00:00:00+00,2026-06-01,completed
6099,708,member,2026-06-01 00:00:00+00,2026-06-01,completed
6100,708,member,2026-06-01 00:00:00+00,2026-06-01,completed
6101,709,member,2026-06-01 00:00:00+00,2026-06-01,completed
6102,709,member,2026-06-01 00:00:00+00,2026-06-01,completed
6103,710,member,2026-06-01 00:00:00+00,2026-06-01,completed
6104,711,member,2026-06-01 00:00:00+00,2026-06-01,completed
6105,712,member,2026-06-01 00:00:00+00,2026-06-01,completed
6106,713,member,2026-06-01 00:00:00+00,2026-06-01,completed
6107,714,member,2026-06-01 00:00:00+00,2026-06-01,completed
6108,714,member,2026-06-01 00:00:00+00,2026-06-01,completed
6109,715,member,2026-06-01 00:00:00+00,2026-06-01,completed
6110,717,member,2026-06-01 00:00:00+00,2026-06-01,completed
6111,718,member,2026-06-01 00:00:00+00,2026-06-01,completed
6112,719,member,2026-06-01 00:00:00+00,2026-06-01,completed
6113,720,member,2026-06-01 00:00:00+00,2026-06-01,completed
6114,721,member,2026-06-01 00:00:00+00,2026-06-01,completed
6115,721,member,2026-06-01 00:00:00+00,2026-06-01,completed
6116,722,member,2026-06-01 00:00:00+00,2026-06-01,completed
6117,723,member,2026-06-01 00:00:00+00,2026-06-01,completed
6118,724,member,2026-06-01 00:00:00+00,2026-06-01,completed
6119,725,member,2026-06-01 00:00:00+00,2026-06-01,completed
6120,726,member,2026-06-01 00:00:00+00,2026-06-01,completed
6121,727,member,2026-06-01 00:00:00+00,2026-06-01,completed
6122,727,member,2026-06-01 00:00:00+00,2026-06-01,completed
6123,728,member,2026-06-01 00:00:00+00,2026-06-01,completed
6124,728,member,2026-06-01 00:00:00+00,2026-06-01,completed
6125,729,member,2026-06-01 00:00:00+00,2026-06-01,completed
6126,730,member,2026-06-01 00:00:00+00,2026-06-01,completed
6127,730,member,2026-06-01 00:00:00+00,2026-06-01,completed
6128,731,member,2026-06-01 00:00:00+00,2026-06-01,completed
6129,732,member,2026-06-01 00:00:00+00,2026-06-01,completed
6130,733,member,2026-06-01 00:00:00+00,2026-06-01,completed
6131,734,member,2026-06-01 00:00:00+00,2026-06-01,completed
6132,734,member,2026-06-01 00:00:00+00,2026-06-01,completed
6133,735,member,2026-06-01 00:00:00+00,2026-06-01,completed
6134,735,member,2026-06-01 00:00:00+00,2026-06-01,completed
6135,736,member,2026-06-01 00:00:00+00,2026-06-01,completed
6136,737,member,2026-06-01 00:00:00+00,2026-06-01,completed
6137,738,member,2026-06-01 00:00:00+00,2026-06-01,completed
6138,738,member,2026-06-01 00:00:00+00,2026-06-01,completed
6139,738,member,2026-06-01 00:00:00+00,2026-06-01,completed
6140,739,member,2026-06-01 00:00:00+00,2026-06-01,completed
6141,740,member,2026-06-01 00:00:00+00,2026-06-01,completed
6142,741,member,2026-06-01 00:00:00+00,2026-06-01,completed
6143,741,member,2026-06-01 00:00:00+00,2026-06-01,completed
6144,743,member,2026-06-01 00:00:00+00,2026-06-01,completed
6145,744,member,2026-06-01 00:00:00+00,2026-06-01,completed
6146,744,member,2026-06-01 00:00:00+00,2026-06-01,completed
6147,745,member,2026-06-01 00:00:00+00,2026-06-01,completed
6148,745,member,2026-06-01 00:00:00+00,2026-06-01,completed
6149,746,member,2026-06-01 00:00:00+00,2026-06-01,completed
6150,747,member,2026-06-01 00:00:00+00,2026-06-01,completed
6151,748,member,2026-06-01 00:00:00+00,2026-06-01,completed
6152,749,member,2026-06-01 00:00:00+00,2026-06-01,completed
6153,750,member,2026-06-01 00:00:00+00,2026-06-01,completed
6154,750,member,2026-06-01 00:00:00+00,2026-06-01,completed
6155,752,member,2026-06-01 00:00:00+00,2026-06-01,completed
6156,753,member,2026-06-01 00:00:00+00,2026-06-01,completed
6157,754,member,2026-06-01 00:00:00+00,2026-06-01,completed
6158,754,member,2026-06-01 00:00:00+00,2026-06-01,completed
6159,755,member,2026-06-01 00:00:00+00,2026-06-01,completed
6160,755,member,2026-06-01 00:00:00+00,2026-06-01,completed
6161,756,member,2026-06-01 00:00:00+00,2026-06-01,completed
6162,757,member,2026-06-01 00:00:00+00,2026-06-01,completed
6163,757,member,2026-06-01 00:00:00+00,2026-06-01,completed
6164,758,member,2026-06-01 00:00:00+00,2026-06-01,completed
6165,758,member,2026-06-01 00:00:00+00,2026-06-01,completed
6166,759,member,2026-06-01 00:00:00+00,2026-06-01,completed
6167,760,member,2026-06-01 00:00:00+00,2026-06-01,completed
6168,761,member,2026-06-01 00:00:00+00,2026-06-01,completed
6169,761,member,2026-06-01 00:00:00+00,2026-06-01,completed
6170,762,member,2026-06-01 00:00:00+00,2026-06-01,completed
6171,763,member,2026-06-01 00:00:00+00,2026-06-01,completed
6172,764,member,2026-06-01 00:00:00+00,2026-06-01,completed
6173,765,member,2026-06-01 00:00:00+00,2026-06-01,completed
6174,766,member,2026-06-01 00:00:00+00,2026-06-01,completed
6175,766,member,2026-06-01 00:00:00+00,2026-06-01,completed
6176,767,member,2026-06-01 00:00:00+00,2026-06-01,completed
6177,768,member,2026-06-01 00:00:00+00,2026-06-01,completed
6178,768,member,2026-06-01 00:00:00+00,2026-06-01,completed
6179,769,member,2026-06-01 00:00:00+00,2026-06-01,completed
6180,769,member,2026-06-01 00:00:00+00,2026-06-01,completed
6181,770,member,2026-06-01 00:00:00+00,2026-06-01,completed
6182,771,member,2026-06-01 00:00:00+00,2026-06-01,completed
6183,772,member,2026-06-01 00:00:00+00,2026-06-01,completed
6184,772,member,2026-06-01 00:00:00+00,2026-06-01,completed
6185,772,member,2026-06-01 00:00:00+00,2026-06-01,completed
6186,773,member,2026-06-01 00:00:00+00,2026-06-01,completed
6187,774,member,2026-06-01 00:00:00+00,2026-06-01,completed
6188,775,member,2026-06-01 00:00:00+00,2026-06-01,completed
6189,776,member,2026-06-01 00:00:00+00,2026-06-01,completed
6190,777,member,2026-06-01 00:00:00+00,2026-06-01,completed
6191,777,member,2026-06-01 00:00:00+00,2026-06-01,completed
6192,778,member,2026-06-01 00:00:00+00,2026-06-01,completed
6193,779,member,2026-06-01 00:00:00+00,2026-06-01,completed
6194,780,member,2026-06-01 00:00:00+00,2026-06-01,completed
6195,781,member,2026-06-01 00:00:00+00,2026-06-01,completed
6196,782,member,2026-06-01 00:00:00+00,2026-06-01,completed
6197,783,member,2026-06-01 00:00:00+00,2026-06-01,completed
6198,783,member,2026-06-01 00:00:00+00,2026-06-01,completed
6199,783,member,2026-06-01 00:00:00+00,2026-06-01,completed
6200,784,member,2026-06-01 00:00:00+00,2026-06-01,completed
6201,785,member,2026-06-01 00:00:00+00,2026-06-01,completed
6202,787,member,2026-06-01 00:00:00+00,2026-06-01,completed
6203,788,member,2026-06-01 00:00:00+00,2026-06-01,completed
6204,789,member,2026-06-01 00:00:00+00,2026-06-01,completed
6205,790,member,2026-06-01 00:00:00+00,2026-06-01,completed
6206,790,member,2026-06-01 00:00:00+00,2026-06-01,completed
6207,791,member,2026-06-01 00:00:00+00,2026-06-01,completed
6208,793,member,2026-06-01 00:00:00+00,2026-06-01,completed
6209,794,member,2026-06-01 00:00:00+00,2026-06-01,completed
6210,794,member,2026-06-01 00:00:00+00,2026-06-01,completed
6211,795,member,2026-06-01 00:00:00+00,2026-06-01,completed
6212,796,member,2026-06-01 00:00:00+00,2026-06-01,completed
6213,796,member,2026-06-01 00:00:00+00,2026-06-01,completed
6214,797,member,2026-06-01 00:00:00+00,2026-06-01,completed
6215,798,member,2026-06-01 00:00:00+00,2026-06-01,completed
6216,798,member,2026-06-01 00:00:00+00,2026-06-01,completed
6217,799,member,2026-06-01 00:00:00+00,2026-06-01,completed
6218,800,member,2026-06-01 00:00:00+00,2026-06-01,completed
6219,801,member,2026-06-01 00:00:00+00,2026-06-01,completed
6220,802,member,2026-06-01 00:00:00+00,2026-06-01,completed
6221,803,member,2026-06-01 00:00:00+00,2026-06-01,completed
6222,803,member,2026-06-01 00:00:00+00,2026-06-01,completed
6223,804,member,2026-06-01 00:00:00+00,2026-06-01,completed
6224,805,member,2026-06-01 00:00:00+00,2026-06-01,completed
6225,806,member,2026-06-01 00:00:00+00,2026-06-01,completed
6226,807,member,2026-06-01 00:00:00+00,2026-06-01,completed
6227,808,member,2026-06-01 00:00:00+00,2026-06-01,completed
6228,809,member,2026-06-01 00:00:00+00,2026-06-01,completed
6229,810,member,2026-06-01 00:00:00+00,2026-06-01,completed
6230,811,member,2026-06-01 00:00:00+00,2026-06-01,completed
6231,812,member,2026-06-01 00:00:00+00,2026-06-01,completed
6232,813,member,2026-06-01 00:00:00+00,2026-06-01,completed
6233,814,member,2026-06-01 00:00:00+00,2026-06-01,completed
6234,814,member,2026-06-01 00:00:00+00,2026-06-01,completed
6235,815,member,2026-06-01 00:00:00+00,2026-06-01,completed
6236,816,member,2026-06-01 00:00:00+00,2026-06-01,completed
6237,817,member,2026-06-01 00:00:00+00,2026-06-01,completed
6238,818,member,2026-06-01 00:00:00+00,2026-06-01,completed
6239,819,member,2026-06-01 00:00:00+00,2026-06-01,completed
6240,820,member,2026-06-01 00:00:00+00,2026-06-01,completed
6241,821,member,2026-06-01 00:00:00+00,2026-06-01,completed
6242,822,member,2026-06-01 00:00:00+00,2026-06-01,completed
6243,823,member,2026-06-01 00:00:00+00,2026-06-01,completed
6244,824,member,2026-06-01 00:00:00+00,2026-06-01,completed
6245,825,member,2026-06-01 00:00:00+00,2026-06-01,completed
6246,826,member,2026-06-01 00:00:00+00,2026-06-01,completed
6247,826,member,2026-06-01 00:00:00+00,2026-06-01,completed
6248,827,member,2026-06-01 00:00:00+00,2026-06-01,completed
6249,828,member,2026-06-01 00:00:00+00,2026-06-01,completed
6250,828,member,2026-06-01 00:00:00+00,2026-06-01,completed
6251,829,member,2026-06-01 00:00:00+00,2026-06-01,completed
6252,830,member,2026-06-01 00:00:00+00,2026-06-01,completed
6253,831,member,2026-06-01 00:00:00+00,2026-06-01,completed
6254,831,member,2026-06-01 00:00:00+00,2026-06-01,completed
6255,832,member,2026-06-01 00:00:00+00,2026-06-01,completed
6256,833,member,2026-06-01 00:00:00+00,2026-06-01,completed
6257,834,member,2026-06-01 00:00:00+00,2026-06-01,completed
6258,835,member,2026-06-01 00:00:00+00,2026-06-01,completed
6259,836,member,2026-06-01 00:00:00+00,2026-06-01,completed
6260,837,member,2026-06-01 00:00:00+00,2026-06-01,completed
6261,838,member,2026-06-01 00:00:00+00,2026-06-01,completed
6262,839,member,2026-06-01 00:00:00+00,2026-06-01,completed
6263,839,member,2026-06-01 00:00:00+00,2026-06-01,completed
6264,840,member,2026-06-01 00:00:00+00,2026-06-01,completed
6265,841,member,2026-06-01 00:00:00+00,2026-06-01,completed
6266,842,member,2026-06-01 00:00:00+00,2026-06-01,completed
6267,843,member,2026-06-01 00:00:00+00,2026-06-01,completed
6268,844,member,2026-06-01 00:00:00+00,2026-06-01,completed
6269,845,member,2026-06-01 00:00:00+00,2026-06-01,completed
6270,845,member,2026-06-01 00:00:00+00,2026-06-01,completed
6271,846,member,2026-06-01 00:00:00+00,2026-06-01,completed
6272,847,member,2026-06-01 00:00:00+00,2026-06-01,completed
6273,848,member,2026-06-01 00:00:00+00,2026-06-01,completed
6274,849,member,2026-06-01 00:00:00+00,2026-06-01,completed
6275,849,member,2026-06-01 00:00:00+00,2026-06-01,completed
6276,850,member,2026-06-01 00:00:00+00,2026-06-01,completed
6277,851,member,2026-06-01 00:00:00+00,2026-06-01,completed
6278,852,member,2026-06-01 00:00:00+00,2026-06-01,completed
6279,853,member,2026-06-01 00:00:00+00,2026-06-01,completed
6280,854,member,2026-06-01 00:00:00+00,2026-06-01,completed
6281,854,member,2026-06-01 00:00:00+00,2026-06-01,completed
6282,855,member,2026-06-01 00:00:00+00,2026-06-01,completed
6283,856,member,2026-06-01 00:00:00+00,2026-06-01,completed
6284,856,member,2026-06-01 00:00:00+00,2026-06-01,completed
6285,857,member,2026-06-01 00:00:00+00,2026-06-01,completed
6286,858,member,2026-06-01 00:00:00+00,2026-06-01,completed
6287,859,member,2026-06-01 00:00:00+00,2026-06-01,completed
6288,860,member,2026-06-01 00:00:00+00,2026-06-01,completed
6289,860,member,2026-06-01 00:00:00+00,2026-06-01,completed
6290,860,member,2026-06-01 00:00:00+00,2026-06-01,completed
6291,861,member,2026-06-01 00:00:00+00,2026-06-01,completed
6292,862,member,2026-06-01 00:00:00+00,2026-06-01,completed
6293,862,member,2026-06-01 00:00:00+00,2026-06-01,completed
6294,863,member,2026-06-01 00:00:00+00,2026-06-01,completed
6295,864,member,2026-06-01 00:00:00+00,2026-06-01,completed
6296,864,member,2026-06-01 00:00:00+00,2026-06-01,completed
6297,865,member,2026-06-01 00:00:00+00,2026-06-01,completed
6298,865,member,2026-06-01 00:00:00+00,2026-06-01,completed
6299,866,member,2026-06-01 00:00:00+00,2026-06-01,completed
6300,867,member,2026-06-01 00:00:00+00,2026-06-01,completed
6301,867,member,2026-06-01 00:00:00+00,2026-06-01,completed
6302,868,member,2026-06-01 00:00:00+00,2026-06-01,completed
6303,868,member,2026-06-01 00:00:00+00,2026-06-01,completed
6304,869,member,2026-06-01 00:00:00+00,2026-06-01,completed
6305,870,member,2026-06-01 00:00:00+00,2026-06-01,completed
6306,870,member,2026-06-01 00:00:00+00,2026-06-01,completed
6307,1,member,2026-07-01 00:00:00+00,2026-07-01,completed
6308,1,member,2026-07-01 00:00:00+00,2026-07-01,completed
6309,2,member,2026-07-01 00:00:00+00,2026-07-01,completed
6310,2,member,2026-07-01 00:00:00+00,2026-07-01,completed
6311,2,member,2026-07-01 00:00:00+00,2026-07-01,completed
6312,2,member,2026-07-01 00:00:00+00,2026-07-01,completed
6313,2,member,2026-07-01 00:00:00+00,2026-07-01,completed
6314,3,member,2026-07-01 00:00:00+00,2026-07-01,completed
6315,3,member,2026-07-01 00:00:00+00,2026-07-01,completed
6316,3,member,2026-07-01 00:00:00+00,2026-07-01,completed
6317,3,member,2026-07-01 00:00:00+00,2026-07-01,completed
6318,4,member,2026-07-01 00:00:00+00,2026-07-01,completed
6319,4,member,2026-07-01 00:00:00+00,2026-07-01,completed
6320,5,member,2026-07-01 00:00:00+00,2026-07-01,completed
6321,6,member,2026-07-01 00:00:00+00,2026-07-01,completed
6322,7,member,2026-07-01 00:00:00+00,2026-07-01,completed
6323,7,member,2026-07-01 00:00:00+00,2026-07-01,completed
6324,7,member,2026-07-01 00:00:00+00,2026-07-01,completed
6325,7,member,2026-07-01 00:00:00+00,2026-07-01,completed
6326,7,member,2026-07-01 00:00:00+00,2026-07-01,completed
6327,9,member,2026-07-01 00:00:00+00,2026-07-01,completed
6328,10,member,2026-07-01 00:00:00+00,2026-07-01,completed
6329,11,member,2026-07-01 00:00:00+00,2026-07-01,completed
6330,11,member,2026-07-01 00:00:00+00,2026-07-01,completed
6331,11,member,2026-07-01 00:00:00+00,2026-07-01,completed
6332,11,member,2026-07-01 00:00:00+00,2026-07-01,completed
6333,12,member,2026-07-01 00:00:00+00,2026-07-01,completed
6334,12,member,2026-07-01 00:00:00+00,2026-07-01,completed
6335,12,member,2026-07-01 00:00:00+00,2026-07-01,completed
6336,12,member,2026-07-01 00:00:00+00,2026-07-01,completed
6337,12,member,2026-07-01 00:00:00+00,2026-07-01,completed
6338,12,member,2026-07-01 00:00:00+00,2026-07-01,completed
6339,12,member,2026-07-01 00:00:00+00,2026-07-01,completed
6340,12,member,2026-07-01 00:00:00+00,2026-07-01,completed
6341,12,member,2026-07-01 00:00:00+00,2026-07-01,completed
6342,12,member,2026-07-01 00:00:00+00,2026-07-01,completed
6343,12,member,2026-07-01 00:00:00+00,2026-07-01,completed
6344,13,member,2026-07-01 00:00:00+00,2026-07-01,completed
6345,14,member,2026-07-01 00:00:00+00,2026-07-01,completed
6346,14,member,2026-07-01 00:00:00+00,2026-07-01,completed
6347,14,member,2026-07-01 00:00:00+00,2026-07-01,completed
6348,15,member,2026-07-01 00:00:00+00,2026-07-01,completed
6349,15,member,2026-07-01 00:00:00+00,2026-07-01,completed
6350,15,member,2026-07-01 00:00:00+00,2026-07-01,completed
6351,16,member,2026-07-01 00:00:00+00,2026-07-01,completed
6352,17,member,2026-07-01 00:00:00+00,2026-07-01,completed
6353,17,member,2026-07-01 00:00:00+00,2026-07-01,completed
6354,17,member,2026-07-01 00:00:00+00,2026-07-01,completed
6355,18,member,2026-07-01 00:00:00+00,2026-07-01,completed
6356,18,member,2026-07-01 00:00:00+00,2026-07-01,completed
6357,18,member,2026-07-01 00:00:00+00,2026-07-01,completed
6358,19,member,2026-07-01 00:00:00+00,2026-07-01,completed
6359,19,member,2026-07-01 00:00:00+00,2026-07-01,completed
6360,19,member,2026-07-01 00:00:00+00,2026-07-01,completed
6361,19,member,2026-07-01 00:00:00+00,2026-07-01,completed
6362,19,member,2026-07-01 00:00:00+00,2026-07-01,completed
6363,20,member,2026-07-01 00:00:00+00,2026-07-01,completed
6364,21,member,2026-07-01 00:00:00+00,2026-07-01,completed
6365,22,member,2026-07-01 00:00:00+00,2026-07-01,completed
6366,22,member,2026-07-01 00:00:00+00,2026-07-01,completed
6367,22,member,2026-07-01 00:00:00+00,2026-07-01,completed
6368,23,member,2026-07-01 00:00:00+00,2026-07-01,completed
6369,24,member,2026-07-01 00:00:00+00,2026-07-01,completed
6370,24,member,2026-07-01 00:00:00+00,2026-07-01,completed
6371,24,member,2026-07-01 00:00:00+00,2026-07-01,completed
6372,24,member,2026-07-01 00:00:00+00,2026-07-01,completed
6373,24,member,2026-07-01 00:00:00+00,2026-07-01,completed
6374,25,member,2026-07-01 00:00:00+00,2026-07-01,completed
6375,25,member,2026-07-01 00:00:00+00,2026-07-01,completed
6376,25,member,2026-07-01 00:00:00+00,2026-07-01,completed
6377,25,member,2026-07-01 00:00:00+00,2026-07-01,completed
6378,25,member,2026-07-01 00:00:00+00,2026-07-01,completed
6379,26,member,2026-07-01 00:00:00+00,2026-07-01,completed
6380,27,member,2026-07-01 00:00:00+00,2026-07-01,completed
6381,28,member,2026-07-01 00:00:00+00,2026-07-01,completed
6382,29,member,2026-07-01 00:00:00+00,2026-07-01,completed
6383,30,member,2026-07-01 00:00:00+00,2026-07-01,completed
6384,30,member,2026-07-01 00:00:00+00,2026-07-01,completed
6385,30,member,2026-07-01 00:00:00+00,2026-07-01,completed
6386,32,member,2026-07-01 00:00:00+00,2026-07-01,completed
6387,32,member,2026-07-01 00:00:00+00,2026-07-01,completed
6388,32,member,2026-07-01 00:00:00+00,2026-07-01,completed
6389,32,member,2026-07-01 00:00:00+00,2026-07-01,completed
6390,33,member,2026-07-01 00:00:00+00,2026-07-01,completed
6391,33,member,2026-07-01 00:00:00+00,2026-07-01,completed
6392,33,member,2026-07-01 00:00:00+00,2026-07-01,completed
6393,33,member,2026-07-01 00:00:00+00,2026-07-01,completed
6394,34,member,2026-07-01 00:00:00+00,2026-07-01,completed
6395,35,member,2026-07-01 00:00:00+00,2026-07-01,completed
6396,37,member,2026-07-01 00:00:00+00,2026-07-01,completed
6397,38,member,2026-07-01 00:00:00+00,2026-07-01,completed
6398,38,member,2026-07-01 00:00:00+00,2026-07-01,completed
6399,39,member,2026-07-01 00:00:00+00,2026-07-01,completed
6400,39,member,2026-07-01 00:00:00+00,2026-07-01,completed
6401,39,member,2026-07-01 00:00:00+00,2026-07-01,completed
6402,40,member,2026-07-01 00:00:00+00,2026-07-01,completed
6403,42,member,2026-07-01 00:00:00+00,2026-07-01,completed
6404,43,member,2026-07-01 00:00:00+00,2026-07-01,completed
6405,43,member,2026-07-01 00:00:00+00,2026-07-01,completed
6406,44,member,2026-07-01 00:00:00+00,2026-07-01,completed
6407,44,member,2026-07-01 00:00:00+00,2026-07-01,completed
6408,44,member,2026-07-01 00:00:00+00,2026-07-01,completed
6409,44,member,2026-07-01 00:00:00+00,2026-07-01,completed
6410,44,member,2026-07-01 00:00:00+00,2026-07-01,completed
6411,44,member,2026-07-01 00:00:00+00,2026-07-01,completed
6412,44,member,2026-07-01 00:00:00+00,2026-07-01,completed
6413,44,member,2026-07-01 00:00:00+00,2026-07-01,completed
6414,44,member,2026-07-01 00:00:00+00,2026-07-01,completed
6415,44,member,2026-07-01 00:00:00+00,2026-07-01,completed
6416,45,member,2026-07-01 00:00:00+00,2026-07-01,completed
6417,45,member,2026-07-01 00:00:00+00,2026-07-01,completed
6418,45,member,2026-07-01 00:00:00+00,2026-07-01,completed
6419,45,member,2026-07-01 00:00:00+00,2026-07-01,completed
6420,45,member,2026-07-01 00:00:00+00,2026-07-01,completed
6421,45,member,2026-07-01 00:00:00+00,2026-07-01,completed
6422,45,member,2026-07-01 00:00:00+00,2026-07-01,completed
6423,45,member,2026-07-01 00:00:00+00,2026-07-01,completed
6424,45,member,2026-07-01 00:00:00+00,2026-07-01,completed
6425,45,member,2026-07-01 00:00:00+00,2026-07-01,completed
6426,45,member,2026-07-01 00:00:00+00,2026-07-01,completed
6427,45,member,2026-07-01 00:00:00+00,2026-07-01,completed
6428,46,member,2026-07-01 00:00:00+00,2026-07-01,completed
6429,47,member,2026-07-01 00:00:00+00,2026-07-01,completed
6430,48,member,2026-07-01 00:00:00+00,2026-07-01,completed
6431,48,member,2026-07-01 00:00:00+00,2026-07-01,completed
6432,48,member,2026-07-01 00:00:00+00,2026-07-01,completed
6433,49,member,2026-07-01 00:00:00+00,2026-07-01,completed
6434,50,member,2026-07-01 00:00:00+00,2026-07-01,completed
6435,50,member,2026-07-01 00:00:00+00,2026-07-01,completed
6436,51,member,2026-07-01 00:00:00+00,2026-07-01,completed
6437,51,member,2026-07-01 00:00:00+00,2026-07-01,completed
6438,51,member,2026-07-01 00:00:00+00,2026-07-01,completed
6439,52,member,2026-07-01 00:00:00+00,2026-07-01,completed
6440,52,member,2026-07-01 00:00:00+00,2026-07-01,completed
6441,53,member,2026-07-01 00:00:00+00,2026-07-01,completed
6442,55,member,2026-07-01 00:00:00+00,2026-07-01,completed
6443,56,member,2026-07-01 00:00:00+00,2026-07-01,completed
6444,56,member,2026-07-01 00:00:00+00,2026-07-01,completed
6445,57,member,2026-07-01 00:00:00+00,2026-07-01,completed
6446,58,member,2026-07-01 00:00:00+00,2026-07-01,completed
6447,59,member,2026-07-01 00:00:00+00,2026-07-01,completed
6448,60,member,2026-07-01 00:00:00+00,2026-07-01,completed
6449,61,member,2026-07-01 00:00:00+00,2026-07-01,completed
6450,61,member,2026-07-01 00:00:00+00,2026-07-01,completed
6451,63,member,2026-07-01 00:00:00+00,2026-07-01,completed
6452,63,member,2026-07-01 00:00:00+00,2026-07-01,completed
6453,66,member,2026-07-01 00:00:00+00,2026-07-01,completed
6454,66,member,2026-07-01 00:00:00+00,2026-07-01,completed
6455,67,member,2026-07-01 00:00:00+00,2026-07-01,completed
6456,68,member,2026-07-01 00:00:00+00,2026-07-01,completed
6457,68,member,2026-07-01 00:00:00+00,2026-07-01,completed
6458,69,member,2026-07-01 00:00:00+00,2026-07-01,completed
6459,71,member,2026-07-01 00:00:00+00,2026-07-01,completed
6460,72,member,2026-07-01 00:00:00+00,2026-07-01,completed
6461,73,member,2026-07-01 00:00:00+00,2026-07-01,completed
6462,74,member,2026-07-01 00:00:00+00,2026-07-01,completed
6463,74,member,2026-07-01 00:00:00+00,2026-07-01,completed
6464,75,member,2026-07-01 00:00:00+00,2026-07-01,completed
6465,76,member,2026-07-01 00:00:00+00,2026-07-01,completed
6466,77,member,2026-07-01 00:00:00+00,2026-07-01,completed
6467,78,member,2026-07-01 00:00:00+00,2026-07-01,completed
6468,79,member,2026-07-01 00:00:00+00,2026-07-01,completed
6469,79,member,2026-07-01 00:00:00+00,2026-07-01,completed
6470,80,member,2026-07-01 00:00:00+00,2026-07-01,completed
6471,80,member,2026-07-01 00:00:00+00,2026-07-01,completed
6472,80,member,2026-07-01 00:00:00+00,2026-07-01,completed
6473,80,member,2026-07-01 00:00:00+00,2026-07-01,completed
6474,80,member,2026-07-01 00:00:00+00,2026-07-01,completed
6475,81,member,2026-07-01 00:00:00+00,2026-07-01,completed
6476,81,member,2026-07-01 00:00:00+00,2026-07-01,completed
6477,81,member,2026-07-01 00:00:00+00,2026-07-01,completed
6478,82,member,2026-07-01 00:00:00+00,2026-07-01,completed
6479,85,member,2026-07-01 00:00:00+00,2026-07-01,completed
6480,86,member,2026-07-01 00:00:00+00,2026-07-01,completed
6481,87,member,2026-07-01 00:00:00+00,2026-07-01,completed
6482,88,member,2026-07-01 00:00:00+00,2026-07-01,completed
6483,88,member,2026-07-01 00:00:00+00,2026-07-01,completed
6484,89,member,2026-07-01 00:00:00+00,2026-07-01,completed
6485,89,member,2026-07-01 00:00:00+00,2026-07-01,completed
6486,89,member,2026-07-01 00:00:00+00,2026-07-01,completed
6487,91,member,2026-07-01 00:00:00+00,2026-07-01,completed
6488,91,member,2026-07-01 00:00:00+00,2026-07-01,completed
6489,92,member,2026-07-01 00:00:00+00,2026-07-01,completed
6490,93,member,2026-07-01 00:00:00+00,2026-07-01,completed
6491,93,member,2026-07-01 00:00:00+00,2026-07-01,completed
6492,95,member,2026-07-01 00:00:00+00,2026-07-01,completed
6493,96,member,2026-07-01 00:00:00+00,2026-07-01,completed
6494,97,member,2026-07-01 00:00:00+00,2026-07-01,completed
6495,97,member,2026-07-01 00:00:00+00,2026-07-01,completed
6496,97,member,2026-07-01 00:00:00+00,2026-07-01,completed
6497,98,member,2026-07-01 00:00:00+00,2026-07-01,completed
6498,100,member,2026-07-01 00:00:00+00,2026-07-01,completed
6499,100,member,2026-07-01 00:00:00+00,2026-07-01,completed
6500,101,member,2026-07-01 00:00:00+00,2026-07-01,completed
6501,102,member,2026-07-01 00:00:00+00,2026-07-01,completed
6502,104,member,2026-07-01 00:00:00+00,2026-07-01,completed
6503,104,member,2026-07-01 00:00:00+00,2026-07-01,completed
6504,106,member,2026-07-01 00:00:00+00,2026-07-01,completed
6505,106,member,2026-07-01 00:00:00+00,2026-07-01,completed
6506,106,member,2026-07-01 00:00:00+00,2026-07-01,completed
6507,107,member,2026-07-01 00:00:00+00,2026-07-01,completed
6508,108,member,2026-07-01 00:00:00+00,2026-07-01,completed
6509,109,member,2026-07-01 00:00:00+00,2026-07-01,completed
6510,109,member,2026-07-01 00:00:00+00,2026-07-01,completed
6511,109,member,2026-07-01 00:00:00+00,2026-07-01,completed
6512,110,member,2026-07-01 00:00:00+00,2026-07-01,completed
6513,111,member,2026-07-01 00:00:00+00,2026-07-01,completed
6514,111,member,2026-07-01 00:00:00+00,2026-07-01,completed
6515,113,member,2026-07-01 00:00:00+00,2026-07-01,completed
6516,113,member,2026-07-01 00:00:00+00,2026-07-01,completed
6517,114,member,2026-07-01 00:00:00+00,2026-07-01,completed
6518,116,member,2026-07-01 00:00:00+00,2026-07-01,completed
6519,117,member,2026-07-01 00:00:00+00,2026-07-01,completed
6520,117,member,2026-07-01 00:00:00+00,2026-07-01,completed
6521,117,member,2026-07-01 00:00:00+00,2026-07-01,completed
6522,117,member,2026-07-01 00:00:00+00,2026-07-01,completed
6523,118,member,2026-07-01 00:00:00+00,2026-07-01,completed
6524,119,member,2026-07-01 00:00:00+00,2026-07-01,completed
6525,119,member,2026-07-01 00:00:00+00,2026-07-01,completed
6526,119,member,2026-07-01 00:00:00+00,2026-07-01,completed
6527,120,member,2026-07-01 00:00:00+00,2026-07-01,completed
6528,120,member,2026-07-01 00:00:00+00,2026-07-01,completed
6529,120,member,2026-07-01 00:00:00+00,2026-07-01,completed
6530,121,member,2026-07-01 00:00:00+00,2026-07-01,completed
6531,122,member,2026-07-01 00:00:00+00,2026-07-01,completed
6532,123,member,2026-07-01 00:00:00+00,2026-07-01,completed
6533,123,member,2026-07-01 00:00:00+00,2026-07-01,completed
6534,123,member,2026-07-01 00:00:00+00,2026-07-01,completed
6535,124,member,2026-07-01 00:00:00+00,2026-07-01,completed
6536,125,member,2026-07-01 00:00:00+00,2026-07-01,completed
6537,125,member,2026-07-01 00:00:00+00,2026-07-01,completed
6538,126,member,2026-07-01 00:00:00+00,2026-07-01,completed
6539,127,member,2026-07-01 00:00:00+00,2026-07-01,completed
6540,129,member,2026-07-01 00:00:00+00,2026-07-01,completed
6541,129,member,2026-07-01 00:00:00+00,2026-07-01,completed
6542,132,member,2026-07-01 00:00:00+00,2026-07-01,completed
6543,132,member,2026-07-01 00:00:00+00,2026-07-01,completed
6544,133,member,2026-07-01 00:00:00+00,2026-07-01,completed
6545,134,member,2026-07-01 00:00:00+00,2026-07-01,completed
6546,135,member,2026-07-01 00:00:00+00,2026-07-01,completed
6547,136,member,2026-07-01 00:00:00+00,2026-07-01,completed
6548,136,member,2026-07-01 00:00:00+00,2026-07-01,completed
6549,137,member,2026-07-01 00:00:00+00,2026-07-01,completed
6550,138,member,2026-07-01 00:00:00+00,2026-07-01,completed
6551,138,member,2026-07-01 00:00:00+00,2026-07-01,completed
6552,139,member,2026-07-01 00:00:00+00,2026-07-01,completed
6553,140,member,2026-07-01 00:00:00+00,2026-07-01,completed
6554,142,member,2026-07-01 00:00:00+00,2026-07-01,completed
6555,143,member,2026-07-01 00:00:00+00,2026-07-01,completed
6556,144,member,2026-07-01 00:00:00+00,2026-07-01,completed
6557,144,member,2026-07-01 00:00:00+00,2026-07-01,completed
6558,145,member,2026-07-01 00:00:00+00,2026-07-01,completed
6559,146,member,2026-07-01 00:00:00+00,2026-07-01,completed
6560,146,member,2026-07-01 00:00:00+00,2026-07-01,completed
6561,146,member,2026-07-01 00:00:00+00,2026-07-01,completed
6562,146,member,2026-07-01 00:00:00+00,2026-07-01,completed
6563,147,member,2026-07-01 00:00:00+00,2026-07-01,completed
6564,147,member,2026-07-01 00:00:00+00,2026-07-01,completed
6565,148,member,2026-07-01 00:00:00+00,2026-07-01,completed
6566,148,member,2026-07-01 00:00:00+00,2026-07-01,completed
6567,148,member,2026-07-01 00:00:00+00,2026-07-01,completed
6568,148,member,2026-07-01 00:00:00+00,2026-07-01,completed
6569,148,member,2026-07-01 00:00:00+00,2026-07-01,completed
6570,149,member,2026-07-01 00:00:00+00,2026-07-01,completed
6571,149,member,2026-07-01 00:00:00+00,2026-07-01,completed
6572,150,member,2026-07-01 00:00:00+00,2026-07-01,completed
6573,150,member,2026-07-01 00:00:00+00,2026-07-01,completed
6574,150,member,2026-07-01 00:00:00+00,2026-07-01,completed
6575,150,member,2026-07-01 00:00:00+00,2026-07-01,completed
6576,151,member,2026-07-01 00:00:00+00,2026-07-01,completed
6577,151,member,2026-07-01 00:00:00+00,2026-07-01,completed
6578,151,member,2026-07-01 00:00:00+00,2026-07-01,completed
6579,151,member,2026-07-01 00:00:00+00,2026-07-01,completed
6580,153,member,2026-07-01 00:00:00+00,2026-07-01,completed
6581,154,member,2026-07-01 00:00:00+00,2026-07-01,completed
6582,154,member,2026-07-01 00:00:00+00,2026-07-01,completed
6583,154,member,2026-07-01 00:00:00+00,2026-07-01,completed
6584,156,member,2026-07-01 00:00:00+00,2026-07-01,completed
6585,156,member,2026-07-01 00:00:00+00,2026-07-01,completed
6586,156,member,2026-07-01 00:00:00+00,2026-07-01,completed
6587,157,member,2026-07-01 00:00:00+00,2026-07-01,completed
6588,158,member,2026-07-01 00:00:00+00,2026-07-01,completed
6589,158,member,2026-07-01 00:00:00+00,2026-07-01,completed
6590,159,member,2026-07-01 00:00:00+00,2026-07-01,completed
6591,160,member,2026-07-01 00:00:00+00,2026-07-01,completed
6592,161,member,2026-07-01 00:00:00+00,2026-07-01,completed
6593,161,member,2026-07-01 00:00:00+00,2026-07-01,completed
6594,162,member,2026-07-01 00:00:00+00,2026-07-01,completed
6595,162,member,2026-07-01 00:00:00+00,2026-07-01,completed
6596,163,member,2026-07-01 00:00:00+00,2026-07-01,completed
6597,164,member,2026-07-01 00:00:00+00,2026-07-01,completed
6598,165,member,2026-07-01 00:00:00+00,2026-07-01,completed
6599,166,member,2026-07-01 00:00:00+00,2026-07-01,completed
6600,167,member,2026-07-01 00:00:00+00,2026-07-01,completed
6601,168,member,2026-07-01 00:00:00+00,2026-07-01,completed
6602,170,member,2026-07-01 00:00:00+00,2026-07-01,completed
6603,171,member,2026-07-01 00:00:00+00,2026-07-01,completed
6604,171,member,2026-07-01 00:00:00+00,2026-07-01,completed
6605,172,member,2026-07-01 00:00:00+00,2026-07-01,completed
6606,172,member,2026-07-01 00:00:00+00,2026-07-01,completed
6607,172,member,2026-07-01 00:00:00+00,2026-07-01,completed
6608,172,member,2026-07-01 00:00:00+00,2026-07-01,completed
6609,173,member,2026-07-01 00:00:00+00,2026-07-01,completed
6610,173,member,2026-07-01 00:00:00+00,2026-07-01,completed
6611,174,member,2026-07-01 00:00:00+00,2026-07-01,completed
6612,174,member,2026-07-01 00:00:00+00,2026-07-01,completed
6613,174,member,2026-07-01 00:00:00+00,2026-07-01,completed
6614,174,member,2026-07-01 00:00:00+00,2026-07-01,completed
6615,175,member,2026-07-01 00:00:00+00,2026-07-01,completed
6616,176,member,2026-07-01 00:00:00+00,2026-07-01,completed
6617,176,member,2026-07-01 00:00:00+00,2026-07-01,completed
6618,176,member,2026-07-01 00:00:00+00,2026-07-01,completed
6619,179,member,2026-07-01 00:00:00+00,2026-07-01,completed
6620,179,member,2026-07-01 00:00:00+00,2026-07-01,completed
6621,179,member,2026-07-01 00:00:00+00,2026-07-01,completed
6622,180,member,2026-07-01 00:00:00+00,2026-07-01,completed
6623,180,member,2026-07-01 00:00:00+00,2026-07-01,completed
6624,180,member,2026-07-01 00:00:00+00,2026-07-01,completed
6625,180,member,2026-07-01 00:00:00+00,2026-07-01,completed
6626,180,member,2026-07-01 00:00:00+00,2026-07-01,completed
6627,180,member,2026-07-01 00:00:00+00,2026-07-01,completed
6628,180,member,2026-07-01 00:00:00+00,2026-07-01,completed
6629,181,member,2026-07-01 00:00:00+00,2026-07-01,completed
6630,182,member,2026-07-01 00:00:00+00,2026-07-01,completed
6631,182,member,2026-07-01 00:00:00+00,2026-07-01,completed
6632,182,member,2026-07-01 00:00:00+00,2026-07-01,completed
6633,182,member,2026-07-01 00:00:00+00,2026-07-01,completed
6634,182,member,2026-07-01 00:00:00+00,2026-07-01,completed
6635,183,member,2026-07-01 00:00:00+00,2026-07-01,completed
6636,183,member,2026-07-01 00:00:00+00,2026-07-01,completed
6637,183,member,2026-07-01 00:00:00+00,2026-07-01,completed
6638,184,member,2026-07-01 00:00:00+00,2026-07-01,completed
6639,185,member,2026-07-01 00:00:00+00,2026-07-01,completed
6640,186,member,2026-07-01 00:00:00+00,2026-07-01,completed
6641,187,member,2026-07-01 00:00:00+00,2026-07-01,completed
6642,187,member,2026-07-01 00:00:00+00,2026-07-01,completed
6643,188,member,2026-07-01 00:00:00+00,2026-07-01,completed
6644,188,member,2026-07-01 00:00:00+00,2026-07-01,completed
6645,189,member,2026-07-01 00:00:00+00,2026-07-01,completed
6646,189,member,2026-07-01 00:00:00+00,2026-07-01,completed
6647,189,member,2026-07-01 00:00:00+00,2026-07-01,completed
6648,189,member,2026-07-01 00:00:00+00,2026-07-01,completed
6649,189,member,2026-07-01 00:00:00+00,2026-07-01,completed
6650,189,member,2026-07-01 00:00:00+00,2026-07-01,completed
6651,189,member,2026-07-01 00:00:00+00,2026-07-01,completed
6652,189,member,2026-07-01 00:00:00+00,2026-07-01,completed
6653,189,member,2026-07-01 00:00:00+00,2026-07-01,completed
6654,189,member,2026-07-01 00:00:00+00,2026-07-01,completed
6655,189,member,2026-07-01 00:00:00+00,2026-07-01,completed
6656,189,member,2026-07-01 00:00:00+00,2026-07-01,completed
6657,192,member,2026-07-01 00:00:00+00,2026-07-01,completed
6658,193,member,2026-07-01 00:00:00+00,2026-07-01,completed
6659,194,member,2026-07-01 00:00:00+00,2026-07-01,completed
6660,195,member,2026-07-01 00:00:00+00,2026-07-01,completed
6661,195,member,2026-07-01 00:00:00+00,2026-07-01,completed
6662,195,member,2026-07-01 00:00:00+00,2026-07-01,completed
6663,196,member,2026-07-01 00:00:00+00,2026-07-01,completed
6664,197,member,2026-07-01 00:00:00+00,2026-07-01,completed
6665,197,member,2026-07-01 00:00:00+00,2026-07-01,completed
6666,198,member,2026-07-01 00:00:00+00,2026-07-01,completed
6667,198,member,2026-07-01 00:00:00+00,2026-07-01,completed
6668,198,member,2026-07-01 00:00:00+00,2026-07-01,completed
6669,198,member,2026-07-01 00:00:00+00,2026-07-01,completed
6670,198,member,2026-07-01 00:00:00+00,2026-07-01,completed
6671,199,member,2026-07-01 00:00:00+00,2026-07-01,completed
6672,200,member,2026-07-01 00:00:00+00,2026-07-01,completed
6673,201,member,2026-07-01 00:00:00+00,2026-07-01,completed
6674,202,member,2026-07-01 00:00:00+00,2026-07-01,completed
6675,202,member,2026-07-01 00:00:00+00,2026-07-01,completed
6676,202,member,2026-07-01 00:00:00+00,2026-07-01,completed
6677,202,member,2026-07-01 00:00:00+00,2026-07-01,completed
6678,202,member,2026-07-01 00:00:00+00,2026-07-01,completed
6679,202,member,2026-07-01 00:00:00+00,2026-07-01,completed
6680,202,member,2026-07-01 00:00:00+00,2026-07-01,completed
6681,202,member,2026-07-01 00:00:00+00,2026-07-01,completed
6682,202,member,2026-07-01 00:00:00+00,2026-07-01,completed
6683,204,member,2026-07-01 00:00:00+00,2026-07-01,completed
6684,206,member,2026-07-01 00:00:00+00,2026-07-01,completed
6685,207,member,2026-07-01 00:00:00+00,2026-07-01,completed
6686,208,member,2026-07-01 00:00:00+00,2026-07-01,completed
6687,209,member,2026-07-01 00:00:00+00,2026-07-01,completed
6688,210,member,2026-07-01 00:00:00+00,2026-07-01,completed
6689,210,member,2026-07-01 00:00:00+00,2026-07-01,completed
6690,211,member,2026-07-01 00:00:00+00,2026-07-01,completed
6691,212,member,2026-07-01 00:00:00+00,2026-07-01,completed
6692,212,member,2026-07-01 00:00:00+00,2026-07-01,completed
6693,212,member,2026-07-01 00:00:00+00,2026-07-01,completed
6694,212,member,2026-07-01 00:00:00+00,2026-07-01,completed
6695,213,member,2026-07-01 00:00:00+00,2026-07-01,completed
6696,215,member,2026-07-01 00:00:00+00,2026-07-01,completed
6697,216,member,2026-07-01 00:00:00+00,2026-07-01,completed
6698,217,member,2026-07-01 00:00:00+00,2026-07-01,completed
6699,217,member,2026-07-01 00:00:00+00,2026-07-01,completed
6700,217,member,2026-07-01 00:00:00+00,2026-07-01,completed
6701,217,member,2026-07-01 00:00:00+00,2026-07-01,completed
6702,217,member,2026-07-01 00:00:00+00,2026-07-01,completed
6703,217,member,2026-07-01 00:00:00+00,2026-07-01,completed
6704,217,member,2026-07-01 00:00:00+00,2026-07-01,completed
6705,217,member,2026-07-01 00:00:00+00,2026-07-01,completed
6706,217,member,2026-07-01 00:00:00+00,2026-07-01,completed
6707,217,member,2026-07-01 00:00:00+00,2026-07-01,completed
6708,218,member,2026-07-01 00:00:00+00,2026-07-01,completed
6709,219,member,2026-07-01 00:00:00+00,2026-07-01,completed
6710,219,member,2026-07-01 00:00:00+00,2026-07-01,completed
6711,220,member,2026-07-01 00:00:00+00,2026-07-01,completed
6712,220,member,2026-07-01 00:00:00+00,2026-07-01,completed
6713,221,member,2026-07-01 00:00:00+00,2026-07-01,completed
6714,221,member,2026-07-01 00:00:00+00,2026-07-01,completed
6715,221,member,2026-07-01 00:00:00+00,2026-07-01,completed
6716,222,member,2026-07-01 00:00:00+00,2026-07-01,completed
6717,223,member,2026-07-01 00:00:00+00,2026-07-01,completed
6718,223,member,2026-07-01 00:00:00+00,2026-07-01,completed
6719,223,member,2026-07-01 00:00:00+00,2026-07-01,completed
6720,223,member,2026-07-01 00:00:00+00,2026-07-01,completed
6721,224,member,2026-07-01 00:00:00+00,2026-07-01,completed
6722,224,member,2026-07-01 00:00:00+00,2026-07-01,completed
6723,225,member,2026-07-01 00:00:00+00,2026-07-01,completed
6724,225,member,2026-07-01 00:00:00+00,2026-07-01,completed
6725,226,member,2026-07-01 00:00:00+00,2026-07-01,completed
6726,226,member,2026-07-01 00:00:00+00,2026-07-01,completed
6727,226,member,2026-07-01 00:00:00+00,2026-07-01,completed
6728,227,member,2026-07-01 00:00:00+00,2026-07-01,completed
6729,227,member,2026-07-01 00:00:00+00,2026-07-01,completed
6730,228,member,2026-07-01 00:00:00+00,2026-07-01,completed
6731,228,member,2026-07-01 00:00:00+00,2026-07-01,completed
6732,229,member,2026-07-01 00:00:00+00,2026-07-01,completed
6733,230,member,2026-07-01 00:00:00+00,2026-07-01,completed
6734,231,member,2026-07-01 00:00:00+00,2026-07-01,completed
6735,231,member,2026-07-01 00:00:00+00,2026-07-01,completed
6736,232,member,2026-07-01 00:00:00+00,2026-07-01,completed
6737,232,member,2026-07-01 00:00:00+00,2026-07-01,completed
6738,232,member,2026-07-01 00:00:00+00,2026-07-01,completed
6739,232,member,2026-07-01 00:00:00+00,2026-07-01,completed
6740,233,member,2026-07-01 00:00:00+00,2026-07-01,completed
6741,234,member,2026-07-01 00:00:00+00,2026-07-01,completed
6742,235,member,2026-07-01 00:00:00+00,2026-07-01,completed
6743,236,member,2026-07-01 00:00:00+00,2026-07-01,completed
6744,236,member,2026-07-01 00:00:00+00,2026-07-01,completed
6745,236,member,2026-07-01 00:00:00+00,2026-07-01,completed
6746,238,member,2026-07-01 00:00:00+00,2026-07-01,completed
6747,238,member,2026-07-01 00:00:00+00,2026-07-01,completed
6748,238,member,2026-07-01 00:00:00+00,2026-07-01,completed
6749,240,member,2026-07-01 00:00:00+00,2026-07-01,completed
6750,241,member,2026-07-01 00:00:00+00,2026-07-01,completed
6751,241,member,2026-07-01 00:00:00+00,2026-07-01,completed
6752,242,member,2026-07-01 00:00:00+00,2026-07-01,completed
6753,242,member,2026-07-01 00:00:00+00,2026-07-01,completed
6754,243,member,2026-07-01 00:00:00+00,2026-07-01,completed
6755,244,member,2026-07-01 00:00:00+00,2026-07-01,completed
6756,245,member,2026-07-01 00:00:00+00,2026-07-01,completed
6757,245,member,2026-07-01 00:00:00+00,2026-07-01,completed
6758,246,member,2026-07-01 00:00:00+00,2026-07-01,completed
6759,246,member,2026-07-01 00:00:00+00,2026-07-01,completed
6760,248,member,2026-07-01 00:00:00+00,2026-07-01,completed
6761,249,member,2026-07-01 00:00:00+00,2026-07-01,completed
6762,250,member,2026-07-01 00:00:00+00,2026-07-01,completed
6763,251,member,2026-07-01 00:00:00+00,2026-07-01,completed
6764,251,member,2026-07-01 00:00:00+00,2026-07-01,completed
6765,252,member,2026-07-01 00:00:00+00,2026-07-01,completed
6766,253,member,2026-07-01 00:00:00+00,2026-07-01,completed
6767,253,member,2026-07-01 00:00:00+00,2026-07-01,completed
6768,254,member,2026-07-01 00:00:00+00,2026-07-01,completed
6769,255,member,2026-07-01 00:00:00+00,2026-07-01,completed
6770,256,member,2026-07-01 00:00:00+00,2026-07-01,completed
6771,257,member,2026-07-01 00:00:00+00,2026-07-01,completed
6772,257,member,2026-07-01 00:00:00+00,2026-07-01,completed
6773,258,member,2026-07-01 00:00:00+00,2026-07-01,completed
6774,258,member,2026-07-01 00:00:00+00,2026-07-01,completed
6775,259,member,2026-07-01 00:00:00+00,2026-07-01,completed
6776,259,member,2026-07-01 00:00:00+00,2026-07-01,completed
6777,260,member,2026-07-01 00:00:00+00,2026-07-01,completed
6778,261,member,2026-07-01 00:00:00+00,2026-07-01,completed
6779,262,member,2026-07-01 00:00:00+00,2026-07-01,completed
6780,262,member,2026-07-01 00:00:00+00,2026-07-01,completed
6781,263,member,2026-07-01 00:00:00+00,2026-07-01,completed
6782,266,member,2026-07-01 00:00:00+00,2026-07-01,completed
6783,267,member,2026-07-01 00:00:00+00,2026-07-01,completed
6784,267,member,2026-07-01 00:00:00+00,2026-07-01,completed
6785,268,member,2026-07-01 00:00:00+00,2026-07-01,completed
6786,269,member,2026-07-01 00:00:00+00,2026-07-01,completed
6787,270,member,2026-07-01 00:00:00+00,2026-07-01,completed
6788,271,member,2026-07-01 00:00:00+00,2026-07-01,completed
6789,271,member,2026-07-01 00:00:00+00,2026-07-01,completed
6790,271,member,2026-07-01 00:00:00+00,2026-07-01,completed
6791,271,member,2026-07-01 00:00:00+00,2026-07-01,completed
6792,272,member,2026-07-01 00:00:00+00,2026-07-01,completed
6793,273,member,2026-07-01 00:00:00+00,2026-07-01,completed
6794,273,member,2026-07-01 00:00:00+00,2026-07-01,completed
6795,273,member,2026-07-01 00:00:00+00,2026-07-01,completed
6796,277,member,2026-07-01 00:00:00+00,2026-07-01,completed
6797,278,member,2026-07-01 00:00:00+00,2026-07-01,completed
6798,278,member,2026-07-01 00:00:00+00,2026-07-01,completed
6799,280,member,2026-07-01 00:00:00+00,2026-07-01,completed
6800,281,member,2026-07-01 00:00:00+00,2026-07-01,completed
6801,282,member,2026-07-01 00:00:00+00,2026-07-01,completed
6802,282,member,2026-07-01 00:00:00+00,2026-07-01,completed
6803,282,member,2026-07-01 00:00:00+00,2026-07-01,completed
6804,283,member,2026-07-01 00:00:00+00,2026-07-01,completed
6805,283,member,2026-07-01 00:00:00+00,2026-07-01,completed
6806,284,member,2026-07-01 00:00:00+00,2026-07-01,completed
6807,284,member,2026-07-01 00:00:00+00,2026-07-01,completed
6808,285,member,2026-07-01 00:00:00+00,2026-07-01,completed
6809,286,member,2026-07-01 00:00:00+00,2026-07-01,completed
6810,286,member,2026-07-01 00:00:00+00,2026-07-01,completed
6811,287,member,2026-07-01 00:00:00+00,2026-07-01,completed
6812,288,member,2026-07-01 00:00:00+00,2026-07-01,completed
6813,289,member,2026-07-01 00:00:00+00,2026-07-01,completed
6814,291,member,2026-07-01 00:00:00+00,2026-07-01,completed
6815,292,member,2026-07-01 00:00:00+00,2026-07-01,completed
6816,292,member,2026-07-01 00:00:00+00,2026-07-01,completed
6817,294,member,2026-07-01 00:00:00+00,2026-07-01,completed
6818,295,member,2026-07-01 00:00:00+00,2026-07-01,completed
6819,295,member,2026-07-01 00:00:00+00,2026-07-01,completed
6820,296,member,2026-07-01 00:00:00+00,2026-07-01,completed
6821,297,member,2026-07-01 00:00:00+00,2026-07-01,completed
6822,298,member,2026-07-01 00:00:00+00,2026-07-01,completed
6823,298,member,2026-07-01 00:00:00+00,2026-07-01,completed
6824,298,member,2026-07-01 00:00:00+00,2026-07-01,completed
6825,299,member,2026-07-01 00:00:00+00,2026-07-01,completed
6826,300,member,2026-07-01 00:00:00+00,2026-07-01,completed
6827,300,member,2026-07-01 00:00:00+00,2026-07-01,completed
6828,301,member,2026-07-01 00:00:00+00,2026-07-01,completed
6829,302,member,2026-07-01 00:00:00+00,2026-07-01,completed
6830,303,member,2026-07-01 00:00:00+00,2026-07-01,completed
6831,304,member,2026-07-01 00:00:00+00,2026-07-01,completed
6832,304,member,2026-07-01 00:00:00+00,2026-07-01,completed
6833,304,member,2026-07-01 00:00:00+00,2026-07-01,completed
6834,305,member,2026-07-01 00:00:00+00,2026-07-01,completed
6835,306,member,2026-07-01 00:00:00+00,2026-07-01,completed
6836,307,member,2026-07-01 00:00:00+00,2026-07-01,completed
6837,307,member,2026-07-01 00:00:00+00,2026-07-01,completed
6838,307,member,2026-07-01 00:00:00+00,2026-07-01,completed
6839,307,member,2026-07-01 00:00:00+00,2026-07-01,completed
6840,307,member,2026-07-01 00:00:00+00,2026-07-01,completed
6841,308,member,2026-07-01 00:00:00+00,2026-07-01,completed
6842,308,member,2026-07-01 00:00:00+00,2026-07-01,completed
6843,309,member,2026-07-01 00:00:00+00,2026-07-01,completed
6844,310,member,2026-07-01 00:00:00+00,2026-07-01,completed
6845,310,member,2026-07-01 00:00:00+00,2026-07-01,completed
6846,310,member,2026-07-01 00:00:00+00,2026-07-01,completed
6847,311,member,2026-07-01 00:00:00+00,2026-07-01,completed
6848,313,member,2026-07-01 00:00:00+00,2026-07-01,completed
6849,314,member,2026-07-01 00:00:00+00,2026-07-01,completed
6850,314,member,2026-07-01 00:00:00+00,2026-07-01,completed
6851,316,member,2026-07-01 00:00:00+00,2026-07-01,completed
6852,317,member,2026-07-01 00:00:00+00,2026-07-01,completed
6853,317,member,2026-07-01 00:00:00+00,2026-07-01,completed
6854,318,member,2026-07-01 00:00:00+00,2026-07-01,completed
6855,319,member,2026-07-01 00:00:00+00,2026-07-01,completed
6856,319,member,2026-07-01 00:00:00+00,2026-07-01,completed
6857,319,member,2026-07-01 00:00:00+00,2026-07-01,completed
6858,319,member,2026-07-01 00:00:00+00,2026-07-01,completed
6859,319,member,2026-07-01 00:00:00+00,2026-07-01,completed
6860,319,member,2026-07-01 00:00:00+00,2026-07-01,completed
6861,319,member,2026-07-01 00:00:00+00,2026-07-01,completed
6862,319,member,2026-07-01 00:00:00+00,2026-07-01,completed
6863,319,member,2026-07-01 00:00:00+00,2026-07-01,completed
6864,321,member,2026-07-01 00:00:00+00,2026-07-01,completed
6865,322,member,2026-07-01 00:00:00+00,2026-07-01,completed
6866,322,member,2026-07-01 00:00:00+00,2026-07-01,completed
6867,322,member,2026-07-01 00:00:00+00,2026-07-01,completed
6868,322,member,2026-07-01 00:00:00+00,2026-07-01,completed
6869,323,member,2026-07-01 00:00:00+00,2026-07-01,completed
6870,323,member,2026-07-01 00:00:00+00,2026-07-01,completed
6871,324,member,2026-07-01 00:00:00+00,2026-07-01,completed
6872,325,member,2026-07-01 00:00:00+00,2026-07-01,completed
6873,326,member,2026-07-01 00:00:00+00,2026-07-01,completed
6874,326,member,2026-07-01 00:00:00+00,2026-07-01,completed
6875,327,member,2026-07-01 00:00:00+00,2026-07-01,completed
6876,328,member,2026-07-01 00:00:00+00,2026-07-01,completed
6877,330,member,2026-07-01 00:00:00+00,2026-07-01,completed
6878,332,member,2026-07-01 00:00:00+00,2026-07-01,completed
6879,333,member,2026-07-01 00:00:00+00,2026-07-01,completed
6880,333,member,2026-07-01 00:00:00+00,2026-07-01,completed
6881,334,member,2026-07-01 00:00:00+00,2026-07-01,completed
6882,334,member,2026-07-01 00:00:00+00,2026-07-01,completed
6883,335,member,2026-07-01 00:00:00+00,2026-07-01,completed
6884,335,member,2026-07-01 00:00:00+00,2026-07-01,completed
6885,335,member,2026-07-01 00:00:00+00,2026-07-01,completed
6886,335,member,2026-07-01 00:00:00+00,2026-07-01,completed
6887,335,member,2026-07-01 00:00:00+00,2026-07-01,completed
6888,336,member,2026-07-01 00:00:00+00,2026-07-01,completed
6889,336,member,2026-07-01 00:00:00+00,2026-07-01,completed
6890,337,member,2026-07-01 00:00:00+00,2026-07-01,completed
6891,338,member,2026-07-01 00:00:00+00,2026-07-01,completed
6892,338,member,2026-07-01 00:00:00+00,2026-07-01,completed
6893,338,member,2026-07-01 00:00:00+00,2026-07-01,completed
6894,338,member,2026-07-01 00:00:00+00,2026-07-01,completed
6895,339,member,2026-07-01 00:00:00+00,2026-07-01,completed
6896,339,member,2026-07-01 00:00:00+00,2026-07-01,completed
6897,341,member,2026-07-01 00:00:00+00,2026-07-01,completed
6898,342,member,2026-07-01 00:00:00+00,2026-07-01,completed
6899,343,member,2026-07-01 00:00:00+00,2026-07-01,completed
6900,344,member,2026-07-01 00:00:00+00,2026-07-01,completed
6901,346,member,2026-07-01 00:00:00+00,2026-07-01,completed
6902,347,member,2026-07-01 00:00:00+00,2026-07-01,completed
6903,347,member,2026-07-01 00:00:00+00,2026-07-01,completed
6904,347,member,2026-07-01 00:00:00+00,2026-07-01,completed
6905,347,member,2026-07-01 00:00:00+00,2026-07-01,completed
6906,347,member,2026-07-01 00:00:00+00,2026-07-01,completed
6907,349,member,2026-07-01 00:00:00+00,2026-07-01,completed
6908,350,member,2026-07-01 00:00:00+00,2026-07-01,completed
6909,351,member,2026-07-01 00:00:00+00,2026-07-01,completed
6910,351,member,2026-07-01 00:00:00+00,2026-07-01,completed
6911,351,member,2026-07-01 00:00:00+00,2026-07-01,completed
6912,352,member,2026-07-01 00:00:00+00,2026-07-01,completed
6913,352,member,2026-07-01 00:00:00+00,2026-07-01,completed
6914,352,member,2026-07-01 00:00:00+00,2026-07-01,completed
6915,352,member,2026-07-01 00:00:00+00,2026-07-01,completed
6916,352,member,2026-07-01 00:00:00+00,2026-07-01,completed
6917,352,member,2026-07-01 00:00:00+00,2026-07-01,completed
6918,352,member,2026-07-01 00:00:00+00,2026-07-01,completed
6919,352,member,2026-07-01 00:00:00+00,2026-07-01,completed
6920,352,member,2026-07-01 00:00:00+00,2026-07-01,completed
6921,352,member,2026-07-01 00:00:00+00,2026-07-01,completed
6922,352,member,2026-07-01 00:00:00+00,2026-07-01,completed
6923,352,member,2026-07-01 00:00:00+00,2026-07-01,completed
6924,353,member,2026-07-01 00:00:00+00,2026-07-01,completed
6925,353,member,2026-07-01 00:00:00+00,2026-07-01,completed
6926,355,member,2026-07-01 00:00:00+00,2026-07-01,completed
6927,356,member,2026-07-01 00:00:00+00,2026-07-01,completed
6928,357,member,2026-07-01 00:00:00+00,2026-07-01,completed
6929,358,member,2026-07-01 00:00:00+00,2026-07-01,completed
6930,359,member,2026-07-01 00:00:00+00,2026-07-01,completed
6931,359,member,2026-07-01 00:00:00+00,2026-07-01,completed
6932,359,member,2026-07-01 00:00:00+00,2026-07-01,completed
6933,359,member,2026-07-01 00:00:00+00,2026-07-01,completed
6934,359,member,2026-07-01 00:00:00+00,2026-07-01,completed
6935,359,member,2026-07-01 00:00:00+00,2026-07-01,completed
6936,359,member,2026-07-01 00:00:00+00,2026-07-01,completed
6937,359,member,2026-07-01 00:00:00+00,2026-07-01,completed
6938,359,member,2026-07-01 00:00:00+00,2026-07-01,completed
6939,360,member,2026-07-01 00:00:00+00,2026-07-01,completed
6940,360,member,2026-07-01 00:00:00+00,2026-07-01,completed
6941,361,member,2026-07-01 00:00:00+00,2026-07-01,completed
6942,361,member,2026-07-01 00:00:00+00,2026-07-01,completed
6943,362,member,2026-07-01 00:00:00+00,2026-07-01,completed
6944,363,member,2026-07-01 00:00:00+00,2026-07-01,completed
6945,363,member,2026-07-01 00:00:00+00,2026-07-01,completed
6946,363,member,2026-07-01 00:00:00+00,2026-07-01,completed
6947,363,member,2026-07-01 00:00:00+00,2026-07-01,completed
6948,363,member,2026-07-01 00:00:00+00,2026-07-01,completed
6949,364,member,2026-07-01 00:00:00+00,2026-07-01,completed
6950,364,member,2026-07-01 00:00:00+00,2026-07-01,completed
6951,364,member,2026-07-01 00:00:00+00,2026-07-01,completed
6952,365,member,2026-07-01 00:00:00+00,2026-07-01,completed
6953,365,member,2026-07-01 00:00:00+00,2026-07-01,completed
6954,366,member,2026-07-01 00:00:00+00,2026-07-01,completed
6955,367,member,2026-07-01 00:00:00+00,2026-07-01,completed
6956,368,member,2026-07-01 00:00:00+00,2026-07-01,completed
6957,368,member,2026-07-01 00:00:00+00,2026-07-01,completed
6958,368,member,2026-07-01 00:00:00+00,2026-07-01,completed
6959,368,member,2026-07-01 00:00:00+00,2026-07-01,completed
6960,369,member,2026-07-01 00:00:00+00,2026-07-01,completed
6961,369,member,2026-07-01 00:00:00+00,2026-07-01,completed
6962,370,member,2026-07-01 00:00:00+00,2026-07-01,completed
6963,371,member,2026-07-01 00:00:00+00,2026-07-01,completed
6964,372,member,2026-07-01 00:00:00+00,2026-07-01,completed
6965,372,member,2026-07-01 00:00:00+00,2026-07-01,completed
6966,373,member,2026-07-01 00:00:00+00,2026-07-01,completed
6967,374,member,2026-07-01 00:00:00+00,2026-07-01,completed
6968,375,member,2026-07-01 00:00:00+00,2026-07-01,completed
6969,375,member,2026-07-01 00:00:00+00,2026-07-01,completed
6970,377,member,2026-07-01 00:00:00+00,2026-07-01,completed
6971,378,member,2026-07-01 00:00:00+00,2026-07-01,completed
6972,379,member,2026-07-01 00:00:00+00,2026-07-01,completed
6973,379,member,2026-07-01 00:00:00+00,2026-07-01,completed
6974,380,member,2026-07-01 00:00:00+00,2026-07-01,completed
6975,380,member,2026-07-01 00:00:00+00,2026-07-01,completed
6976,382,member,2026-07-01 00:00:00+00,2026-07-01,completed
6977,383,member,2026-07-01 00:00:00+00,2026-07-01,completed
6978,384,member,2026-07-01 00:00:00+00,2026-07-01,completed
6979,384,member,2026-07-01 00:00:00+00,2026-07-01,completed
6980,384,member,2026-07-01 00:00:00+00,2026-07-01,completed
6981,385,member,2026-07-01 00:00:00+00,2026-07-01,completed
6982,385,member,2026-07-01 00:00:00+00,2026-07-01,completed
6983,385,member,2026-07-01 00:00:00+00,2026-07-01,completed
6984,385,member,2026-07-01 00:00:00+00,2026-07-01,completed
6985,386,member,2026-07-01 00:00:00+00,2026-07-01,completed
6986,387,member,2026-07-01 00:00:00+00,2026-07-01,completed
6987,388,member,2026-07-01 00:00:00+00,2026-07-01,completed
6988,388,member,2026-07-01 00:00:00+00,2026-07-01,completed
6989,388,member,2026-07-01 00:00:00+00,2026-07-01,completed
6990,389,member,2026-07-01 00:00:00+00,2026-07-01,completed
6991,390,member,2026-07-01 00:00:00+00,2026-07-01,completed
6992,390,member,2026-07-01 00:00:00+00,2026-07-01,completed
6993,390,member,2026-07-01 00:00:00+00,2026-07-01,completed
6994,391,member,2026-07-01 00:00:00+00,2026-07-01,completed
6995,392,member,2026-07-01 00:00:00+00,2026-07-01,completed
6996,392,member,2026-07-01 00:00:00+00,2026-07-01,completed
6997,393,member,2026-07-01 00:00:00+00,2026-07-01,completed
6998,393,member,2026-07-01 00:00:00+00,2026-07-01,completed
6999,394,member,2026-07-01 00:00:00+00,2026-07-01,completed
7000,395,member,2026-07-01 00:00:00+00,2026-07-01,completed
7001,396,member,2026-07-01 00:00:00+00,2026-07-01,completed
7002,398,member,2026-07-01 00:00:00+00,2026-07-01,completed
7003,398,member,2026-07-01 00:00:00+00,2026-07-01,completed
7004,398,member,2026-07-01 00:00:00+00,2026-07-01,completed
7005,398,member,2026-07-01 00:00:00+00,2026-07-01,completed
7006,398,member,2026-07-01 00:00:00+00,2026-07-01,completed
7007,398,member,2026-07-01 00:00:00+00,2026-07-01,completed
7008,398,member,2026-07-01 00:00:00+00,2026-07-01,completed
7009,398,member,2026-07-01 00:00:00+00,2026-07-01,completed
7010,398,member,2026-07-01 00:00:00+00,2026-07-01,completed
7011,398,member,2026-07-01 00:00:00+00,2026-07-01,completed
7012,398,member,2026-07-01 00:00:00+00,2026-07-01,completed
7013,399,member,2026-07-01 00:00:00+00,2026-07-01,completed
7014,399,member,2026-07-01 00:00:00+00,2026-07-01,completed
7015,400,member,2026-07-01 00:00:00+00,2026-07-01,completed
7016,401,member,2026-07-01 00:00:00+00,2026-07-01,completed
7017,402,member,2026-07-01 00:00:00+00,2026-07-01,completed
7018,403,member,2026-07-01 00:00:00+00,2026-07-01,completed
7019,404,member,2026-07-01 00:00:00+00,2026-07-01,completed
7020,405,member,2026-07-01 00:00:00+00,2026-07-01,completed
7021,405,member,2026-07-01 00:00:00+00,2026-07-01,completed
7022,405,member,2026-07-01 00:00:00+00,2026-07-01,completed
7023,405,member,2026-07-01 00:00:00+00,2026-07-01,completed
7024,406,member,2026-07-01 00:00:00+00,2026-07-01,completed
7025,407,member,2026-07-01 00:00:00+00,2026-07-01,completed
7026,409,member,2026-07-01 00:00:00+00,2026-07-01,completed
7027,409,member,2026-07-01 00:00:00+00,2026-07-01,completed
7028,410,member,2026-07-01 00:00:00+00,2026-07-01,completed
7029,411,member,2026-07-01 00:00:00+00,2026-07-01,completed
7030,412,member,2026-07-01 00:00:00+00,2026-07-01,completed
7031,412,member,2026-07-01 00:00:00+00,2026-07-01,completed
7032,413,member,2026-07-01 00:00:00+00,2026-07-01,completed
7033,414,member,2026-07-01 00:00:00+00,2026-07-01,completed
7034,415,member,2026-07-01 00:00:00+00,2026-07-01,completed
7035,415,member,2026-07-01 00:00:00+00,2026-07-01,completed
7036,416,member,2026-07-01 00:00:00+00,2026-07-01,completed
7037,416,member,2026-07-01 00:00:00+00,2026-07-01,completed
7038,417,member,2026-07-01 00:00:00+00,2026-07-01,completed
7039,418,member,2026-07-01 00:00:00+00,2026-07-01,completed
7040,419,member,2026-07-01 00:00:00+00,2026-07-01,completed
7041,419,member,2026-07-01 00:00:00+00,2026-07-01,completed
7042,420,member,2026-07-01 00:00:00+00,2026-07-01,completed
7043,420,member,2026-07-01 00:00:00+00,2026-07-01,completed
7044,420,member,2026-07-01 00:00:00+00,2026-07-01,completed
7045,420,member,2026-07-01 00:00:00+00,2026-07-01,completed
7046,421,member,2026-07-01 00:00:00+00,2026-07-01,completed
7047,422,member,2026-07-01 00:00:00+00,2026-07-01,completed
7048,423,member,2026-07-01 00:00:00+00,2026-07-01,completed
7049,424,member,2026-07-01 00:00:00+00,2026-07-01,completed
7050,425,member,2026-07-01 00:00:00+00,2026-07-01,completed
7051,425,member,2026-07-01 00:00:00+00,2026-07-01,completed
7052,426,member,2026-07-01 00:00:00+00,2026-07-01,completed
7053,427,member,2026-07-01 00:00:00+00,2026-07-01,completed
7054,427,member,2026-07-01 00:00:00+00,2026-07-01,completed
7055,428,member,2026-07-01 00:00:00+00,2026-07-01,completed
7056,429,member,2026-07-01 00:00:00+00,2026-07-01,completed
7057,429,member,2026-07-01 00:00:00+00,2026-07-01,completed
7058,429,member,2026-07-01 00:00:00+00,2026-07-01,completed
7059,430,member,2026-07-01 00:00:00+00,2026-07-01,completed
7060,432,member,2026-07-01 00:00:00+00,2026-07-01,completed
7061,432,member,2026-07-01 00:00:00+00,2026-07-01,completed
7062,432,member,2026-07-01 00:00:00+00,2026-07-01,completed
7063,433,member,2026-07-01 00:00:00+00,2026-07-01,completed
7064,433,member,2026-07-01 00:00:00+00,2026-07-01,completed
7065,434,member,2026-07-01 00:00:00+00,2026-07-01,completed
7066,435,member,2026-07-01 00:00:00+00,2026-07-01,completed
7067,435,member,2026-07-01 00:00:00+00,2026-07-01,completed
7068,435,member,2026-07-01 00:00:00+00,2026-07-01,completed
7069,435,member,2026-07-01 00:00:00+00,2026-07-01,completed
7070,435,member,2026-07-01 00:00:00+00,2026-07-01,completed
7071,435,member,2026-07-01 00:00:00+00,2026-07-01,completed
7072,435,member,2026-07-01 00:00:00+00,2026-07-01,completed
7073,435,member,2026-07-01 00:00:00+00,2026-07-01,completed
7074,435,member,2026-07-01 00:00:00+00,2026-07-01,completed
7075,435,member,2026-07-01 00:00:00+00,2026-07-01,completed
7076,435,member,2026-07-01 00:00:00+00,2026-07-01,completed
7077,435,member,2026-07-01 00:00:00+00,2026-07-01,completed
7078,436,member,2026-07-01 00:00:00+00,2026-07-01,completed
7079,437,member,2026-07-01 00:00:00+00,2026-07-01,completed
7080,437,member,2026-07-01 00:00:00+00,2026-07-01,completed
7081,440,member,2026-07-01 00:00:00+00,2026-07-01,completed
7082,440,member,2026-07-01 00:00:00+00,2026-07-01,completed
7083,441,member,2026-07-01 00:00:00+00,2026-07-01,completed
7084,441,member,2026-07-01 00:00:00+00,2026-07-01,completed
7085,442,member,2026-07-01 00:00:00+00,2026-07-01,completed
7086,442,member,2026-07-01 00:00:00+00,2026-07-01,completed
7087,442,member,2026-07-01 00:00:00+00,2026-07-01,completed
7088,445,member,2026-07-01 00:00:00+00,2026-07-01,completed
7089,446,member,2026-07-01 00:00:00+00,2026-07-01,completed
7090,446,member,2026-07-01 00:00:00+00,2026-07-01,completed
7091,446,member,2026-07-01 00:00:00+00,2026-07-01,completed
7092,446,member,2026-07-01 00:00:00+00,2026-07-01,completed
7093,447,member,2026-07-01 00:00:00+00,2026-07-01,completed
7094,447,member,2026-07-01 00:00:00+00,2026-07-01,completed
7095,447,member,2026-07-01 00:00:00+00,2026-07-01,completed
7096,448,member,2026-07-01 00:00:00+00,2026-07-01,completed
7097,448,member,2026-07-01 00:00:00+00,2026-07-01,completed
7098,449,member,2026-07-01 00:00:00+00,2026-07-01,completed
7099,451,member,2026-07-01 00:00:00+00,2026-07-01,completed
7100,452,member,2026-07-01 00:00:00+00,2026-07-01,completed
7101,452,member,2026-07-01 00:00:00+00,2026-07-01,completed
7102,453,member,2026-07-01 00:00:00+00,2026-07-01,completed
7103,454,member,2026-07-01 00:00:00+00,2026-07-01,completed
7104,454,member,2026-07-01 00:00:00+00,2026-07-01,completed
7105,456,member,2026-07-01 00:00:00+00,2026-07-01,completed
7106,456,member,2026-07-01 00:00:00+00,2026-07-01,completed
7107,457,member,2026-07-01 00:00:00+00,2026-07-01,completed
7108,458,member,2026-07-01 00:00:00+00,2026-07-01,completed
7109,459,member,2026-07-01 00:00:00+00,2026-07-01,completed
7110,460,member,2026-07-01 00:00:00+00,2026-07-01,completed
7111,461,member,2026-07-01 00:00:00+00,2026-07-01,completed
7112,462,member,2026-07-01 00:00:00+00,2026-07-01,completed
7113,462,member,2026-07-01 00:00:00+00,2026-07-01,completed
7114,462,member,2026-07-01 00:00:00+00,2026-07-01,completed
7115,463,member,2026-07-01 00:00:00+00,2026-07-01,completed
7116,464,member,2026-07-01 00:00:00+00,2026-07-01,completed
7117,464,member,2026-07-01 00:00:00+00,2026-07-01,completed
7118,464,member,2026-07-01 00:00:00+00,2026-07-01,completed
7119,464,member,2026-07-01 00:00:00+00,2026-07-01,completed
7120,465,member,2026-07-01 00:00:00+00,2026-07-01,completed
7121,465,member,2026-07-01 00:00:00+00,2026-07-01,completed
7122,466,member,2026-07-01 00:00:00+00,2026-07-01,completed
7123,467,member,2026-07-01 00:00:00+00,2026-07-01,completed
7124,468,member,2026-07-01 00:00:00+00,2026-07-01,completed
7125,469,member,2026-07-01 00:00:00+00,2026-07-01,completed
7126,469,member,2026-07-01 00:00:00+00,2026-07-01,completed
7127,470,member,2026-07-01 00:00:00+00,2026-07-01,completed
7128,470,member,2026-07-01 00:00:00+00,2026-07-01,completed
7129,470,member,2026-07-01 00:00:00+00,2026-07-01,completed
7130,471,member,2026-07-01 00:00:00+00,2026-07-01,completed
7131,471,member,2026-07-01 00:00:00+00,2026-07-01,completed
7132,472,member,2026-07-01 00:00:00+00,2026-07-01,completed
7133,473,member,2026-07-01 00:00:00+00,2026-07-01,completed
7134,474,member,2026-07-01 00:00:00+00,2026-07-01,completed
7135,475,member,2026-07-01 00:00:00+00,2026-07-01,completed
7136,476,member,2026-07-01 00:00:00+00,2026-07-01,completed
7137,476,member,2026-07-01 00:00:00+00,2026-07-01,completed
7138,477,member,2026-07-01 00:00:00+00,2026-07-01,completed
7139,478,member,2026-07-01 00:00:00+00,2026-07-01,completed
7140,479,member,2026-07-01 00:00:00+00,2026-07-01,completed
7141,480,member,2026-07-01 00:00:00+00,2026-07-01,completed
7142,481,member,2026-07-01 00:00:00+00,2026-07-01,completed
7143,482,member,2026-07-01 00:00:00+00,2026-07-01,completed
7144,482,member,2026-07-01 00:00:00+00,2026-07-01,completed
7145,483,member,2026-07-01 00:00:00+00,2026-07-01,completed
7146,483,member,2026-07-01 00:00:00+00,2026-07-01,completed
7147,484,member,2026-07-01 00:00:00+00,2026-07-01,completed
7148,484,member,2026-07-01 00:00:00+00,2026-07-01,completed
7149,485,member,2026-07-01 00:00:00+00,2026-07-01,completed
7150,485,member,2026-07-01 00:00:00+00,2026-07-01,completed
7151,485,member,2026-07-01 00:00:00+00,2026-07-01,completed
7152,486,member,2026-07-01 00:00:00+00,2026-07-01,completed
7153,486,member,2026-07-01 00:00:00+00,2026-07-01,completed
7154,487,member,2026-07-01 00:00:00+00,2026-07-01,completed
7155,487,member,2026-07-01 00:00:00+00,2026-07-01,completed
7156,487,member,2026-07-01 00:00:00+00,2026-07-01,completed
7157,487,member,2026-07-01 00:00:00+00,2026-07-01,completed
7158,488,member,2026-07-01 00:00:00+00,2026-07-01,completed
7159,489,member,2026-07-01 00:00:00+00,2026-07-01,completed
7160,490,member,2026-07-01 00:00:00+00,2026-07-01,completed
7161,491,member,2026-07-01 00:00:00+00,2026-07-01,completed
7162,492,member,2026-07-01 00:00:00+00,2026-07-01,completed
7163,492,member,2026-07-01 00:00:00+00,2026-07-01,completed
7164,493,member,2026-07-01 00:00:00+00,2026-07-01,completed
7165,493,member,2026-07-01 00:00:00+00,2026-07-01,completed
7166,493,member,2026-07-01 00:00:00+00,2026-07-01,completed
7167,494,member,2026-07-01 00:00:00+00,2026-07-01,completed
7168,494,member,2026-07-01 00:00:00+00,2026-07-01,completed
7169,496,member,2026-07-01 00:00:00+00,2026-07-01,completed
7170,496,member,2026-07-01 00:00:00+00,2026-07-01,completed
7171,497,member,2026-07-01 00:00:00+00,2026-07-01,completed
7172,498,member,2026-07-01 00:00:00+00,2026-07-01,completed
7173,499,member,2026-07-01 00:00:00+00,2026-07-01,completed
7174,499,member,2026-07-01 00:00:00+00,2026-07-01,completed
7175,500,member,2026-07-01 00:00:00+00,2026-07-01,completed
7176,501,member,2026-07-01 00:00:00+00,2026-07-01,completed
7177,501,member,2026-07-01 00:00:00+00,2026-07-01,completed
7178,502,member,2026-07-01 00:00:00+00,2026-07-01,completed
7179,502,member,2026-07-01 00:00:00+00,2026-07-01,completed
7180,502,member,2026-07-01 00:00:00+00,2026-07-01,completed
7181,502,member,2026-07-01 00:00:00+00,2026-07-01,completed
7182,503,member,2026-07-01 00:00:00+00,2026-07-01,completed
7183,504,member,2026-07-01 00:00:00+00,2026-07-01,completed
7184,504,member,2026-07-01 00:00:00+00,2026-07-01,completed
7185,505,member,2026-07-01 00:00:00+00,2026-07-01,completed
7186,505,member,2026-07-01 00:00:00+00,2026-07-01,completed
7187,506,member,2026-07-01 00:00:00+00,2026-07-01,completed
7188,506,member,2026-07-01 00:00:00+00,2026-07-01,completed
7189,507,member,2026-07-01 00:00:00+00,2026-07-01,completed
7190,508,member,2026-07-01 00:00:00+00,2026-07-01,completed
7191,508,member,2026-07-01 00:00:00+00,2026-07-01,completed
7192,508,member,2026-07-01 00:00:00+00,2026-07-01,completed
7193,508,member,2026-07-01 00:00:00+00,2026-07-01,completed
7194,509,member,2026-07-01 00:00:00+00,2026-07-01,completed
7195,510,member,2026-07-01 00:00:00+00,2026-07-01,completed
7196,511,member,2026-07-01 00:00:00+00,2026-07-01,completed
7197,512,member,2026-07-01 00:00:00+00,2026-07-01,completed
7198,512,member,2026-07-01 00:00:00+00,2026-07-01,completed
7199,512,member,2026-07-01 00:00:00+00,2026-07-01,completed
7200,515,member,2026-07-01 00:00:00+00,2026-07-01,completed
7201,515,member,2026-07-01 00:00:00+00,2026-07-01,completed
7202,515,member,2026-07-01 00:00:00+00,2026-07-01,completed
7203,515,member,2026-07-01 00:00:00+00,2026-07-01,completed
7204,515,member,2026-07-01 00:00:00+00,2026-07-01,completed
7205,516,member,2026-07-01 00:00:00+00,2026-07-01,completed
7206,518,member,2026-07-01 00:00:00+00,2026-07-01,completed
7207,518,member,2026-07-01 00:00:00+00,2026-07-01,completed
7208,518,member,2026-07-01 00:00:00+00,2026-07-01,completed
7209,519,member,2026-07-01 00:00:00+00,2026-07-01,completed
7210,520,member,2026-07-01 00:00:00+00,2026-07-01,completed
7211,521,member,2026-07-01 00:00:00+00,2026-07-01,completed
7212,522,member,2026-07-01 00:00:00+00,2026-07-01,completed
7213,523,member,2026-07-01 00:00:00+00,2026-07-01,completed
7214,524,member,2026-07-01 00:00:00+00,2026-07-01,completed
7215,525,member,2026-07-01 00:00:00+00,2026-07-01,completed
7216,525,member,2026-07-01 00:00:00+00,2026-07-01,completed
7217,525,member,2026-07-01 00:00:00+00,2026-07-01,completed
7218,526,member,2026-07-01 00:00:00+00,2026-07-01,completed
7219,526,member,2026-07-01 00:00:00+00,2026-07-01,completed
7220,526,member,2026-07-01 00:00:00+00,2026-07-01,completed
7221,527,member,2026-07-01 00:00:00+00,2026-07-01,completed
7222,528,member,2026-07-01 00:00:00+00,2026-07-01,completed
7223,528,member,2026-07-01 00:00:00+00,2026-07-01,completed
7224,530,member,2026-07-01 00:00:00+00,2026-07-01,completed
7225,531,member,2026-07-01 00:00:00+00,2026-07-01,completed
7226,531,member,2026-07-01 00:00:00+00,2026-07-01,completed
7227,532,member,2026-07-01 00:00:00+00,2026-07-01,completed
7228,533,member,2026-07-01 00:00:00+00,2026-07-01,completed
7229,533,member,2026-07-01 00:00:00+00,2026-07-01,completed
7230,533,member,2026-07-01 00:00:00+00,2026-07-01,completed
7231,533,member,2026-07-01 00:00:00+00,2026-07-01,completed
7232,534,member,2026-07-01 00:00:00+00,2026-07-01,completed
7233,535,member,2026-07-01 00:00:00+00,2026-07-01,completed
7234,536,member,2026-07-01 00:00:00+00,2026-07-01,completed
7235,536,member,2026-07-01 00:00:00+00,2026-07-01,completed
7236,537,member,2026-07-01 00:00:00+00,2026-07-01,completed
7237,538,member,2026-07-01 00:00:00+00,2026-07-01,completed
7238,538,member,2026-07-01 00:00:00+00,2026-07-01,completed
7239,538,member,2026-07-01 00:00:00+00,2026-07-01,completed
7240,539,member,2026-07-01 00:00:00+00,2026-07-01,completed
7241,541,member,2026-07-01 00:00:00+00,2026-07-01,completed
7242,541,member,2026-07-01 00:00:00+00,2026-07-01,completed
7243,542,member,2026-07-01 00:00:00+00,2026-07-01,completed
7244,542,member,2026-07-01 00:00:00+00,2026-07-01,completed
7245,543,member,2026-07-01 00:00:00+00,2026-07-01,completed
7246,544,member,2026-07-01 00:00:00+00,2026-07-01,completed
7247,545,member,2026-07-01 00:00:00+00,2026-07-01,completed
7248,546,member,2026-07-01 00:00:00+00,2026-07-01,completed
7249,546,member,2026-07-01 00:00:00+00,2026-07-01,completed
7250,547,member,2026-07-01 00:00:00+00,2026-07-01,completed
7251,548,member,2026-07-01 00:00:00+00,2026-07-01,completed
7252,549,member,2026-07-01 00:00:00+00,2026-07-01,completed
7253,550,member,2026-07-01 00:00:00+00,2026-07-01,completed
7254,550,member,2026-07-01 00:00:00+00,2026-07-01,completed
7255,551,member,2026-07-01 00:00:00+00,2026-07-01,completed
7256,551,member,2026-07-01 00:00:00+00,2026-07-01,completed
7257,551,member,2026-07-01 00:00:00+00,2026-07-01,completed
7258,551,member,2026-07-01 00:00:00+00,2026-07-01,completed
7259,552,member,2026-07-01 00:00:00+00,2026-07-01,completed
7260,552,member,2026-07-01 00:00:00+00,2026-07-01,completed
7261,552,member,2026-07-01 00:00:00+00,2026-07-01,completed
7262,552,member,2026-07-01 00:00:00+00,2026-07-01,completed
7263,552,member,2026-07-01 00:00:00+00,2026-07-01,completed
7264,553,member,2026-07-01 00:00:00+00,2026-07-01,completed
7265,554,member,2026-07-01 00:00:00+00,2026-07-01,completed
7266,555,member,2026-07-01 00:00:00+00,2026-07-01,completed
7267,556,member,2026-07-01 00:00:00+00,2026-07-01,completed
7268,557,member,2026-07-01 00:00:00+00,2026-07-01,completed
7269,557,member,2026-07-01 00:00:00+00,2026-07-01,completed
7270,557,member,2026-07-01 00:00:00+00,2026-07-01,completed
7271,560,member,2026-07-01 00:00:00+00,2026-07-01,completed
7272,561,member,2026-07-01 00:00:00+00,2026-07-01,completed
7273,562,member,2026-07-01 00:00:00+00,2026-07-01,completed
7274,562,member,2026-07-01 00:00:00+00,2026-07-01,completed
7275,562,member,2026-07-01 00:00:00+00,2026-07-01,completed
7276,563,member,2026-07-01 00:00:00+00,2026-07-01,completed
7277,564,member,2026-07-01 00:00:00+00,2026-07-01,completed
7278,565,member,2026-07-01 00:00:00+00,2026-07-01,completed
7279,565,member,2026-07-01 00:00:00+00,2026-07-01,completed
7280,566,member,2026-07-01 00:00:00+00,2026-07-01,completed
7281,567,member,2026-07-01 00:00:00+00,2026-07-01,completed
7282,567,member,2026-07-01 00:00:00+00,2026-07-01,completed
7283,568,member,2026-07-01 00:00:00+00,2026-07-01,completed
7284,569,member,2026-07-01 00:00:00+00,2026-07-01,completed
7285,570,member,2026-07-01 00:00:00+00,2026-07-01,completed
7286,571,member,2026-07-01 00:00:00+00,2026-07-01,completed
7287,572,member,2026-07-01 00:00:00+00,2026-07-01,completed
7288,572,member,2026-07-01 00:00:00+00,2026-07-01,completed
7289,573,member,2026-07-01 00:00:00+00,2026-07-01,completed
7290,573,member,2026-07-01 00:00:00+00,2026-07-01,completed
7291,574,member,2026-07-01 00:00:00+00,2026-07-01,completed
7292,575,member,2026-07-01 00:00:00+00,2026-07-01,completed
7293,575,member,2026-07-01 00:00:00+00,2026-07-01,completed
7294,575,member,2026-07-01 00:00:00+00,2026-07-01,completed
7295,575,member,2026-07-01 00:00:00+00,2026-07-01,completed
7296,576,member,2026-07-01 00:00:00+00,2026-07-01,completed
7297,576,member,2026-07-01 00:00:00+00,2026-07-01,completed
7298,576,member,2026-07-01 00:00:00+00,2026-07-01,completed
7299,577,member,2026-07-01 00:00:00+00,2026-07-01,completed
7300,578,member,2026-07-01 00:00:00+00,2026-07-01,completed
7301,578,member,2026-07-01 00:00:00+00,2026-07-01,completed
7302,578,member,2026-07-01 00:00:00+00,2026-07-01,completed
7303,578,member,2026-07-01 00:00:00+00,2026-07-01,completed
7304,578,member,2026-07-01 00:00:00+00,2026-07-01,completed
7305,579,member,2026-07-01 00:00:00+00,2026-07-01,completed
7306,579,member,2026-07-01 00:00:00+00,2026-07-01,completed
7307,581,member,2026-07-01 00:00:00+00,2026-07-01,completed
7308,582,member,2026-07-01 00:00:00+00,2026-07-01,completed
7309,582,member,2026-07-01 00:00:00+00,2026-07-01,completed
7310,582,member,2026-07-01 00:00:00+00,2026-07-01,completed
7311,584,member,2026-07-01 00:00:00+00,2026-07-01,completed
7312,584,member,2026-07-01 00:00:00+00,2026-07-01,completed
7313,585,member,2026-07-01 00:00:00+00,2026-07-01,completed
7314,585,member,2026-07-01 00:00:00+00,2026-07-01,completed
7315,585,member,2026-07-01 00:00:00+00,2026-07-01,completed
7316,586,member,2026-07-01 00:00:00+00,2026-07-01,completed
7317,586,member,2026-07-01 00:00:00+00,2026-07-01,completed
7318,587,member,2026-07-01 00:00:00+00,2026-07-01,completed
7319,587,member,2026-07-01 00:00:00+00,2026-07-01,completed
7320,588,member,2026-07-01 00:00:00+00,2026-07-01,completed
7321,588,member,2026-07-01 00:00:00+00,2026-07-01,completed
7322,590,member,2026-07-01 00:00:00+00,2026-07-01,completed
7323,590,member,2026-07-01 00:00:00+00,2026-07-01,completed
7324,591,member,2026-07-01 00:00:00+00,2026-07-01,completed
7325,591,member,2026-07-01 00:00:00+00,2026-07-01,completed
7326,592,member,2026-07-01 00:00:00+00,2026-07-01,completed
7327,593,member,2026-07-01 00:00:00+00,2026-07-01,completed
7328,593,member,2026-07-01 00:00:00+00,2026-07-01,completed
7329,594,member,2026-07-01 00:00:00+00,2026-07-01,completed
7330,595,member,2026-07-01 00:00:00+00,2026-07-01,completed
7331,595,member,2026-07-01 00:00:00+00,2026-07-01,completed
7332,596,member,2026-07-01 00:00:00+00,2026-07-01,completed
7333,596,member,2026-07-01 00:00:00+00,2026-07-01,completed
7334,597,member,2026-07-01 00:00:00+00,2026-07-01,completed
7335,597,member,2026-07-01 00:00:00+00,2026-07-01,completed
7336,598,member,2026-07-01 00:00:00+00,2026-07-01,completed
7337,599,member,2026-07-01 00:00:00+00,2026-07-01,completed
7338,600,member,2026-07-01 00:00:00+00,2026-07-01,completed
7339,600,member,2026-07-01 00:00:00+00,2026-07-01,completed
7340,600,member,2026-07-01 00:00:00+00,2026-07-01,completed
7341,600,member,2026-07-01 00:00:00+00,2026-07-01,completed
7342,601,member,2026-07-01 00:00:00+00,2026-07-01,completed
7343,602,member,2026-07-01 00:00:00+00,2026-07-01,completed
7344,602,member,2026-07-01 00:00:00+00,2026-07-01,completed
7345,602,member,2026-07-01 00:00:00+00,2026-07-01,completed
7346,603,member,2026-07-01 00:00:00+00,2026-07-01,completed
7347,603,member,2026-07-01 00:00:00+00,2026-07-01,completed
7348,603,member,2026-07-01 00:00:00+00,2026-07-01,completed
7349,604,member,2026-07-01 00:00:00+00,2026-07-01,completed
7350,605,member,2026-07-01 00:00:00+00,2026-07-01,completed
7351,605,member,2026-07-01 00:00:00+00,2026-07-01,completed
7352,606,member,2026-07-01 00:00:00+00,2026-07-01,completed
7353,607,member,2026-07-01 00:00:00+00,2026-07-01,completed
7354,608,member,2026-07-01 00:00:00+00,2026-07-01,completed
7355,608,member,2026-07-01 00:00:00+00,2026-07-01,completed
7356,608,member,2026-07-01 00:00:00+00,2026-07-01,completed
7357,609,member,2026-07-01 00:00:00+00,2026-07-01,completed
7358,609,member,2026-07-01 00:00:00+00,2026-07-01,completed
7359,610,member,2026-07-01 00:00:00+00,2026-07-01,completed
7360,611,member,2026-07-01 00:00:00+00,2026-07-01,completed
7361,611,member,2026-07-01 00:00:00+00,2026-07-01,completed
7362,611,member,2026-07-01 00:00:00+00,2026-07-01,completed
7363,611,member,2026-07-01 00:00:00+00,2026-07-01,completed
7364,612,member,2026-07-01 00:00:00+00,2026-07-01,completed
7365,612,member,2026-07-01 00:00:00+00,2026-07-01,completed
7366,613,member,2026-07-01 00:00:00+00,2026-07-01,completed
7367,613,member,2026-07-01 00:00:00+00,2026-07-01,completed
7368,614,member,2026-07-01 00:00:00+00,2026-07-01,completed
7369,615,member,2026-07-01 00:00:00+00,2026-07-01,completed
7370,616,member,2026-07-01 00:00:00+00,2026-07-01,completed
7371,617,member,2026-07-01 00:00:00+00,2026-07-01,completed
7372,617,member,2026-07-01 00:00:00+00,2026-07-01,completed
7373,617,member,2026-07-01 00:00:00+00,2026-07-01,completed
7374,619,member,2026-07-01 00:00:00+00,2026-07-01,completed
7375,620,member,2026-07-01 00:00:00+00,2026-07-01,completed
7376,622,member,2026-07-01 00:00:00+00,2026-07-01,completed
7377,622,member,2026-07-01 00:00:00+00,2026-07-01,completed
7378,623,member,2026-07-01 00:00:00+00,2026-07-01,completed
7379,623,member,2026-07-01 00:00:00+00,2026-07-01,completed
7380,623,member,2026-07-01 00:00:00+00,2026-07-01,completed
7381,625,member,2026-07-01 00:00:00+00,2026-07-01,completed
7382,626,member,2026-07-01 00:00:00+00,2026-07-01,completed
7383,626,member,2026-07-01 00:00:00+00,2026-07-01,completed
7384,626,member,2026-07-01 00:00:00+00,2026-07-01,completed
7385,626,member,2026-07-01 00:00:00+00,2026-07-01,completed
7386,627,member,2026-07-01 00:00:00+00,2026-07-01,completed
7387,627,member,2026-07-01 00:00:00+00,2026-07-01,completed
7388,628,member,2026-07-01 00:00:00+00,2026-07-01,completed
7389,628,member,2026-07-01 00:00:00+00,2026-07-01,completed
7390,628,member,2026-07-01 00:00:00+00,2026-07-01,completed
7391,628,member,2026-07-01 00:00:00+00,2026-07-01,completed
7392,629,member,2026-07-01 00:00:00+00,2026-07-01,completed
7393,629,member,2026-07-01 00:00:00+00,2026-07-01,completed
7394,630,member,2026-07-01 00:00:00+00,2026-07-01,completed
7395,630,member,2026-07-01 00:00:00+00,2026-07-01,completed
7396,631,member,2026-07-01 00:00:00+00,2026-07-01,completed
7397,632,member,2026-07-01 00:00:00+00,2026-07-01,completed
7398,632,member,2026-07-01 00:00:00+00,2026-07-01,completed
7399,632,member,2026-07-01 00:00:00+00,2026-07-01,completed
7400,633,member,2026-07-01 00:00:00+00,2026-07-01,completed
7401,633,member,2026-07-01 00:00:00+00,2026-07-01,completed
7402,633,member,2026-07-01 00:00:00+00,2026-07-01,completed
7403,634,member,2026-07-01 00:00:00+00,2026-07-01,completed
7404,634,member,2026-07-01 00:00:00+00,2026-07-01,completed
7405,635,member,2026-07-01 00:00:00+00,2026-07-01,completed
7406,635,member,2026-07-01 00:00:00+00,2026-07-01,completed
7407,636,member,2026-07-01 00:00:00+00,2026-07-01,completed
7408,637,member,2026-07-01 00:00:00+00,2026-07-01,completed
7409,637,member,2026-07-01 00:00:00+00,2026-07-01,completed
7410,637,member,2026-07-01 00:00:00+00,2026-07-01,completed
7411,637,member,2026-07-01 00:00:00+00,2026-07-01,completed
7412,638,member,2026-07-01 00:00:00+00,2026-07-01,completed
7413,638,member,2026-07-01 00:00:00+00,2026-07-01,completed
7414,639,member,2026-07-01 00:00:00+00,2026-07-01,completed
7415,639,member,2026-07-01 00:00:00+00,2026-07-01,completed
7416,640,member,2026-07-01 00:00:00+00,2026-07-01,completed
7417,640,member,2026-07-01 00:00:00+00,2026-07-01,completed
7418,641,member,2026-07-01 00:00:00+00,2026-07-01,completed
7419,642,member,2026-07-01 00:00:00+00,2026-07-01,completed
7420,642,member,2026-07-01 00:00:00+00,2026-07-01,completed
7421,643,member,2026-07-01 00:00:00+00,2026-07-01,completed
7422,644,member,2026-07-01 00:00:00+00,2026-07-01,completed
7423,644,member,2026-07-01 00:00:00+00,2026-07-01,completed
7424,644,member,2026-07-01 00:00:00+00,2026-07-01,completed
7425,644,member,2026-07-01 00:00:00+00,2026-07-01,completed
7426,644,member,2026-07-01 00:00:00+00,2026-07-01,completed
7427,645,member,2026-07-01 00:00:00+00,2026-07-01,completed
7428,646,member,2026-07-01 00:00:00+00,2026-07-01,completed
7429,647,member,2026-07-01 00:00:00+00,2026-07-01,completed
7430,647,member,2026-07-01 00:00:00+00,2026-07-01,completed
7431,648,member,2026-07-01 00:00:00+00,2026-07-01,completed
7432,648,member,2026-07-01 00:00:00+00,2026-07-01,completed
7433,649,member,2026-07-01 00:00:00+00,2026-07-01,completed
7434,650,member,2026-07-01 00:00:00+00,2026-07-01,completed
7435,651,member,2026-07-01 00:00:00+00,2026-07-01,completed
7436,651,member,2026-07-01 00:00:00+00,2026-07-01,completed
7437,652,member,2026-07-01 00:00:00+00,2026-07-01,completed
7438,652,member,2026-07-01 00:00:00+00,2026-07-01,completed
7439,654,member,2026-07-01 00:00:00+00,2026-07-01,completed
7440,656,member,2026-07-01 00:00:00+00,2026-07-01,completed
7441,656,member,2026-07-01 00:00:00+00,2026-07-01,completed
7442,656,member,2026-07-01 00:00:00+00,2026-07-01,completed
7443,657,member,2026-07-01 00:00:00+00,2026-07-01,completed
7444,658,member,2026-07-01 00:00:00+00,2026-07-01,completed
7445,658,member,2026-07-01 00:00:00+00,2026-07-01,completed
7446,660,member,2026-07-01 00:00:00+00,2026-07-01,completed
7447,660,member,2026-07-01 00:00:00+00,2026-07-01,completed
7448,660,member,2026-07-01 00:00:00+00,2026-07-01,completed
7449,661,member,2026-07-01 00:00:00+00,2026-07-01,completed
7450,661,member,2026-07-01 00:00:00+00,2026-07-01,completed
7451,661,member,2026-07-01 00:00:00+00,2026-07-01,completed
7452,661,member,2026-07-01 00:00:00+00,2026-07-01,completed
7453,662,member,2026-07-01 00:00:00+00,2026-07-01,completed
7454,663,member,2026-07-01 00:00:00+00,2026-07-01,completed
7455,663,member,2026-07-01 00:00:00+00,2026-07-01,completed
7456,664,member,2026-07-01 00:00:00+00,2026-07-01,completed
7457,664,member,2026-07-01 00:00:00+00,2026-07-01,completed
7458,665,member,2026-07-01 00:00:00+00,2026-07-01,completed
7459,665,member,2026-07-01 00:00:00+00,2026-07-01,completed
7460,665,member,2026-07-01 00:00:00+00,2026-07-01,completed
7461,665,member,2026-07-01 00:00:00+00,2026-07-01,completed
7462,666,member,2026-07-01 00:00:00+00,2026-07-01,completed
7463,667,member,2026-07-01 00:00:00+00,2026-07-01,completed
7464,667,member,2026-07-01 00:00:00+00,2026-07-01,completed
7465,668,member,2026-07-01 00:00:00+00,2026-07-01,completed
7466,669,member,2026-07-01 00:00:00+00,2026-07-01,completed
7467,670,member,2026-07-01 00:00:00+00,2026-07-01,completed
7468,671,member,2026-07-01 00:00:00+00,2026-07-01,completed
7469,671,member,2026-07-01 00:00:00+00,2026-07-01,completed
7470,672,member,2026-07-01 00:00:00+00,2026-07-01,completed
7471,672,member,2026-07-01 00:00:00+00,2026-07-01,completed
7472,673,member,2026-07-01 00:00:00+00,2026-07-01,completed
7473,673,member,2026-07-01 00:00:00+00,2026-07-01,completed
7474,674,member,2026-07-01 00:00:00+00,2026-07-01,completed
7475,674,member,2026-07-01 00:00:00+00,2026-07-01,completed
7476,675,member,2026-07-01 00:00:00+00,2026-07-01,completed
7477,675,member,2026-07-01 00:00:00+00,2026-07-01,completed
7478,676,member,2026-07-01 00:00:00+00,2026-07-01,completed
7479,677,member,2026-07-01 00:00:00+00,2026-07-01,completed
7480,677,member,2026-07-01 00:00:00+00,2026-07-01,completed
7481,678,member,2026-07-01 00:00:00+00,2026-07-01,completed
7482,679,member,2026-07-01 00:00:00+00,2026-07-01,completed
7483,680,member,2026-07-01 00:00:00+00,2026-07-01,completed
7484,680,member,2026-07-01 00:00:00+00,2026-07-01,completed
7485,681,member,2026-07-01 00:00:00+00,2026-07-01,completed
7486,681,member,2026-07-01 00:00:00+00,2026-07-01,completed
7487,681,member,2026-07-01 00:00:00+00,2026-07-01,completed
7488,682,member,2026-07-01 00:00:00+00,2026-07-01,completed
7489,682,member,2026-07-01 00:00:00+00,2026-07-01,completed
7490,682,member,2026-07-01 00:00:00+00,2026-07-01,completed
7491,683,member,2026-07-01 00:00:00+00,2026-07-01,completed
7492,683,member,2026-07-01 00:00:00+00,2026-07-01,completed
7493,684,member,2026-07-01 00:00:00+00,2026-07-01,completed
7494,684,member,2026-07-01 00:00:00+00,2026-07-01,completed
7495,685,member,2026-07-01 00:00:00+00,2026-07-01,completed
7496,686,member,2026-07-01 00:00:00+00,2026-07-01,completed
7497,686,member,2026-07-01 00:00:00+00,2026-07-01,completed
7498,686,member,2026-07-01 00:00:00+00,2026-07-01,completed
7499,686,member,2026-07-01 00:00:00+00,2026-07-01,completed
7500,687,member,2026-07-01 00:00:00+00,2026-07-01,completed
7501,688,member,2026-07-01 00:00:00+00,2026-07-01,completed
7502,688,member,2026-07-01 00:00:00+00,2026-07-01,completed
7503,688,member,2026-07-01 00:00:00+00,2026-07-01,completed
7504,688,member,2026-07-01 00:00:00+00,2026-07-01,completed
7505,688,member,2026-07-01 00:00:00+00,2026-07-01,completed
7506,689,member,2026-07-01 00:00:00+00,2026-07-01,completed
7507,690,member,2026-07-01 00:00:00+00,2026-07-01,completed
7508,691,member,2026-07-01 00:00:00+00,2026-07-01,completed
7509,692,member,2026-07-01 00:00:00+00,2026-07-01,completed
7510,693,member,2026-07-01 00:00:00+00,2026-07-01,completed
7511,693,member,2026-07-01 00:00:00+00,2026-07-01,completed
7512,693,member,2026-07-01 00:00:00+00,2026-07-01,completed
7513,694,member,2026-07-01 00:00:00+00,2026-07-01,completed
7514,694,member,2026-07-01 00:00:00+00,2026-07-01,completed
7515,695,member,2026-07-01 00:00:00+00,2026-07-01,completed
7516,696,member,2026-07-01 00:00:00+00,2026-07-01,completed
7517,696,member,2026-07-01 00:00:00+00,2026-07-01,completed
7518,696,member,2026-07-01 00:00:00+00,2026-07-01,completed
7519,696,member,2026-07-01 00:00:00+00,2026-07-01,completed
7520,696,member,2026-07-01 00:00:00+00,2026-07-01,completed
7521,697,member,2026-07-01 00:00:00+00,2026-07-01,completed
7522,698,member,2026-07-01 00:00:00+00,2026-07-01,completed
7523,698,member,2026-07-01 00:00:00+00,2026-07-01,completed
7524,698,member,2026-07-01 00:00:00+00,2026-07-01,completed
7525,699,member,2026-07-01 00:00:00+00,2026-07-01,completed
7526,699,member,2026-07-01 00:00:00+00,2026-07-01,completed
7527,699,member,2026-07-01 00:00:00+00,2026-07-01,completed
7528,699,member,2026-07-01 00:00:00+00,2026-07-01,completed
7529,699,member,2026-07-01 00:00:00+00,2026-07-01,completed
7530,700,member,2026-07-01 00:00:00+00,2026-07-01,completed
7531,701,member,2026-07-01 00:00:00+00,2026-07-01,completed
7532,703,member,2026-07-01 00:00:00+00,2026-07-01,completed
7533,703,member,2026-07-01 00:00:00+00,2026-07-01,completed
7534,703,member,2026-07-01 00:00:00+00,2026-07-01,completed
7535,703,member,2026-07-01 00:00:00+00,2026-07-01,completed
7536,703,member,2026-07-01 00:00:00+00,2026-07-01,completed
7537,704,member,2026-07-01 00:00:00+00,2026-07-01,completed
7538,705,member,2026-07-01 00:00:00+00,2026-07-01,completed
7539,705,member,2026-07-01 00:00:00+00,2026-07-01,completed
7540,705,member,2026-07-01 00:00:00+00,2026-07-01,completed
7541,706,member,2026-07-01 00:00:00+00,2026-07-01,completed
7542,706,member,2026-07-01 00:00:00+00,2026-07-01,completed
7543,706,member,2026-07-01 00:00:00+00,2026-07-01,completed
7544,707,member,2026-07-01 00:00:00+00,2026-07-01,completed
7545,708,member,2026-07-01 00:00:00+00,2026-07-01,completed
7546,708,member,2026-07-01 00:00:00+00,2026-07-01,completed
7547,708,member,2026-07-01 00:00:00+00,2026-07-01,completed
7548,709,member,2026-07-01 00:00:00+00,2026-07-01,completed
7549,709,member,2026-07-01 00:00:00+00,2026-07-01,completed
7550,709,member,2026-07-01 00:00:00+00,2026-07-01,completed
7551,710,member,2026-07-01 00:00:00+00,2026-07-01,completed
7552,711,member,2026-07-01 00:00:00+00,2026-07-01,completed
7553,712,member,2026-07-01 00:00:00+00,2026-07-01,completed
7554,713,member,2026-07-01 00:00:00+00,2026-07-01,completed
7555,714,member,2026-07-01 00:00:00+00,2026-07-01,completed
7556,714,member,2026-07-01 00:00:00+00,2026-07-01,completed
7557,715,member,2026-07-01 00:00:00+00,2026-07-01,completed
7558,715,member,2026-07-01 00:00:00+00,2026-07-01,completed
7559,717,member,2026-07-01 00:00:00+00,2026-07-01,completed
7560,717,member,2026-07-01 00:00:00+00,2026-07-01,completed
7561,718,member,2026-07-01 00:00:00+00,2026-07-01,completed
7562,719,member,2026-07-01 00:00:00+00,2026-07-01,completed
7563,719,member,2026-07-01 00:00:00+00,2026-07-01,completed
7564,720,member,2026-07-01 00:00:00+00,2026-07-01,completed
7565,721,member,2026-07-01 00:00:00+00,2026-07-01,completed
7566,721,member,2026-07-01 00:00:00+00,2026-07-01,completed
7567,721,member,2026-07-01 00:00:00+00,2026-07-01,completed
7568,721,member,2026-07-01 00:00:00+00,2026-07-01,completed
7569,722,member,2026-07-01 00:00:00+00,2026-07-01,completed
7570,723,member,2026-07-01 00:00:00+00,2026-07-01,completed
7571,724,member,2026-07-01 00:00:00+00,2026-07-01,completed
7572,724,member,2026-07-01 00:00:00+00,2026-07-01,completed
7573,725,member,2026-07-01 00:00:00+00,2026-07-01,completed
7574,726,member,2026-07-01 00:00:00+00,2026-07-01,completed
7575,726,member,2026-07-01 00:00:00+00,2026-07-01,completed
7576,727,member,2026-07-01 00:00:00+00,2026-07-01,completed
7577,727,member,2026-07-01 00:00:00+00,2026-07-01,completed
7578,727,member,2026-07-01 00:00:00+00,2026-07-01,completed
7579,728,member,2026-07-01 00:00:00+00,2026-07-01,completed
7580,728,member,2026-07-01 00:00:00+00,2026-07-01,completed
7581,729,member,2026-07-01 00:00:00+00,2026-07-01,completed
7582,730,member,2026-07-01 00:00:00+00,2026-07-01,completed
7583,730,member,2026-07-01 00:00:00+00,2026-07-01,completed
7584,731,member,2026-07-01 00:00:00+00,2026-07-01,completed
7585,732,member,2026-07-01 00:00:00+00,2026-07-01,completed
7586,733,member,2026-07-01 00:00:00+00,2026-07-01,completed
7587,734,member,2026-07-01 00:00:00+00,2026-07-01,completed
7588,734,member,2026-07-01 00:00:00+00,2026-07-01,completed
7589,734,member,2026-07-01 00:00:00+00,2026-07-01,completed
7590,734,member,2026-07-01 00:00:00+00,2026-07-01,completed
7591,735,member,2026-07-01 00:00:00+00,2026-07-01,completed
7592,735,member,2026-07-01 00:00:00+00,2026-07-01,completed
7593,736,member,2026-07-01 00:00:00+00,2026-07-01,completed
7594,736,member,2026-07-01 00:00:00+00,2026-07-01,completed
7595,737,member,2026-07-01 00:00:00+00,2026-07-01,completed
7596,738,member,2026-07-01 00:00:00+00,2026-07-01,completed
7597,738,member,2026-07-01 00:00:00+00,2026-07-01,completed
7598,738,member,2026-07-01 00:00:00+00,2026-07-01,completed
7599,738,member,2026-07-01 00:00:00+00,2026-07-01,completed
7600,738,member,2026-07-01 00:00:00+00,2026-07-01,completed
7601,739,member,2026-07-01 00:00:00+00,2026-07-01,completed
7602,740,member,2026-07-01 00:00:00+00,2026-07-01,completed
7603,740,member,2026-07-01 00:00:00+00,2026-07-01,completed
7604,741,member,2026-07-01 00:00:00+00,2026-07-01,completed
7605,741,member,2026-07-01 00:00:00+00,2026-07-01,completed
7606,743,member,2026-07-01 00:00:00+00,2026-07-01,completed
7607,744,member,2026-07-01 00:00:00+00,2026-07-01,completed
7608,744,member,2026-07-01 00:00:00+00,2026-07-01,completed
7609,745,member,2026-07-01 00:00:00+00,2026-07-01,completed
7610,745,member,2026-07-01 00:00:00+00,2026-07-01,completed
7611,745,member,2026-07-01 00:00:00+00,2026-07-01,completed
7612,745,member,2026-07-01 00:00:00+00,2026-07-01,completed
7613,746,member,2026-07-01 00:00:00+00,2026-07-01,completed
7614,747,member,2026-07-01 00:00:00+00,2026-07-01,completed
7615,748,member,2026-07-01 00:00:00+00,2026-07-01,completed
7616,749,member,2026-07-01 00:00:00+00,2026-07-01,completed
7617,750,member,2026-07-01 00:00:00+00,2026-07-01,completed
7618,750,member,2026-07-01 00:00:00+00,2026-07-01,completed
7619,752,member,2026-07-01 00:00:00+00,2026-07-01,completed
7620,753,member,2026-07-01 00:00:00+00,2026-07-01,completed
7621,753,member,2026-07-01 00:00:00+00,2026-07-01,completed
7622,754,member,2026-07-01 00:00:00+00,2026-07-01,completed
7623,754,member,2026-07-01 00:00:00+00,2026-07-01,completed
7624,754,member,2026-07-01 00:00:00+00,2026-07-01,completed
7625,754,member,2026-07-01 00:00:00+00,2026-07-01,completed
7626,754,member,2026-07-01 00:00:00+00,2026-07-01,completed
7627,755,member,2026-07-01 00:00:00+00,2026-07-01,completed
7628,755,member,2026-07-01 00:00:00+00,2026-07-01,completed
7629,756,member,2026-07-01 00:00:00+00,2026-07-01,completed
7630,757,member,2026-07-01 00:00:00+00,2026-07-01,completed
7631,757,member,2026-07-01 00:00:00+00,2026-07-01,completed
7632,758,member,2026-07-01 00:00:00+00,2026-07-01,completed
7633,758,member,2026-07-01 00:00:00+00,2026-07-01,completed
7634,758,member,2026-07-01 00:00:00+00,2026-07-01,completed
7635,759,member,2026-07-01 00:00:00+00,2026-07-01,completed
7636,760,member,2026-07-01 00:00:00+00,2026-07-01,completed
7637,761,member,2026-07-01 00:00:00+00,2026-07-01,completed
7638,761,member,2026-07-01 00:00:00+00,2026-07-01,completed
7639,761,member,2026-07-01 00:00:00+00,2026-07-01,completed
7640,761,member,2026-07-01 00:00:00+00,2026-07-01,completed
7641,762,member,2026-07-01 00:00:00+00,2026-07-01,completed
7642,763,member,2026-07-01 00:00:00+00,2026-07-01,completed
7643,764,member,2026-07-01 00:00:00+00,2026-07-01,completed
7644,765,member,2026-07-01 00:00:00+00,2026-07-01,completed
7645,765,member,2026-07-01 00:00:00+00,2026-07-01,completed
7646,766,member,2026-07-01 00:00:00+00,2026-07-01,completed
7647,766,member,2026-07-01 00:00:00+00,2026-07-01,completed
7648,767,member,2026-07-01 00:00:00+00,2026-07-01,completed
7649,768,member,2026-07-01 00:00:00+00,2026-07-01,completed
7650,768,member,2026-07-01 00:00:00+00,2026-07-01,completed
7651,768,member,2026-07-01 00:00:00+00,2026-07-01,completed
7652,769,member,2026-07-01 00:00:00+00,2026-07-01,completed
7653,769,member,2026-07-01 00:00:00+00,2026-07-01,completed
7654,769,member,2026-07-01 00:00:00+00,2026-07-01,completed
7655,770,member,2026-07-01 00:00:00+00,2026-07-01,completed
7656,770,member,2026-07-01 00:00:00+00,2026-07-01,completed
7657,771,member,2026-07-01 00:00:00+00,2026-07-01,completed
7658,771,member,2026-07-01 00:00:00+00,2026-07-01,completed
7659,771,member,2026-07-01 00:00:00+00,2026-07-01,completed
7660,772,member,2026-07-01 00:00:00+00,2026-07-01,completed
7661,772,member,2026-07-01 00:00:00+00,2026-07-01,completed
7662,772,member,2026-07-01 00:00:00+00,2026-07-01,completed
7663,772,member,2026-07-01 00:00:00+00,2026-07-01,completed
7664,773,member,2026-07-01 00:00:00+00,2026-07-01,completed
7665,773,member,2026-07-01 00:00:00+00,2026-07-01,completed
7666,774,member,2026-07-01 00:00:00+00,2026-07-01,completed
7667,775,member,2026-07-01 00:00:00+00,2026-07-01,completed
7668,775,member,2026-07-01 00:00:00+00,2026-07-01,completed
7669,776,member,2026-07-01 00:00:00+00,2026-07-01,completed
7670,777,member,2026-07-01 00:00:00+00,2026-07-01,completed
7671,777,member,2026-07-01 00:00:00+00,2026-07-01,completed
7672,777,member,2026-07-01 00:00:00+00,2026-07-01,completed
7673,778,member,2026-07-01 00:00:00+00,2026-07-01,completed
7674,779,member,2026-07-01 00:00:00+00,2026-07-01,completed
7675,779,member,2026-07-01 00:00:00+00,2026-07-01,completed
7676,780,member,2026-07-01 00:00:00+00,2026-07-01,completed
7677,781,member,2026-07-01 00:00:00+00,2026-07-01,completed
7678,782,member,2026-07-01 00:00:00+00,2026-07-01,completed
7679,783,member,2026-07-01 00:00:00+00,2026-07-01,completed
7680,783,member,2026-07-01 00:00:00+00,2026-07-01,completed
7681,783,member,2026-07-01 00:00:00+00,2026-07-01,completed
7682,784,member,2026-07-01 00:00:00+00,2026-07-01,completed
7683,784,member,2026-07-01 00:00:00+00,2026-07-01,completed
7684,785,member,2026-07-01 00:00:00+00,2026-07-01,completed
7685,787,member,2026-07-01 00:00:00+00,2026-07-01,completed
7686,787,member,2026-07-01 00:00:00+00,2026-07-01,completed
7687,788,member,2026-07-01 00:00:00+00,2026-07-01,completed
7688,788,member,2026-07-01 00:00:00+00,2026-07-01,completed
7689,789,member,2026-07-01 00:00:00+00,2026-07-01,completed
7690,790,member,2026-07-01 00:00:00+00,2026-07-01,completed
7691,790,member,2026-07-01 00:00:00+00,2026-07-01,completed
7692,791,member,2026-07-01 00:00:00+00,2026-07-01,completed
7693,792,member,2026-07-01 00:00:00+00,2026-07-01,completed
7694,793,member,2026-07-01 00:00:00+00,2026-07-01,completed
7695,793,member,2026-07-01 00:00:00+00,2026-07-01,completed
7696,793,member,2026-07-01 00:00:00+00,2026-07-01,completed
7697,794,member,2026-07-01 00:00:00+00,2026-07-01,completed
7698,794,member,2026-07-01 00:00:00+00,2026-07-01,completed
7699,794,member,2026-07-01 00:00:00+00,2026-07-01,completed
7700,795,member,2026-07-01 00:00:00+00,2026-07-01,completed
7701,795,member,2026-07-01 00:00:00+00,2026-07-01,completed
7702,796,member,2026-07-01 00:00:00+00,2026-07-01,completed
7703,796,member,2026-07-01 00:00:00+00,2026-07-01,completed
7704,796,member,2026-07-01 00:00:00+00,2026-07-01,completed
7705,796,member,2026-07-01 00:00:00+00,2026-07-01,completed
7706,796,member,2026-07-01 00:00:00+00,2026-07-01,completed
7707,797,member,2026-07-01 00:00:00+00,2026-07-01,completed
7708,798,member,2026-07-01 00:00:00+00,2026-07-01,completed
7709,798,member,2026-07-01 00:00:00+00,2026-07-01,completed
7710,799,member,2026-07-01 00:00:00+00,2026-07-01,completed
7711,800,member,2026-07-01 00:00:00+00,2026-07-01,completed
7712,800,member,2026-07-01 00:00:00+00,2026-07-01,completed
7713,801,member,2026-07-01 00:00:00+00,2026-07-01,completed
7714,802,member,2026-07-01 00:00:00+00,2026-07-01,completed
7715,802,member,2026-07-01 00:00:00+00,2026-07-01,completed
7716,803,member,2026-07-01 00:00:00+00,2026-07-01,completed
7717,803,member,2026-07-01 00:00:00+00,2026-07-01,completed
7718,804,member,2026-07-01 00:00:00+00,2026-07-01,completed
7719,804,member,2026-07-01 00:00:00+00,2026-07-01,completed
7720,804,member,2026-07-01 00:00:00+00,2026-07-01,completed
7721,805,member,2026-07-01 00:00:00+00,2026-07-01,completed
7722,806,member,2026-07-01 00:00:00+00,2026-07-01,completed
7723,806,member,2026-07-01 00:00:00+00,2026-07-01,completed
7724,807,member,2026-07-01 00:00:00+00,2026-07-01,completed
7725,807,member,2026-07-01 00:00:00+00,2026-07-01,completed
7726,808,member,2026-07-01 00:00:00+00,2026-07-01,completed
7727,808,member,2026-07-01 00:00:00+00,2026-07-01,completed
7728,810,member,2026-07-01 00:00:00+00,2026-07-01,completed
7729,811,member,2026-07-01 00:00:00+00,2026-07-01,completed
7730,812,member,2026-07-01 00:00:00+00,2026-07-01,completed
7731,812,member,2026-07-01 00:00:00+00,2026-07-01,completed
7732,813,member,2026-07-01 00:00:00+00,2026-07-01,completed
7733,814,member,2026-07-01 00:00:00+00,2026-07-01,completed
7734,814,member,2026-07-01 00:00:00+00,2026-07-01,completed
7735,815,member,2026-07-01 00:00:00+00,2026-07-01,completed
7736,816,member,2026-07-01 00:00:00+00,2026-07-01,completed
7737,818,member,2026-07-01 00:00:00+00,2026-07-01,completed
7738,819,member,2026-07-01 00:00:00+00,2026-07-01,completed
7739,819,member,2026-07-01 00:00:00+00,2026-07-01,completed
7740,820,member,2026-07-01 00:00:00+00,2026-07-01,completed
7741,821,member,2026-07-01 00:00:00+00,2026-07-01,completed
7742,822,member,2026-07-01 00:00:00+00,2026-07-01,completed
7743,822,member,2026-07-01 00:00:00+00,2026-07-01,completed
7744,823,member,2026-07-01 00:00:00+00,2026-07-01,completed
7745,824,member,2026-07-01 00:00:00+00,2026-07-01,completed
7746,824,member,2026-07-01 00:00:00+00,2026-07-01,completed
7747,825,member,2026-07-01 00:00:00+00,2026-07-01,completed
7748,825,member,2026-07-01 00:00:00+00,2026-07-01,completed
7749,826,member,2026-07-01 00:00:00+00,2026-07-01,completed
7750,826,member,2026-07-01 00:00:00+00,2026-07-01,completed
7751,827,member,2026-07-01 00:00:00+00,2026-07-01,completed
7752,828,member,2026-07-01 00:00:00+00,2026-07-01,completed
7753,828,member,2026-07-01 00:00:00+00,2026-07-01,completed
7754,829,member,2026-07-01 00:00:00+00,2026-07-01,completed
7755,830,member,2026-07-01 00:00:00+00,2026-07-01,completed
7756,830,member,2026-07-01 00:00:00+00,2026-07-01,completed
7757,831,member,2026-07-01 00:00:00+00,2026-07-01,completed
7758,831,member,2026-07-01 00:00:00+00,2026-07-01,completed
7759,831,member,2026-07-01 00:00:00+00,2026-07-01,completed
7760,832,member,2026-07-01 00:00:00+00,2026-07-01,completed
7761,832,member,2026-07-01 00:00:00+00,2026-07-01,completed
7762,833,member,2026-07-01 00:00:00+00,2026-07-01,completed
7763,834,member,2026-07-01 00:00:00+00,2026-07-01,completed
7764,835,member,2026-07-01 00:00:00+00,2026-07-01,completed
7765,835,member,2026-07-01 00:00:00+00,2026-07-01,completed
7766,835,member,2026-07-01 00:00:00+00,2026-07-01,completed
7767,836,member,2026-07-01 00:00:00+00,2026-07-01,completed
7768,837,member,2026-07-01 00:00:00+00,2026-07-01,completed
7769,837,member,2026-07-01 00:00:00+00,2026-07-01,completed
7770,838,member,2026-07-01 00:00:00+00,2026-07-01,completed
7771,839,member,2026-07-01 00:00:00+00,2026-07-01,completed
7772,839,member,2026-07-01 00:00:00+00,2026-07-01,completed
7773,840,member,2026-07-01 00:00:00+00,2026-07-01,completed
7774,841,member,2026-07-01 00:00:00+00,2026-07-01,completed
7775,842,member,2026-07-01 00:00:00+00,2026-07-01,completed
7776,842,member,2026-07-01 00:00:00+00,2026-07-01,completed
7777,843,member,2026-07-01 00:00:00+00,2026-07-01,completed
7778,844,member,2026-07-01 00:00:00+00,2026-07-01,completed
7779,845,member,2026-07-01 00:00:00+00,2026-07-01,completed
7780,845,member,2026-07-01 00:00:00+00,2026-07-01,completed
7781,845,member,2026-07-01 00:00:00+00,2026-07-01,completed
7782,845,member,2026-07-01 00:00:00+00,2026-07-01,completed
7783,845,member,2026-07-01 00:00:00+00,2026-07-01,completed
7784,846,member,2026-07-01 00:00:00+00,2026-07-01,completed
7785,846,member,2026-07-01 00:00:00+00,2026-07-01,completed
7786,847,member,2026-07-01 00:00:00+00,2026-07-01,completed
7787,848,member,2026-07-01 00:00:00+00,2026-07-01,completed
7788,849,member,2026-07-01 00:00:00+00,2026-07-01,completed
7789,849,member,2026-07-01 00:00:00+00,2026-07-01,completed
7790,849,member,2026-07-01 00:00:00+00,2026-07-01,completed
7791,849,member,2026-07-01 00:00:00+00,2026-07-01,completed
7792,849,member,2026-07-01 00:00:00+00,2026-07-01,completed
7793,850,member,2026-07-01 00:00:00+00,2026-07-01,completed
7794,850,member,2026-07-01 00:00:00+00,2026-07-01,completed
7795,851,member,2026-07-01 00:00:00+00,2026-07-01,completed
7796,852,member,2026-07-01 00:00:00+00,2026-07-01,completed
7797,853,member,2026-07-01 00:00:00+00,2026-07-01,completed
7798,853,member,2026-07-01 00:00:00+00,2026-07-01,completed
7799,854,member,2026-07-01 00:00:00+00,2026-07-01,completed
7800,854,member,2026-07-01 00:00:00+00,2026-07-01,completed
7801,854,member,2026-07-01 00:00:00+00,2026-07-01,completed
7802,854,member,2026-07-01 00:00:00+00,2026-07-01,completed
7803,855,member,2026-07-01 00:00:00+00,2026-07-01,completed
7804,856,member,2026-07-01 00:00:00+00,2026-07-01,completed
7805,856,member,2026-07-01 00:00:00+00,2026-07-01,completed
7806,857,member,2026-07-01 00:00:00+00,2026-07-01,completed
7807,858,member,2026-07-01 00:00:00+00,2026-07-01,completed
7808,859,member,2026-07-01 00:00:00+00,2026-07-01,completed
7809,859,member,2026-07-01 00:00:00+00,2026-07-01,completed
7810,860,member,2026-07-01 00:00:00+00,2026-07-01,completed
7811,860,member,2026-07-01 00:00:00+00,2026-07-01,completed
7812,860,member,2026-07-01 00:00:00+00,2026-07-01,completed
7813,861,member,2026-07-01 00:00:00+00,2026-07-01,completed
7814,862,member,2026-07-01 00:00:00+00,2026-07-01,completed
7815,862,member,2026-07-01 00:00:00+00,2026-07-01,completed
7816,862,member,2026-07-01 00:00:00+00,2026-07-01,completed
7817,862,member,2026-07-01 00:00:00+00,2026-07-01,completed
7818,863,member,2026-07-01 00:00:00+00,2026-07-01,completed
7819,864,member,2026-07-01 00:00:00+00,2026-07-01,completed
7820,864,member,2026-07-01 00:00:00+00,2026-07-01,completed
7821,864,member,2026-07-01 00:00:00+00,2026-07-01,completed
7822,864,member,2026-07-01 00:00:00+00,2026-07-01,completed
7823,865,member,2026-07-01 00:00:00+00,2026-07-01,completed
7824,865,member,2026-07-01 00:00:00+00,2026-07-01,completed
7825,865,member,2026-07-01 00:00:00+00,2026-07-01,completed
7826,865,member,2026-07-01 00:00:00+00,2026-07-01,completed
7827,865,member,2026-07-01 00:00:00+00,2026-07-01,completed
7828,866,member,2026-07-01 00:00:00+00,2026-07-01,completed
7829,867,member,2026-07-01 00:00:00+00,2026-07-01,completed
7830,868,member,2026-07-01 00:00:00+00,2026-07-01,completed
7831,868,member,2026-07-01 00:00:00+00,2026-07-01,completed
7832,869,member,2026-07-01 00:00:00+00,2026-07-01,completed
7833,870,member,2026-07-01 00:00:00+00,2026-07-01,completed
7834,870,member,2026-07-01 00:00:00+00,2026-07-01,completed
7835,870,member,2026-07-01 00:00:00+00,2026-07-01,completed
7836,870,member,2026-07-01 00:00:00+00,2026-07-01,completed
7837,870,member,2026-07-01 00:00:00+00,2026-07-01,completed
7838,871,member,2026-07-01 00:00:00+00,2026-07-01,completed
7839,872,member,2026-07-01 00:00:00+00,2026-07-01,completed
7840,872,member,2026-07-01 00:00:00+00,2026-07-01,completed
7841,872,member,2026-07-01 00:00:00+00,2026-07-01,completed
7842,872,member,2026-07-01 00:00:00+00,2026-07-01,completed
7843,873,member,2026-07-01 00:00:00+00,2026-07-01,completed
7844,874,member,2026-07-01 00:00:00+00,2026-07-01,completed
7845,874,member,2026-07-01 00:00:00+00,2026-07-01,completed
7846,875,member,2026-07-01 00:00:00+00,2026-07-01,completed
7847,876,member,2026-07-01 00:00:00+00,2026-07-01,completed
7848,877,member,2026-07-01 00:00:00+00,2026-07-01,completed
7849,877,member,2026-07-01 00:00:00+00,2026-07-01,completed
7850,878,member,2026-07-01 00:00:00+00,2026-07-01,completed
7851,878,member,2026-07-01 00:00:00+00,2026-07-01,completed
7852,879,member,2026-07-01 00:00:00+00,2026-07-01,completed
7853,880,member,2026-07-01 00:00:00+00,2026-07-01,completed
7854,881,member,2026-07-01 00:00:00+00,2026-07-01,completed
7855,882,member,2026-07-01 00:00:00+00,2026-07-01,completed
7856,883,member,2026-07-01 00:00:00+00,2026-07-01,completed
7857,884,member,2026-07-01 00:00:00+00,2026-07-01,completed
7858,885,member,2026-07-01 00:00:00+00,2026-07-01,completed
7859,885,member,2026-07-01 00:00:00+00,2026-07-01,completed
7860,885,member,2026-07-01 00:00:00+00,2026-07-01,completed
7861,885,member,2026-07-01 00:00:00+00,2026-07-01,completed
7862,885,member,2026-07-01 00:00:00+00,2026-07-01,completed
7863,886,member,2026-07-01 00:00:00+00,2026-07-01,completed
7864,886,member,2026-07-01 00:00:00+00,2026-07-01,completed
7865,887,member,2026-07-01 00:00:00+00,2026-07-01,completed
7866,887,member,2026-07-01 00:00:00+00,2026-07-01,completed
7867,888,member,2026-07-01 00:00:00+00,2026-07-01,completed
7868,888,member,2026-07-01 00:00:00+00,2026-07-01,completed
7869,889,member,2026-07-01 00:00:00+00,2026-07-01,completed
7870,889,member,2026-07-01 00:00:00+00,2026-07-01,completed
7871,889,member,2026-07-01 00:00:00+00,2026-07-01,completed
7872,890,member,2026-07-01 00:00:00+00,2026-07-01,completed
7873,891,member,2026-07-01 00:00:00+00,2026-07-01,completed
7874,891,member,2026-07-01 00:00:00+00,2026-07-01,completed
7875,892,member,2026-07-01 00:00:00+00,2026-07-01,completed
7876,893,member,2026-07-01 00:00:00+00,2026-07-01,completed
7877,893,member,2026-07-01 00:00:00+00,2026-07-01,completed
7878,893,member,2026-07-01 00:00:00+00,2026-07-01,completed
7879,893,member,2026-07-01 00:00:00+00,2026-07-01,completed
7880,893,member,2026-07-01 00:00:00+00,2026-07-01,completed
7881,894,member,2026-07-01 00:00:00+00,2026-07-01,completed
7882,894,member,2026-07-01 00:00:00+00,2026-07-01,completed
7883,895,member,2026-07-01 00:00:00+00,2026-07-01,completed
7884,896,member,2026-07-01 00:00:00+00,2026-07-01,completed
7885,897,member,2026-07-01 00:00:00+00,2026-07-01,completed
7886,897,member,2026-07-01 00:00:00+00,2026-07-01,completed
7887,897,member,2026-07-01 00:00:00+00,2026-07-01,completed
7888,897,member,2026-07-01 00:00:00+00,2026-07-01,completed
7889,897,member,2026-07-01 00:00:00+00,2026-07-01,completed
7890,898,member,2026-07-01 00:00:00+00,2026-07-01,completed
7891,899,member,2026-07-01 00:00:00+00,2026-07-01,completed
7892,900,member,2026-07-01 00:00:00+00,2026-07-01,completed
7893,901,member,2026-07-01 00:00:00+00,2026-07-01,completed
7894,902,member,2026-07-01 00:00:00+00,2026-07-01,completed
7895,902,member,2026-07-01 00:00:00+00,2026-07-01,completed
7896,903,member,2026-07-01 00:00:00+00,2026-07-01,completed
7897,904,member,2026-07-01 00:00:00+00,2026-07-01,completed
7898,904,member,2026-07-01 00:00:00+00,2026-07-01,completed
7899,904,member,2026-07-01 00:00:00+00,2026-07-01,completed
7900,904,member,2026-07-01 00:00:00+00,2026-07-01,completed
7901,904,member,2026-07-01 00:00:00+00,2026-07-01,completed
7902,905,member,2026-07-01 00:00:00+00,2026-07-01,completed
7903,905,member,2026-07-01 00:00:00+00,2026-07-01,completed
7904,905,member,2026-07-01 00:00:00+00,2026-07-01,completed
7905,905,member,2026-07-01 00:00:00+00,2026-07-01,completed
7906,906,member,2026-07-01 00:00:00+00,2026-07-01,completed
7907,907,member,2026-07-01 00:00:00+00,2026-07-01,completed
7908,908,member,2026-07-01 00:00:00+00,2026-07-01,completed
7909,908,member,2026-07-01 00:00:00+00,2026-07-01,completed
7910,909,member,2026-07-01 00:00:00+00,2026-07-01,completed
7911,909,member,2026-07-01 00:00:00+00,2026-07-01,completed
7912,910,member,2026-07-01 00:00:00+00,2026-07-01,completed
7913,911,member,2026-07-01 00:00:00+00,2026-07-01,completed
7914,911,member,2026-07-01 00:00:00+00,2026-07-01,completed
7915,911,member,2026-07-01 00:00:00+00,2026-07-01,completed
7916,911,member,2026-07-01 00:00:00+00,2026-07-01,completed
7917,911,member,2026-07-01 00:00:00+00,2026-07-01,completed
7918,912,member,2026-07-01 00:00:00+00,2026-07-01,completed
7919,912,member,2026-07-01 00:00:00+00,2026-07-01,completed
7920,913,member,2026-07-01 00:00:00+00,2026-07-01,completed
7921,913,member,2026-07-01 00:00:00+00,2026-07-01,completed
7922,914,member,2026-07-01 00:00:00+00,2026-07-01,completed
7923,914,member,2026-07-01 00:00:00+00,2026-07-01,completed
7924,915,member,2026-07-01 00:00:00+00,2026-07-01,completed
7925,916,member,2026-07-01 00:00:00+00,2026-07-01,completed
7926,917,member,2026-07-01 00:00:00+00,2026-07-01,completed
7927,917,member,2026-07-01 00:00:00+00,2026-07-01,completed
7928,918,member,2026-07-01 00:00:00+00,2026-07-01,completed
7929,918,member,2026-07-01 00:00:00+00,2026-07-01,completed
7930,918,member,2026-07-01 00:00:00+00,2026-07-01,completed
7931,919,member,2026-07-01 00:00:00+00,2026-07-01,completed
7932,919,member,2026-07-01 00:00:00+00,2026-07-01,completed
7933,920,member,2026-07-01 00:00:00+00,2026-07-01,completed
7934,920,member,2026-07-01 00:00:00+00,2026-07-01,completed
7935,921,member,2026-07-01 00:00:00+00,2026-07-01,completed
7936,921,member,2026-07-01 00:00:00+00,2026-07-01,completed
7937,921,member,2026-07-01 00:00:00+00,2026-07-01,completed
7938,922,member,2026-07-01 00:00:00+00,2026-07-01,completed
7939,922,member,2026-07-01 00:00:00+00,2026-07-01,completed
7940,922,member,2026-07-01 00:00:00+00,2026-07-01,completed
7941,923,member,2026-07-01 00:00:00+00,2026-07-01,completed
7942,923,member,2026-07-01 00:00:00+00,2026-07-01,completed
7943,923,member,2026-07-01 00:00:00+00,2026-07-01,completed
7944,924,member,2026-07-01 00:00:00+00,2026-07-01,completed
7945,925,member,2026-07-01 00:00:00+00,2026-07-01,completed
7946,926,member,2026-07-01 00:00:00+00,2026-07-01,completed
7947,927,member,2026-07-01 00:00:00+00,2026-07-01,completed
7948,927,member,2026-07-01 00:00:00+00,2026-07-01,completed
7949,928,member,2026-07-01 00:00:00+00,2026-07-01,completed
7950,929,member,2026-07-01 00:00:00+00,2026-07-01,completed
7951,930,member,2026-07-01 00:00:00+00,2026-07-01,completed
7952,931,member,2026-07-01 00:00:00+00,2026-07-01,completed
7953,932,member,2026-07-01 00:00:00+00,2026-07-01,completed
7954,933,member,2026-07-01 00:00:00+00,2026-07-01,completed
7955,933,member,2026-07-01 00:00:00+00,2026-07-01,completed
7956,934,member,2026-07-01 00:00:00+00,2026-07-01,completed
7957,935,member,2026-07-01 00:00:00+00,2026-07-01,completed
7958,936,member,2026-07-01 00:00:00+00,2026-07-01,completed
7959,937,member,2026-07-01 00:00:00+00,2026-07-01,completed
7960,937,member,2026-07-01 00:00:00+00,2026-07-01,completed
7961,938,member,2026-07-01 00:00:00+00,2026-07-01,completed
7962,938,member,2026-07-01 00:00:00+00,2026-07-01,completed
7963,938,member,2026-07-01 00:00:00+00,2026-07-01,completed
7964,938,member,2026-07-01 00:00:00+00,2026-07-01,completed
7965,938,member,2026-07-01 00:00:00+00,2026-07-01,completed
7966,939,member,2026-07-01 00:00:00+00,2026-07-01,completed
7967,939,member,2026-07-01 00:00:00+00,2026-07-01,completed
7968,939,member,2026-07-01 00:00:00+00,2026-07-01,completed
