id,order_id,product_id,quantity,unit_price,unit_volume
1,1,1,1,100.00,100.00
2,2,7,1,50.00,50.00
3,3,11,1,50.00,50.00
4,4,3,1,100.00,100.00
5,5,1,1,100.00,100.00
6,6,4,1,100.00,100.00
7,7,10,1,50.00,50.00
8,8,5,1,100.00,100.00
9,9,2,1,100.00,100.00
10,10,12,1,50.00,50.00
11,11,4,1,100.00,100.00
12,12,3,1,100.00,100.00
13,13,4,1,100.00,100.00
14,14,11,1,50.00,50.00
15,15,3,1,100.00,100.00
16,16,2,1,100.00,100.00
17,17,8,1,50.00,50.00
18,18,3,1,100.00,100.00
19,19,11,1,50.00,50.00
20,20,11,1,50.00,50.00
21,21,9,1,50.00,50.00
22,22,1,2,100.00,100.00
23,23,2,1,100.00,100.00
24,24,3,1,100.00,100.00
25,25,4,1,100.00,100.00
26,26,5,1,100.00,100.00
27,27,6,2,100.00,100.00
28,28,9,2,50.00,50.00
29,29,10,2,50.00,50.00
30,30,7,2,50.00,50.00
31,31,8,2,50.00,50.00
32,32,10,1,50.00,50.00
33,33,6,1,100.00,100.00
34,34,10,1,50.00,50.00
35,35,9,1,50.00,50.00
36,36,5,1,100.00,100.00
37,37,12,1,50.00,50.00
38,38,6,1,100.00,100.00
39,39,11,1,50.00,50.00
40,40,7,1,50.00,50.00
41,41,11,1,50.00,50.00
42,42,11,1,50.00,50.00
43,43,10,1,50.00,50.00
44,44,8,1,50.00,50.00
45,45,9,1,50.00,50.00
46,46,9,1,50.00,50.00
47,47,7,1,50.00,50.00
48,48,7,1,50.00,50.00
49,49,10,1,50.00,50.00
50,50,12,1,50.00,50.00
51,51,2,1,100.00,100.00
52,52,2,1,100.00,100.00
53,53,8,1,50.00,50.00
54,54,3,1,100.00,100.00
55,55,1,1,100.00,100.00
56,56,6,1,100.00,100.00
57,57,1,1,100.00,100.00
58,58,1,1,100.00,100.00
59,59,5,1,100.00,100.00
60,60,7,1,50.00,50.00
61,61,7,1,50.00,50.00
62,62,9,1,50.00,50.00
63,63,2,1,100.00,100.00
64,64,5,1,100.00,100.00
65,65,10,1,50.00,50.00
66,66,3,1,100.00,100.00
67,67,6,1,100.00,100.00
68,68,4,1,100.00,100.00
69,69,10,1,50.00,50.00
70,70,4,1,100.00,100.00
71,71,1,2,100.00,100.00
72,72,3,2,100.00,100.00
73,73,4,1,100.00,100.00
74,74,5,3,100.00,100.00
75,75,6,1,100.00,100.00
76,76,8,1,50.00,50.00
77,77,10,1,50.00,50.00
78,78,9,2,50.00,50.00
79,79,12,2,50.00,50.00
80,80,11,1,50.00,50.00
81,81,7,1,50.00,50.00
82,82,1,1,100.00,100.00
83,83,2,3,100.00,100.00
84,84,3,1,100.00,100.00
85,85,4,1,100.00,100.00
86,86,5,3,100.00,100.00
87,87,6,1,100.00,100.00
88,88,8,1,50.00,50.00
89,89,10,1,50.00,50.00
90,90,9,1,50.00,50.00
91,91,12,1,50.00,50.00
92,92,5,1,100.00,100.00
93,93,8,1,50.00,50.00
94,94,1,1,100.00,100.00
95,95,2,1,100.00,100.00
96,96,7,1,50.00,50.00
97,97,10,1,50.00,50.00
98,98,12,1,50.00,50.00
99,99,7,1,50.00,50.00
100,100,1,1,100.00,100.00
101,101,8,1,50.00,50.00
102,102,2,1,100.00,100.00
103,103,6,1,100.00,100.00
104,104,9,1,50.00,50.00
105,105,8,1,50.00,50.00
106,106,2,1,100.00,100.00
107,107,12,1,50.00,50.00
108,108,6,1,100.00,100.00
109,109,8,1,50.00,50.00
110,110,7,1,50.00,50.00
111,111,11,1,50.00,50.00
112,112,1,1,100.00,100.00
113,113,4,1,100.00,100.00
114,114,6,1,100.00,100.00
115,115,5,1,100.00,100.00
116,116,10,1,50.00,50.00
117,117,7,1,50.00,50.00
118,118,10,1,50.00,50.00
119,119,8,1,50.00,50.00
120,120,7,1,50.00,50.00
121,121,9,1,50.00,50.00
122,122,1,1,100.00,100.00
123,123,10,1,50.00,50.00
124,124,3,1,100.00,100.00
125,125,9,1,50.00,50.00
126,126,3,1,100.00,100.00
127,127,3,1,100.00,100.00
128,128,4,1,100.00,100.00
129,129,10,1,50.00,50.00
130,130,3,1,100.00,100.00
131,131,6,1,100.00,100.00
132,132,7,1,50.00,50.00
133,133,2,1,100.00,100.00
134,134,11,1,50.00,50.00
135,135,9,1,50.00,50.00
136,136,6,1,100.00,100.00
137,137,6,1,100.00,100.00
138,138,9,1,50.00,50.00
139,139,2,1,100.00,100.00
140,140,3,1,100.00,100.00
141,141,12,1,50.00,50.00
142,142,7,1,50.00,50.00
143,143,1,1,100.00,100.00
144,144,5,1,100.00,100.00
145,145,4,1,100.00,100.00
146,146,10,1,50.00,50.00
147,147,7,1,50.00,50.00
148,148,2,1,100.00,100.00
149,149,12,1,50.00,50.00
150,150,11,1,50.00,50.00
151,151,1,1,100.00,100.00
152,152,3,1,100.00,100.00
153,153,10,1,50.00,50.00
154,154,3,1,100.00,100.00
155,155,1,1,100.00,100.00
156,156,5,1,100.00,100.00
157,157,2,1,100.00,100.00
158,158,5,1,100.00,100.00
159,159,11,1,50.00,50.00
160,160,8,1,50.00,50.00
161,161,10,1,50.00,50.00
162,162,3,1,100.00,100.00
163,163,3,1,100.00,100.00
164,164,4,1,100.00,100.00
165,165,12,1,50.00,50.00
166,166,6,1,100.00,100.00
167,167,9,1,50.00,50.00
168,168,5,1,100.00,100.00
169,169,9,1,50.00,50.00
170,170,12,1,50.00,50.00
171,171,5,1,100.00,100.00
172,172,4,1,100.00,100.00
173,173,4,1,100.00,100.00
174,174,1,1,100.00,100.00
175,175,8,1,50.00,50.00
176,176,10,1,50.00,50.00
177,177,1,1,100.00,100.00
178,178,2,1,100.00,100.00
179,179,4,1,100.00,100.00
180,180,4,1,100.00,100.00
181,181,4,1,100.00,100.00
182,182,10,1,50.00,50.00
183,183,2,1,100.00,100.00
184,184,7,1,50.00,50.00
185,185,3,1,100.00,100.00
186,186,4,1,100.00,100.00
187,187,1,1,100.00,100.00
188,188,7,1,50.00,50.00
189,189,10,1,50.00,50.00
190,190,12,1,50.00,50.00
191,191,10,1,50.00,50.00
192,192,7,1,50.00,50.00
193,193,7,1,50.00,50.00
194,194,11,1,50.00,50.00
195,195,4,1,100.00,100.00
196,196,12,1,50.00,50.00
197,197,3,1,100.00,100.00
198,198,3,1,100.00,100.00
199,199,2,1,100.00,100.00
200,200,11,1,50.00,50.00
201,201,1,1,100.00,100.00
202,202,8,1,50.00,50.00
203,203,8,1,50.00,50.00
204,204,3,1,100.00,100.00
205,205,8,1,50.00,50.00
206,206,3,1,100.00,100.00
207,207,11,1,50.00,50.00
208,208,2,1,100.00,100.00
209,209,5,1,100.00,100.00
210,210,1,1,100.00,100.00
211,211,2,1,100.00,100.00
212,212,3,1,100.00,100.00
213,213,5,1,100.00,100.00
214,214,8,1,50.00,50.00
215,215,4,1,100.00,100.00
216,216,8,1,50.00,50.00
217,217,9,1,50.00,50.00
218,218,4,1,100.00,100.00
219,219,6,1,100.00,100.00
220,220,6,1,100.00,100.00
221,221,12,1,50.00,50.00
222,222,2,1,100.00,100.00
223,223,8,1,50.00,50.00
224,224,4,1,100.00,100.00
225,225,7,1,50.00,50.00
226,226,1,1,100.00,100.00
227,227,9,1,50.00,50.00
228,228,12,1,50.00,50.00
229,229,5,1,100.00,100.00
230,230,1,1,100.00,100.00
231,231,9,1,50.00,50.00
232,232,5,1,100.00,100.00
233,233,6,1,100.00,100.00
234,234,2,1,100.00,100.00
235,235,4,1,100.00,100.00
236,236,6,1,100.00,100.00
237,237,6,1,100.00,100.00
238,238,11,1,50.00,50.00
239,239,8,1,50.00,50.00
240,240,3,1,100.00,100.00
241,241,1,1,100.00,100.00
242,242,6,1,100.00,100.00
243,243,2,1,100.00,100.00
244,244,3,1,100.00,100.00
245,245,12,1,50.00,50.00
246,246,5,1,100.00,100.00
247,247,5,1,100.00,100.00
248,248,6,1,100.00,100.00
249,249,2,1,100.00,100.00
250,250,12,1,50.00,50.00
251,251,12,1,50.00,50.00
252,252,8,1,50.00,50.00
253,253,1,1,100.00,100.00
254,254,9,1,50.00,50.00
255,255,6,1,100.00,100.00
256,256,1,1,100.00,100.00
257,257,8,1,50.00,50.00
258,258,1,1,100.00,100.00
259,259,4,1,100.00,100.00
260,260,4,1,100.00,100.00
261,261,11,1,50.00,50.00
262,262,3,1,100.00,100.00
263,263,2,1,100.00,100.00
264,264,5,1,100.00,100.00
265,265,3,1,100.00,100.00
266,266,7,1,50.00,50.00
267,267,10,1,50.00,50.00
268,268,8,1,50.00,50.00
269,269,3,1,100.00,100.00
270,270,3,1,100.00,100.00
271,271,6,1,100.00,100.00
272,272,4,1,100.00,100.00
273,273,3,1,100.00,100.00
274,274,4,1,100.00,100.00
275,275,1,1,100.00,100.00
276,276,2,1,100.00,100.00
277,277,10,1,50.00,50.00
278,278,9,1,50.00,50.00
279,279,9,1,50.00,50.00
280,280,11,1,50.00,50.00
281,281,10,1,50.00,50.00
282,282,5,1,100.00,100.00
283,283,7,1,50.00,50.00
284,284,10,1,50.00,50.00
285,285,8,1,50.00,50.00
286,286,8,1,50.00,50.00
287,287,5,1,100.00,100.00
288,288,9,1,50.00,50.00
289,289,2,1,100.00,100.00
290,290,12,1,50.00,50.00
291,291,7,1,50.00,50.00
292,292,6,1,100.00,100.00
293,293,9,1,50.00,50.00
294,294,1,1,100.00,100.00
295,295,3,1,100.00,100.00
296,296,1,1,100.00,100.00
297,297,2,1,100.00,100.00
298,298,4,3,100.00,100.00
299,299,5,3,100.00,100.00
300,300,6,3,100.00,100.00
301,301,10,2,50.00,50.00
302,302,12,1,50.00,50.00
303,303,8,2,50.00,50.00
304,304,11,2,50.00,50.00
305,305,9,2,50.00,50.00
306,306,2,1,100.00,100.00
307,307,1,1,100.00,100.00
308,308,9,1,50.00,50.00
309,309,8,1,50.00,50.00
310,310,11,1,50.00,50.00
311,311,5,1,100.00,100.00
312,312,3,1,100.00,100.00
313,313,6,1,100.00,100.00
314,314,1,3,100.00,100.00
315,315,2,2,100.00,100.00
316,316,3,1,100.00,100.00
317,317,5,3,100.00,100.00
318,318,6,1,100.00,100.00
319,319,12,2,50.00,50.00
320,320,8,1,50.00,50.00
321,321,10,2,50.00,50.00
322,322,1,1,100.00,100.00
323,323,2,1,100.00,100.00
324,324,5,1,100.00,100.00
325,325,7,1,50.00,50.00
326,326,6,1,100.00,100.00
327,327,1,1,100.00,100.00
328,328,5,1,100.00,100.00
329,329,3,1,100.00,100.00
330,330,4,1,100.00,100.00
331,331,1,1,100.00,100.00
332,332,10,1,50.00,50.00
333,333,8,1,50.00,50.00
334,334,6,1,100.00,100.00
335,335,3,1,100.00,100.00
336,336,1,2,100.00,100.00
337,337,2,1,100.00,100.00
338,338,3,1,100.00,100.00
339,339,4,2,100.00,100.00
340,340,5,3,100.00,100.00
341,341,6,3,100.00,100.00
342,342,9,2,50.00,50.00
343,343,10,2,50.00,50.00
344,344,12,1,50.00,50.00
345,345,7,1,50.00,50.00
346,346,8,2,50.00,50.00
347,347,1,1,100.00,100.00
348,348,4,1,100.00,100.00
349,349,6,1,100.00,100.00
350,350,8,1,50.00,50.00
351,351,1,1,100.00,100.00
352,352,9,1,50.00,50.00
353,353,3,1,100.00,100.00
354,354,11,1,50.00,50.00
355,355,1,1,100.00,100.00
356,356,9,1,50.00,50.00
357,357,2,1,100.00,100.00
358,358,7,1,50.00,50.00
359,359,1,1,100.00,100.00
360,360,8,1,50.00,50.00
361,361,8,1,50.00,50.00
362,362,2,1,100.00,100.00
363,363,2,1,100.00,100.00
364,364,5,1,100.00,100.00
365,365,7,1,50.00,50.00
366,366,2,1,100.00,100.00
367,367,10,1,50.00,50.00
368,368,11,1,50.00,50.00
369,369,1,1,100.00,100.00
370,370,9,1,50.00,50.00
371,371,1,3,100.00,100.00
372,372,2,2,100.00,100.00
373,373,3,2,100.00,100.00
374,374,4,1,100.00,100.00
375,375,5,2,100.00,100.00
376,376,6,1,100.00,100.00
377,377,11,2,50.00,50.00
378,378,8,1,50.00,50.00
379,379,9,1,50.00,50.00
380,380,10,1,50.00,50.00
381,381,9,1,50.00,50.00
382,382,4,1,100.00,100.00
383,383,11,1,50.00,50.00
384,384,6,1,100.00,100.00
385,385,9,1,50.00,50.00
386,386,11,1,50.00,50.00
387,387,6,1,100.00,100.00
388,388,3,1,100.00,100.00
389,389,5,1,100.00,100.00
390,390,2,1,100.00,100.00
391,391,1,1,100.00,100.00
392,392,4,1,100.00,100.00
393,393,1,1,100.00,100.00
394,394,12,1,50.00,50.00
395,395,4,1,100.00,100.00
396,396,9,1,50.00,50.00
397,397,3,1,100.00,100.00
398,398,10,1,50.00,50.00
399,399,2,1,100.00,100.00
400,400,2,1,100.00,100.00
401,401,1,1,100.00,100.00
402,402,8,1,50.00,50.00
403,403,11,1,50.00,50.00
404,404,11,1,50.00,50.00
405,405,8,1,50.00,50.00
406,406,9,1,50.00,50.00
407,407,7,1,50.00,50.00
408,408,10,1,50.00,50.00
409,409,10,1,50.00,50.00
410,410,1,1,100.00,100.00
411,411,7,1,50.00,50.00
412,412,8,1,50.00,50.00
413,413,5,1,100.00,100.00
414,414,3,1,100.00,100.00
415,415,8,1,50.00,50.00
416,416,5,1,100.00,100.00
417,417,9,1,50.00,50.00
418,418,4,1,100.00,100.00
419,419,6,1,100.00,100.00
420,420,10,1,50.00,50.00
421,421,7,1,50.00,50.00
422,422,3,1,100.00,100.00
423,423,3,1,100.00,100.00
424,424,3,1,100.00,100.00
425,425,9,1,50.00,50.00
426,426,10,1,50.00,50.00
427,427,9,1,50.00,50.00
428,428,8,1,50.00,50.00
429,429,3,1,100.00,100.00
430,430,11,1,50.00,50.00
431,431,6,1,100.00,100.00
432,432,10,1,50.00,50.00
433,433,6,1,100.00,100.00
434,434,12,1,50.00,50.00
435,435,8,1,50.00,50.00
436,436,10,1,50.00,50.00
437,437,4,1,100.00,100.00
438,438,1,1,100.00,100.00
439,439,1,1,100.00,100.00
440,440,11,1,50.00,50.00
441,441,8,1,50.00,50.00
442,442,9,1,50.00,50.00
443,443,4,1,100.00,100.00
444,444,7,1,50.00,50.00
445,445,8,1,50.00,50.00
446,446,12,1,50.00,50.00
447,447,8,1,50.00,50.00
448,448,4,1,100.00,100.00
449,449,5,1,100.00,100.00
450,450,2,1,100.00,100.00
451,451,7,1,50.00,50.00
452,452,4,1,100.00,100.00
453,453,3,1,100.00,100.00
454,454,2,1,100.00,100.00
455,455,12,1,50.00,50.00
456,456,3,1,100.00,100.00
457,457,4,1,100.00,100.00
458,458,9,1,50.00,50.00
459,459,8,1,50.00,50.00
460,460,1,1,100.00,100.00
461,461,7,1,50.00,50.00
462,462,6,1,100.00,100.00
463,463,4,1,100.00,100.00
464,464,2,1,100.00,100.00
465,465,6,1,100.00,100.00
466,466,9,1,50.00,50.00
467,467,6,1,100.00,100.00
468,468,6,1,100.00,100.00
469,469,3,1,100.00,100.00
470,470,12,1,50.00,50.00
471,471,5,1,100.00,100.00
472,472,11,1,50.00,50.00
473,473,9,1,50.00,50.00
474,474,2,1,100.00,100.00
475,475,11,1,50.00,50.00
476,476,11,1,50.00,50.00
477,477,1,1,100.00,100.00
478,478,3,1,100.00,100.00
479,479,6,1,100.00,100.00
480,480,2,1,100.00,100.00
481,481,8,1,50.00,50.00
482,482,7,1,50.00,50.00
483,483,11,1,50.00,50.00
484,484,8,1,50.00,50.00
485,485,7,1,50.00,50.00
486,486,9,1,50.00,50.00
487,487,1,1,100.00,100.00
488,488,8,1,50.00,50.00
489,489,7,1,50.00,50.00
490,490,3,1,100.00,100.00
491,491,6,1,100.00,100.00
492,492,7,1,50.00,50.00
493,493,6,1,100.00,100.00
494,494,12,1,50.00,50.00
495,495,4,1,100.00,100.00
496,496,7,1,50.00,50.00
497,497,9,1,50.00,50.00
498,498,12,1,50.00,50.00
499,499,12,1,50.00,50.00
500,500,12,1,50.00,50.00
501,501,7,1,50.00,50.00
502,502,10,1,50.00,50.00
503,503,1,1,100.00,100.00
504,504,1,1,100.00,100.00
505,505,5,1,100.00,100.00
506,506,11,1,50.00,50.00
507,507,12,1,50.00,50.00
508,508,9,1,50.00,50.00
509,509,4,1,100.00,100.00
510,510,10,1,50.00,50.00
511,511,1,1,100.00,100.00
512,512,2,2,100.00,100.00
513,513,3,1,100.00,100.00
514,514,4,1,100.00,100.00
515,515,5,1,100.00,100.00
516,516,6,1,100.00,100.00
517,517,8,1,50.00,50.00
518,518,7,1,50.00,50.00
519,519,9,2,50.00,50.00
520,520,12,2,50.00,50.00
521,521,11,1,50.00,50.00
522,522,1,1,100.00,100.00
523,523,8,1,50.00,50.00
524,524,3,1,100.00,100.00
525,525,7,1,50.00,50.00
526,526,3,1,100.00,100.00
527,527,11,1,50.00,50.00
528,528,2,1,100.00,100.00
529,529,6,1,100.00,100.00
530,530,6,1,100.00,100.00
531,531,3,1,100.00,100.00
532,532,6,1,100.00,100.00
533,533,5,1,100.00,100.00
534,534,3,1,100.00,100.00
535,535,6,1,100.00,100.00
536,536,5,1,100.00,100.00
537,537,2,1,100.00,100.00
538,538,3,1,100.00,100.00
539,539,3,1,100.00,100.00
540,540,5,1,100.00,100.00
541,541,2,1,100.00,100.00
542,542,3,1,100.00,100.00
543,543,2,1,100.00,100.00
544,544,1,1,100.00,100.00
545,545,11,1,50.00,50.00
546,546,7,1,50.00,50.00
547,547,1,1,100.00,100.00
548,548,6,1,100.00,100.00
549,549,9,1,50.00,50.00
550,550,12,1,50.00,50.00
551,551,9,1,50.00,50.00
552,552,7,1,50.00,50.00
553,553,3,1,100.00,100.00
554,554,8,1,50.00,50.00
555,555,10,1,50.00,50.00
556,556,5,1,100.00,100.00
557,557,1,1,100.00,100.00
558,558,12,1,50.00,50.00
559,559,9,1,50.00,50.00
560,560,1,3,100.00,100.00
561,561,2,2,100.00,100.00
562,562,3,2,100.00,100.00
563,563,4,3,100.00,100.00
564,564,5,1,100.00,100.00
565,565,6,3,100.00,100.00
566,566,12,1,50.00,50.00
567,567,7,2,50.00,50.00
568,568,9,2,50.00,50.00
569,569,8,1,50.00,50.00
570,570,1,1,100.00,100.00
571,571,1,1,100.00,100.00
572,572,1,1,100.00,100.00
573,573,11,1,50.00,50.00
574,574,2,1,100.00,100.00
575,575,10,1,50.00,50.00
576,576,8,1,50.00,50.00
577,577,5,1,100.00,100.00
578,578,1,1,100.00,100.00
579,579,1,1,100.00,100.00
580,580,1,3,100.00,100.00
581,581,2,3,100.00,100.00
582,582,3,3,100.00,100.00
583,583,4,1,100.00,100.00
584,584,5,3,100.00,100.00
585,585,6,3,100.00,100.00
586,586,12,1,50.00,50.00
587,587,10,2,50.00,50.00
588,588,11,1,50.00,50.00
589,589,7,2,50.00,50.00
590,590,9,1,50.00,50.00
591,591,11,1,50.00,50.00
592,592,11,1,50.00,50.00
593,593,7,1,50.00,50.00
594,594,6,1,100.00,100.00
595,595,7,1,50.00,50.00
596,596,12,1,50.00,50.00
597,597,1,1,100.00,100.00
598,598,3,1,100.00,100.00
599,599,3,1,100.00,100.00
600,600,1,1,100.00,100.00
601,601,4,1,100.00,100.00
602,602,9,1,50.00,50.00
603,603,8,1,50.00,50.00
604,604,5,1,100.00,100.00
605,605,9,1,50.00,50.00
606,606,10,1,50.00,50.00
607,607,1,1,100.00,100.00
608,608,1,1,100.00,100.00
609,609,11,1,50.00,50.00
610,610,3,1,100.00,100.00
611,611,12,1,50.00,50.00
612,612,3,1,100.00,100.00
613,613,6,1,100.00,100.00
614,614,3,1,100.00,100.00
615,615,6,1,100.00,100.00
616,616,2,1,100.00,100.00
617,617,7,1,50.00,50.00
618,618,2,1,100.00,100.00
619,619,1,1,100.00,100.00
620,620,9,1,50.00,50.00
621,621,6,1,100.00,100.00
622,622,1,1,100.00,100.00
623,623,12,1,50.00,50.00
624,624,1,1,100.00,100.00
625,625,7,1,50.00,50.00
626,626,10,1,50.00,50.00
627,627,9,1,50.00,50.00
628,628,11,1,50.00,50.00
629,629,1,1,100.00,100.00
630,630,12,1,50.00,50.00
631,631,4,1,100.00,100.00
632,632,6,1,100.00,100.00
633,633,7,1,50.00,50.00
634,634,2,1,100.00,100.00
635,635,1,1,100.00,100.00
636,636,4,1,100.00,100.00
637,637,11,1,50.00,50.00
638,638,7,1,50.00,50.00
639,639,8,1,50.00,50.00
640,640,5,1,100.00,100.00
641,641,6,1,100.00,100.00
642,642,12,1,50.00,50.00
643,643,10,1,50.00,50.00
644,644,2,1,100.00,100.00
645,645,2,1,100.00,100.00
646,646,1,1,100.00,100.00
647,647,3,2,100.00,100.00
648,648,4,3,100.00,100.00
649,649,5,2,100.00,100.00
650,650,6,3,100.00,100.00
651,651,11,1,50.00,50.00
652,652,10,2,50.00,50.00
653,653,9,1,50.00,50.00
654,654,8,2,50.00,50.00
655,655,7,1,50.00,50.00
656,656,12,2,50.00,50.00
657,657,9,1,50.00,50.00
658,658,12,1,50.00,50.00
659,659,1,1,100.00,100.00
660,660,5,1,100.00,100.00
661,661,3,1,100.00,100.00
662,662,9,1,50.00,50.00
663,663,2,1,100.00,100.00
664,664,8,1,50.00,50.00
665,665,11,1,50.00,50.00
666,666,4,1,100.00,100.00
667,667,2,1,100.00,100.00
668,668,9,1,50.00,50.00
669,669,11,1,50.00,50.00
670,670,2,1,100.00,100.00
671,671,1,1,100.00,100.00
672,672,9,1,50.00,50.00
673,673,4,1,100.00,100.00
674,674,5,1,100.00,100.00
675,675,9,1,50.00,50.00
676,676,3,1,100.00,100.00
677,677,10,1,50.00,50.00
678,678,10,1,50.00,50.00
679,679,10,1,50.00,50.00
680,680,7,1,50.00,50.00
681,681,7,1,50.00,50.00
682,682,2,1,100.00,100.00
683,683,1,1,100.00,100.00
684,684,8,1,50.00,50.00
685,685,6,1,100.00,100.00
686,686,9,1,50.00,50.00
687,687,5,1,100.00,100.00
688,688,10,1,50.00,50.00
689,689,7,1,50.00,50.00
690,690,11,1,50.00,50.00
691,691,7,1,50.00,50.00
692,692,11,1,50.00,50.00
693,693,8,1,50.00,50.00
694,694,9,1,50.00,50.00
695,695,2,1,100.00,100.00
696,696,7,1,50.00,50.00
697,697,3,1,100.00,100.00
698,698,1,2,100.00,100.00
699,699,3,3,100.00,100.00
700,700,4,2,100.00,100.00
701,701,5,2,100.00,100.00
702,702,6,2,100.00,100.00
703,703,10,2,50.00,50.00
704,704,12,2,50.00,50.00
705,705,8,2,50.00,50.00
706,706,4,1,100.00,100.00
707,707,4,1,100.00,100.00
708,708,3,1,100.00,100.00
709,709,8,1,50.00,50.00
710,710,4,1,100.00,100.00
711,711,7,1,50.00,50.00
712,712,7,1,50.00,50.00
713,713,5,1,100.00,100.00
714,714,12,1,50.00,50.00
715,715,5,1,100.00,100.00
716,716,6,1,100.00,100.00
717,717,6,1,100.00,100.00
718,718,10,1,50.00,50.00
719,719,10,1,50.00,50.00
720,720,8,1,50.00,50.00
721,721,8,1,50.00,50.00
722,722,8,1,50.00,50.00
723,723,1,1,100.00,100.00
724,724,6,1,100.00,100.00
725,725,3,1,100.00,100.00
726,726,4,1,100.00,100.00
727,727,7,1,50.00,50.00
728,728,3,1,100.00,100.00
729,729,7,1,50.00,50.00
730,730,5,1,100.00,100.00
731,731,8,1,50.00,50.00
732,732,12,1,50.00,50.00
733,733,1,1,100.00,100.00
734,734,11,1,50.00,50.00
735,735,12,1,50.00,50.00
736,736,4,1,100.00,100.00
737,737,2,1,100.00,100.00
738,738,8,1,50.00,50.00
739,739,4,1,100.00,100.00
740,740,7,1,50.00,50.00
741,741,6,1,100.00,100.00
742,742,3,1,100.00,100.00
743,743,5,1,100.00,100.00
744,744,2,1,100.00,100.00
745,745,4,1,100.00,100.00
746,746,10,1,50.00,50.00
747,747,7,1,50.00,50.00
748,748,2,1,100.00,100.00
749,749,12,1,50.00,50.00
750,750,3,1,100.00,100.00
751,751,12,1,50.00,50.00
752,752,3,1,100.00,100.00
753,753,8,1,50.00,50.00
754,754,4,1,100.00,100.00
755,755,5,1,100.00,100.00
756,756,3,1,100.00,100.00
757,757,9,1,50.00,50.00
758,758,1,1,100.00,100.00
759,759,10,1,50.00,50.00
760,760,5,1,100.00,100.00
761,761,9,1,50.00,50.00
762,762,12,1,50.00,50.00
763,763,10,1,50.00,50.00
764,764,11,1,50.00,50.00
765,765,7,1,50.00,50.00
766,766,1,1,100.00,100.00
767,767,2,1,100.00,100.00
768,768,4,1,100.00,100.00
769,769,6,1,100.00,100.00
770,770,12,1,50.00,50.00
771,771,1,1,100.00,100.00
772,772,3,1,100.00,100.00
773,773,2,1,100.00,100.00
774,774,7,1,50.00,50.00
775,775,12,1,50.00,50.00
776,776,2,1,100.00,100.00
777,777,11,1,50.00,50.00
778,778,2,1,100.00,100.00
779,779,11,1,50.00,50.00
780,780,10,1,50.00,50.00
781,781,2,1,100.00,100.00
782,782,2,1,100.00,100.00
783,783,2,1,100.00,100.00
784,784,1,1,100.00,100.00
785,785,8,1,50.00,50.00
786,786,2,1,100.00,100.00
787,787,2,1,100.00,100.00
788,788,7,1,50.00,50.00
789,789,3,1,100.00,100.00
790,790,6,1,100.00,100.00
791,791,6,1,100.00,100.00
792,792,8,1,50.00,50.00
793,793,10,1,50.00,50.00
794,794,6,1,100.00,100.00
795,795,1,1,100.00,100.00
796,796,11,1,50.00,50.00
797,797,11,1,50.00,50.00
798,798,6,1,100.00,100.00
799,799,4,1,100.00,100.00
800,800,2,1,100.00,100.00
801,801,7,1,50.00,50.00
802,802,9,1,50.00,50.00
803,803,10,1,50.00,50.00
804,804,6,1,100.00,100.00
805,805,10,1,50.00,50.00
806,806,2,1,100.00,100.00
807,807,2,1,100.00,100.00
808,808,3,1,100.00,100.00
809,809,5,1,100.00,100.00
810,810,12,1,50.00,50.00
811,811,11,1,50.00,50.00
812,812,7,1,50.00,50.00
813,813,2,1,100.00,100.00
814,814,4,1,100.00,100.00
815,815,12,1,50.00,50.00
816,816,2,1,100.00,100.00
817,817,9,1,50.00,50.00
818,818,10,1,50.00,50.00
819,819,6,1,100.00,100.00
820,820,5,1,100.00,100.00
821,821,11,1,50.00,50.00
822,822,11,1,50.00,50.00
823,823,5,1,100.00,100.00
824,824,4,1,100.00,100.00
825,825,6,1,100.00,100.00
826,826,5,1,100.00,100.00
827,827,4,1,100.00,100.00
828,828,3,1,100.00,100.00
829,829,4,1,100.00,100.00
830,830,9,1,50.00,50.00
831,831,9,1,50.00,50.00
832,832,12,1,50.00,50.00
833,833,8,1,50.00,50.00
834,834,8,1,50.00,50.00
835,835,1,1,100.00,100.00
836,836,9,1,50.00,50.00
837,837,6,1,100.00,100.00
838,838,2,1,100.00,100.00
839,839,11,1,50.00,50.00
840,840,3,1,100.00,100.00
841,841,3,1,100.00,100.00
842,842,9,1,50.00,50.00
843,843,11,1,50.00,50.00
844,844,11,1,50.00,50.00
845,845,1,1,100.00,100.00
846,846,3,1,100.00,100.00
847,847,6,1,100.00,100.00
848,848,9,1,50.00,50.00
849,849,4,1,100.00,100.00
850,850,9,1,50.00,50.00
851,851,11,1,50.00,50.00
852,852,1,1,100.00,100.00
853,853,11,1,50.00,50.00
854,854,4,1,100.00,100.00
855,855,2,1,100.00,100.00
856,856,7,1,50.00,50.00
857,857,9,1,50.00,50.00
858,858,10,1,50.00,50.00
859,859,1,1,100.00,100.00
860,860,3,1,100.00,100.00
861,861,12,1,50.00,50.00
862,862,10,1,50.00,50.00
863,863,11,1,50.00,50.00
864,864,1,1,100.00,100.00
865,865,11,1,50.00,50.00
866,866,4,1,100.00,100.00
867,867,4,1,100.00,100.00
868,868,4,1,100.00,100.00
869,869,2,1,100.00,100.00
870,870,3,1,100.00,100.00
871,871,11,1,50.00,50.00
872,872,12,1,50.00,50.00
873,873,5,1,100.00,100.00
874,874,9,1,50.00,50.00
875,875,11,1,50.00,50.00
876,876,12,1,50.00,50.00
877,877,10,1,50.00,50.00
878,878,11,1,50.00,50.00
879,879,11,1,50.00,50.00
880,880,7,1,50.00,50.00
881,881,4,1,100.00,100.00
882,882,8,1,50.00,50.00
883,883,10,1,50.00,50.00
884,884,6,1,100.00,100.00
885,885,11,1,50.00,50.00
886,886,3,1,100.00,100.00
887,887,9,1,50.00,50.00
888,888,1,1,100.00,100.00
889,889,11,1,50.00,50.00
890,890,7,1,50.00,50.00
891,891,12,1,50.00,50.00
892,892,2,1,100.00,100.00
893,893,2,1,100.00,100.00
894,894,4,1,100.00,100.00
895,895,4,1,100.00,100.00
896,896,12,1,50.00,50.00
897,897,3,1,100.00,100.00
898,898,7,1,50.00,50.00
899,899,12,1,50.00,50.00
900,900,4,1,100.00,100.00
901,901,9,1,50.00,50.00
902,902,2,1,100.00,100.00
903,903,11,1,50.00,50.00
904,904,11,1,50.00,50.00
905,905,11,1,50.00,50.00
906,906,5,1,100.00,100.00
907,907,4,1,100.00,100.00
908,908,8,1,50.00,50.00
909,909,6,1,100.00,100.00
910,910,2,1,100.00,100.00
911,911,12,1,50.00,50.00
912,912,2,1,100.00,100.00
913,913,10,1,50.00,50.00
914,914,7,1,50.00,50.00
915,915,12,1,50.00,50.00
916,916,4,1,100.00,100.00
917,917,2,1,100.00,100.00
918,918,2,1,100.00,100.00
919,919,10,1,50.00,50.00
920,920,11,1,50.00,50.00
921,921,10,1,50.00,50.00
922,922,2,1,100.00,100.00
923,923,4,1,100.00,100.00
924,924,4,1,100.00,100.00
925,925,8,1,50.00,50.00
926,926,4,1,100.00,100.00
927,927,11,1,50.00,50.00
928,928,4,1,100.00,100.00
929,929,7,1,50.00,50.00
930,930,4,1,100.00,100.00
931,931,3,1,100.00,100.00
932,932,9,1,50.00,50.00
933,933,2,1,100.00,100.00
934,934,1,1,100.00,100.00
935,935,1,1,100.00,100.00
936,936,8,1,50.00,50.00
937,937,4,1,100.00,100.00
938,938,9,1,50.00,50.00
939,939,1,1,100.00,100.00
940,940,1,1,100.00,100.00
941,941,6,1,100.00,100.00
942,942,11,1,50.00,50.00
943,943,2,1,100.00,100.00
944,944,12,1,50.00,50.00
945,945,4,1,100.00,100.00
946,946,5,1,100.00,100.00
947,947,1,1,100.00,100.00
948,948,4,1,100.00,100.00
949,949,11,1,50.00,50.00
950,950,3,1,100.00,100.00
951,951,11,1,50.00,50.00
952,952,5,1,100.00,100.00
953,953,10,1,50.00,50.00
954,954,8,1,50.00,50.00
955,955,7,1,50.00,50.00
956,956,8,1,50.00,50.00
957,957,2,1,100.00,100.00
958,958,6,1,100.00,100.00
959,959,8,1,50.00,50.00
960,960,7,1,50.00,50.00
961,961,9,1,50.00,50.00
962,962,2,1,100.00,100.00
963,963,6,1,100.00,100.00
964,964,6,1,100.00,100.00
965,965,3,1,100.00,100.00
966,966,6,1,100.00,100.00
967,967,2,1,100.00,100.00
968,968,10,1,50.00,50.00
969,969,1,1,100.00,100.00
970,970,7,1,50.00,50.00
971,971,4,1,100.00,100.00
972,972,12,1,50.00,50.00
973,973,6,1,100.00,100.00
974,974,6,1,100.00,100.00
975,975,10,1,50.00,50.00
976,976,2,1,100.00,100.00
977,977,3,1,100.00,100.00
978,978,10,1,50.00,50.00
979,979,5,1,100.00,100.00
980,980,9,1,50.00,50.00
981,981,3,1,100.00,100.00
982,982,9,1,50.00,50.00
983,983,8,1,50.00,50.00
984,984,5,1,100.00,100.00
985,985,2,1,100.00,100.00
986,986,2,1,100.00,100.00
987,987,11,1,50.00,50.00
988,988,10,1,50.00,50.00
989,989,8,1,50.00,50.00
990,990,4,1,100.00,100.00
991,991,3,1,100.00,100.00
992,992,9,1,50.00,50.00
993,993,4,1,100.00,100.00
994,994,7,1,50.00,50.00
995,995,4,1,100.00,100.00
996,996,10,1,50.00,50.00
997,997,8,1,50.00,50.00
998,998,3,1,100.00,100.00
999,999,7,1,50.00,50.00
1000,1000,3,1,100.00,100.00
1001,1001,3,1,100.00,100.00
1002,1002,4,1,100.00,100.00
1003,1003,12,1,50.00,50.00
1004,1004,10,1,50.00,50.00
1005,1005,10,1,50.00,50.00
1006,1006,3,1,100.00,100.00
1007,1007,9,1,50.00,50.00
1008,1008,11,1,50.00,50.00
1009,1009,10,1,50.00,50.00
1010,1010,11,1,50.00,50.00
1011,1011,5,1,100.00,100.00
1012,1012,3,1,100.00,100.00
1013,1013,7,1,50.00,50.00
1014,1014,8,1,50.00,50.00
1015,1015,3,1,100.00,100.00
1016,1016,7,1,50.00,50.00
1017,1017,7,1,50.00,50.00
1018,1018,8,1,50.00,50.00
1019,1019,9,1,50.00,50.00
1020,1020,12,1,50.00,50.00
1021,1021,6,1,100.00,100.00
1022,1022,3,1,100.00,100.00
1023,1023,12,1,50.00,50.00
1024,1024,10,1,50.00,50.00
1025,1025,11,1,50.00,50.00
1026,1026,11,1,50.00,50.00
1027,1027,3,1,100.00,100.00
1028,1028,8,1,50.00,50.00
1029,1029,9,1,50.00,50.00
1030,1030,1,1,100.00,100.00
1031,1031,9,1,50.00,50.00
1032,1032,6,1,100.00,100.00
1033,1033,6,1,100.00,100.00
1034,1034,9,1,50.00,50.00
1035,1035,8,1,50.00,50.00
1036,1036,3,1,100.00,100.00
1037,1037,8,1,50.00,50.00
1038,1038,9,1,50.00,50.00
1039,1039,10,1,50.00,50.00
1040,1040,7,1,50.00,50.00
1041,1041,9,1,50.00,50.00
1042,1042,6,1,100.00,100.00
1043,1043,4,1,100.00,100.00
1044,1044,4,1,100.00,100.00
1045,1045,12,1,50.00,50.00
1046,1046,10,1,50.00,50.00
1047,1047,10,1,50.00,50.00
1048,1048,8,1,50.00,50.00
1049,1049,9,1,50.00,50.00
1050,1050,7,1,50.00,50.00
1051,1051,8,1,50.00,50.00
1052,1052,9,1,50.00,50.00
1053,1053,1,1,100.00,100.00
1054,1054,12,1,50.00,50.00
1055,1055,9,1,50.00,50.00
1056,1056,2,1,100.00,100.00
1057,1057,11,1,50.00,50.00
1058,1058,12,1,50.00,50.00
1059,1059,11,1,50.00,50.00
1060,1060,10,1,50.00,50.00
1061,1061,7,1,50.00,50.00
1062,1062,2,1,100.00,100.00
1063,1063,3,1,100.00,100.00
1064,1064,10,1,50.00,50.00
1065,1065,9,1,50.00,50.00
1066,1066,10,1,50.00,50.00
1067,1067,7,1,50.00,50.00
1068,1068,7,1,50.00,50.00
1069,1069,6,1,100.00,100.00
1070,1070,7,1,50.00,50.00
1071,1071,4,1,100.00,100.00
1072,1072,5,1,100.00,100.00
1073,1073,4,1,100.00,100.00
1074,1074,11,1,50.00,50.00
1075,1075,10,1,50.00,50.00
1076,1076,11,1,50.00,50.00
1077,1077,9,1,50.00,50.00
1078,1078,6,1,100.00,100.00
1079,1079,11,1,50.00,50.00
1080,1080,7,1,50.00,50.00
1081,1081,6,1,100.00,100.00
1082,1082,8,1,50.00,50.00
1083,1083,10,1,50.00,50.00
1084,1084,8,1,50.00,50.00
1085,1085,10,1,50.00,50.00
1086,1086,4,1,100.00,100.00
1087,1087,10,1,50.00,50.00
1088,1088,2,1,100.00,100.00
1089,1089,7,1,50.00,50.00
1090,1090,9,1,50.00,50.00
1091,1091,7,1,50.00,50.00
1092,1092,7,1,50.00,50.00
1093,1093,4,1,100.00,100.00
1094,1094,6,1,100.00,100.00
1095,1095,4,1,100.00,100.00
1096,1096,10,1,50.00,50.00
1097,1097,8,1,50.00,50.00
1098,1098,11,1,50.00,50.00
1099,1099,10,1,50.00,50.00
1100,1100,1,1,100.00,100.00
1101,1101,8,1,50.00,50.00
1102,1102,2,1,100.00,100.00
1103,1103,9,1,50.00,50.00
1104,1104,5,1,100.00,100.00
1105,1105,9,1,50.00,50.00
1106,1106,4,1,100.00,100.00
1107,1107,11,1,50.00,50.00
1108,1108,7,1,50.00,50.00
1109,1109,5,1,100.00,100.00
1110,1110,1,1,100.00,100.00
1111,1111,3,1,100.00,100.00
1112,1112,7,1,50.00,50.00
1113,1113,12,1,50.00,50.00
1114,1114,10,1,50.00,50.00
1115,1115,12,1,50.00,50.00
1116,1116,11,1,50.00,50.00
1117,1117,9,1,50.00,50.00
1118,1118,9,1,50.00,50.00
1119,1119,6,1,100.00,100.00
1120,1120,7,1,50.00,50.00
1121,1121,8,1,50.00,50.00
1122,1122,8,1,50.00,50.00
1123,1123,8,1,50.00,50.00
1124,1124,7,1,50.00,50.00
1125,1125,8,1,50.00,50.00
1126,1126,1,1,100.00,100.00
1127,1127,11,1,50.00,50.00
1128,1128,6,1,100.00,100.00
1129,1129,3,1,100.00,100.00
1130,1130,7,1,50.00,50.00
1131,1131,8,1,50.00,50.00
1132,1132,4,1,100.00,100.00
1133,1133,9,1,50.00,50.00
1134,1134,4,1,100.00,100.00
1135,1135,10,1,50.00,50.00
1136,1136,8,1,50.00,50.00
1137,1137,9,1,50.00,50.00
1138,1138,2,1,100.00,100.00
1139,1139,7,1,50.00,50.00
1140,1140,2,1,100.00,100.00
1141,1141,1,1,100.00,100.00
1142,1142,9,1,50.00,50.00
1143,1143,10,1,50.00,50.00
1144,1144,11,1,50.00,50.00
1145,1145,9,1,50.00,50.00
1146,1146,2,1,100.00,100.00
1147,1147,11,1,50.00,50.00
1148,1148,11,1,50.00,50.00
1149,1149,4,1,100.00,100.00
1150,1150,8,1,50.00,50.00
1151,1151,6,1,100.00,100.00
1152,1152,7,1,50.00,50.00
1153,1153,2,1,100.00,100.00
1154,1154,3,1,100.00,100.00
1155,1155,11,1,50.00,50.00
1156,1156,12,1,50.00,50.00
1157,1157,2,1,100.00,100.00
1158,1158,7,1,50.00,50.00
1159,1159,7,1,50.00,50.00
1160,1160,8,1,50.00,50.00
1161,1161,9,1,50.00,50.00
1162,1162,10,1,50.00,50.00
1163,1163,1,1,100.00,100.00
1164,1164,3,1,100.00,100.00
1165,1165,11,1,50.00,50.00
1166,1166,11,1,50.00,50.00
1167,1167,7,1,50.00,50.00
1168,1168,10,1,50.00,50.00
1169,1169,6,1,100.00,100.00
1170,1170,7,1,50.00,50.00
1171,1171,4,1,100.00,100.00
1172,1172,11,1,50.00,50.00
1173,1173,10,1,50.00,50.00
1174,1174,12,1,50.00,50.00
1175,1175,9,1,50.00,50.00
1176,1176,7,1,50.00,50.00
1177,1177,10,1,50.00,50.00
1178,1178,9,1,50.00,50.00
1179,1179,10,1,50.00,50.00
1180,1180,12,1,50.00,50.00
1181,1181,7,1,50.00,50.00
1182,1182,10,1,50.00,50.00
1183,1183,2,1,100.00,100.00
1184,1184,10,1,50.00,50.00
1185,1185,11,1,50.00,50.00
1186,1186,5,1,100.00,100.00
1187,1187,8,1,50.00,50.00
1188,1188,9,1,50.00,50.00
1189,1189,12,1,50.00,50.00
1190,1190,12,1,50.00,50.00
1191,1191,6,1,100.00,100.00
1192,1192,4,1,100.00,100.00
1193,1193,12,1,50.00,50.00
1194,1194,10,1,50.00,50.00
1195,1195,12,1,50.00,50.00
1196,1196,9,1,50.00,50.00
1197,1197,11,1,50.00,50.00
1198,1198,7,1,50.00,50.00
1199,1199,5,1,100.00,100.00
1200,1200,2,1,100.00,100.00
1201,1201,11,1,50.00,50.00
1202,1202,6,1,100.00,100.00
1203,1203,3,1,100.00,100.00
1204,1204,8,1,50.00,50.00
1205,1205,8,1,50.00,50.00
1206,1206,9,1,50.00,50.00
1207,1207,9,1,50.00,50.00
1208,1208,7,1,50.00,50.00
1209,1209,10,1,50.00,50.00
1210,1210,9,1,50.00,50.00
1211,1211,2,1,100.00,100.00
1212,1212,9,1,50.00,50.00
1213,1213,9,1,50.00,50.00
1214,1214,8,1,50.00,50.00
1215,1215,6,1,100.00,100.00
1216,1216,8,1,50.00,50.00
1217,1217,9,1,50.00,50.00
1218,1218,8,1,50.00,50.00
1219,1219,6,1,100.00,100.00
1220,1220,9,1,50.00,50.00
1221,1221,6,1,100.00,100.00
1222,1222,8,1,50.00,50.00
1223,1223,8,1,50.00,50.00
1224,1224,5,1,100.00,100.00
1225,1225,8,1,50.00,50.00
1226,1226,9,1,50.00,50.00
1227,1227,5,1,100.00,100.00
1228,1228,8,1,50.00,50.00
1229,1229,2,1,100.00,100.00
1230,1230,11,1,50.00,50.00
1231,1231,6,1,100.00,100.00
1232,1232,12,1,50.00,50.00
1233,1233,12,1,50.00,50.00
1234,1234,10,1,50.00,50.00
1235,1235,1,1,100.00,100.00
1236,1236,12,1,50.00,50.00
1237,1237,10,1,50.00,50.00
1238,1238,10,1,50.00,50.00
1239,1239,8,1,50.00,50.00
1240,1240,2,1,100.00,100.00
1241,1241,12,1,50.00,50.00
1242,1242,7,1,50.00,50.00
1243,1243,9,1,50.00,50.00
1244,1244,2,1,100.00,100.00
1245,1245,10,1,50.00,50.00
1246,1246,6,1,100.00,100.00
1247,1247,12,1,50.00,50.00
1248,1248,11,1,50.00,50.00
1249,1249,12,1,50.00,50.00
1250,1250,9,1,50.00,50.00
1251,1251,10,1,50.00,50.00
1252,1252,4,1,100.00,100.00
1253,1253,7,1,50.00,50.00
1254,1254,9,1,50.00,50.00
1255,1255,10,1,50.00,50.00
1256,1256,1,1,100.00,100.00
1257,1257,8,1,50.00,50.00
1258,1258,12,1,50.00,50.00
1259,1259,9,1,50.00,50.00
1260,1260,7,1,50.00,50.00
1261,1261,2,1,100.00,100.00
1262,1262,12,1,50.00,50.00
1263,1263,9,1,50.00,50.00
1264,1264,8,1,50.00,50.00
1265,1265,9,1,50.00,50.00
1266,1266,3,1,100.00,100.00
1267,1267,6,1,100.00,100.00
1268,1268,5,1,100.00,100.00
1269,1269,9,1,50.00,50.00
1270,1270,9,1,50.00,50.00
1271,1271,11,1,50.00,50.00
1272,1272,5,1,100.00,100.00
1273,1273,9,1,50.00,50.00
1274,1274,5,1,100.00,100.00
1275,1275,2,1,100.00,100.00
1276,1276,11,1,50.00,50.00
1277,1277,12,1,50.00,50.00
1278,1278,9,1,50.00,50.00
1279,1279,11,1,50.00,50.00
1280,1280,11,1,50.00,50.00
1281,1281,9,1,50.00,50.00
1282,1282,1,1,100.00,100.00
1283,1283,12,1,50.00,50.00
1284,1284,10,1,50.00,50.00
1285,1285,12,1,50.00,50.00
1286,1286,9,1,50.00,50.00
1287,1287,9,1,50.00,50.00
1288,1288,11,1,50.00,50.00
1289,1289,9,1,50.00,50.00
1290,1290,7,1,50.00,50.00
1291,1291,12,1,50.00,50.00
1292,1292,12,1,50.00,50.00
1293,1293,8,1,50.00,50.00
1294,1294,9,1,50.00,50.00
1295,1295,12,1,50.00,50.00
1296,1296,7,1,50.00,50.00
1297,1297,11,1,50.00,50.00
1298,1298,1,1,100.00,100.00
1299,1299,7,1,50.00,50.00
1300,1300,12,1,50.00,50.00
1301,1301,3,1,100.00,100.00
1302,1302,6,1,100.00,100.00
1303,1303,1,1,100.00,100.00
1304,1304,10,1,50.00,50.00
1305,1305,1,1,100.00,100.00
1306,1306,3,1,100.00,100.00
1307,1307,10,1,50.00,50.00
1308,1308,10,1,50.00,50.00
1309,1309,6,1,100.00,100.00
1310,1310,7,1,50.00,50.00
1311,1311,3,1,100.00,100.00
1312,1312,10,1,50.00,50.00
1313,1313,9,1,50.00,50.00
1314,1314,1,1,100.00,100.00
1315,1315,7,1,50.00,50.00
1316,1316,12,1,50.00,50.00
1317,1317,5,1,100.00,100.00
1318,1318,4,1,100.00,100.00
1319,1319,5,1,100.00,100.00
1320,1320,3,1,100.00,100.00
1321,1321,11,1,50.00,50.00
1322,1322,6,1,100.00,100.00
1323,1323,9,1,50.00,50.00
1324,1324,1,1,100.00,100.00
1325,1325,7,1,50.00,50.00
1326,1326,11,1,50.00,50.00
1327,1327,3,1,100.00,100.00
1328,1328,1,1,100.00,100.00
1329,1329,4,1,100.00,100.00
1330,1330,10,1,50.00,50.00
1331,1331,5,1,100.00,100.00
1332,1332,2,1,100.00,100.00
1333,1333,12,1,50.00,50.00
1334,1334,4,1,100.00,100.00
1335,1335,3,1,100.00,100.00
1336,1336,4,1,100.00,100.00
1337,1337,11,1,50.00,50.00
1338,1338,3,1,100.00,100.00
1339,1339,2,1,100.00,100.00
1340,1340,8,1,50.00,50.00
1341,1341,3,1,100.00,100.00
1342,1342,11,1,50.00,50.00
1343,1343,11,1,50.00,50.00
1344,1344,9,1,50.00,50.00
1345,1345,1,2,100.00,100.00
1346,1346,2,1,100.00,100.00
1347,1347,3,1,100.00,100.00
1348,1348,4,1,100.00,100.00
1349,1349,5,1,100.00,100.00
1350,1350,6,2,100.00,100.00
1351,1351,9,2,50.00,50.00
1352,1352,10,2,50.00,50.00
1353,1353,7,2,50.00,50.00
1354,1354,8,2,50.00,50.00
1355,1355,10,1,50.00,50.00
1356,1356,6,1,100.00,100.00
1357,1357,10,1,50.00,50.00
1358,1358,9,1,50.00,50.00
1359,1359,5,1,100.00,100.00
1360,1360,12,1,50.00,50.00
1361,1361,6,1,100.00,100.00
1362,1362,11,1,50.00,50.00
1363,1363,7,1,50.00,50.00
1364,1364,11,1,50.00,50.00
1365,1365,11,1,50.00,50.00
1366,1366,10,1,50.00,50.00
1367,1367,8,1,50.00,50.00
1368,1368,9,1,50.00,50.00
1369,1369,7,1,50.00,50.00
1370,1370,7,1,50.00,50.00
1371,1371,10,1,50.00,50.00
1372,1372,12,1,50.00,50.00
1373,1373,2,1,100.00,100.00
1374,1374,2,1,100.00,100.00
1375,1375,8,1,50.00,50.00
1376,1376,3,1,100.00,100.00
1377,1377,1,1,100.00,100.00
1378,1378,6,1,100.00,100.00
1379,1379,1,1,100.00,100.00
1380,1380,1,1,100.00,100.00
1381,1381,5,1,100.00,100.00
1382,1382,7,1,50.00,50.00
1383,1383,7,1,50.00,50.00
1384,1384,9,1,50.00,50.00
1385,1385,2,1,100.00,100.00
1386,1386,5,1,100.00,100.00
1387,1387,10,1,50.00,50.00
1388,1388,3,1,100.00,100.00
1389,1389,6,1,100.00,100.00
1390,1390,4,1,100.00,100.00
1391,1391,10,1,50.00,50.00
1392,1392,4,1,100.00,100.00
1393,1393,1,2,100.00,100.00
1394,1394,3,2,100.00,100.00
1395,1395,4,1,100.00,100.00
1396,1396,5,3,100.00,100.00
1397,1397,6,1,100.00,100.00
1398,1398,8,1,50.00,50.00
1399,1399,10,1,50.00,50.00
1400,1400,9,2,50.00,50.00
1401,1401,12,2,50.00,50.00
1402,1402,11,1,50.00,50.00
1403,1403,7,1,50.00,50.00
1404,1404,1,1,100.00,100.00
1405,1405,2,3,100.00,100.00
1406,1406,3,1,100.00,100.00
1407,1407,4,1,100.00,100.00
1408,1408,5,3,100.00,100.00
1409,1409,6,1,100.00,100.00
1410,1410,8,1,50.00,50.00
1411,1411,10,1,50.00,50.00
1412,1412,9,1,50.00,50.00
1413,1413,12,1,50.00,50.00
1414,1414,5,1,100.00,100.00
1415,1415,8,1,50.00,50.00
1416,1416,1,1,100.00,100.00
1417,1417,2,1,100.00,100.00
1418,1418,7,1,50.00,50.00
1419,1419,10,1,50.00,50.00
1420,1420,12,1,50.00,50.00
1421,1421,7,1,50.00,50.00
1422,1422,1,1,100.00,100.00
1423,1423,2,1,100.00,100.00
1424,1424,6,1,100.00,100.00
1425,1425,9,1,50.00,50.00
1426,1426,8,1,50.00,50.00
1427,1427,2,1,100.00,100.00
1428,1428,12,1,50.00,50.00
1429,1429,6,1,100.00,100.00
1430,1430,8,1,50.00,50.00
1431,1431,7,1,50.00,50.00
1432,1432,11,1,50.00,50.00
1433,1433,1,1,100.00,100.00
1434,1434,4,1,100.00,100.00
1435,1435,6,1,100.00,100.00
1436,1436,5,1,100.00,100.00
1437,1437,10,1,50.00,50.00
1438,1438,7,1,50.00,50.00
1439,1439,10,1,50.00,50.00
1440,1440,8,1,50.00,50.00
1441,1441,7,1,50.00,50.00
1442,1442,9,1,50.00,50.00
1443,1443,1,1,100.00,100.00
1444,1444,10,1,50.00,50.00
1445,1445,3,1,100.00,100.00
1446,1446,9,1,50.00,50.00
1447,1447,3,1,100.00,100.00
1448,1448,3,1,100.00,100.00
1449,1449,4,1,100.00,100.00
1450,1450,10,1,50.00,50.00
1451,1451,3,1,100.00,100.00
1452,1452,6,1,100.00,100.00
1453,1453,7,1,50.00,50.00
1454,1454,2,1,100.00,100.00
1455,1455,11,1,50.00,50.00
1456,1456,9,1,50.00,50.00
1457,1457,6,1,100.00,100.00
1458,1458,6,1,100.00,100.00
1459,1459,9,1,50.00,50.00
1460,1460,2,1,100.00,100.00
1461,1461,3,1,100.00,100.00
1462,1462,12,1,50.00,50.00
1463,1463,7,1,50.00,50.00
1464,1464,1,1,100.00,100.00
1465,1465,5,1,100.00,100.00
1466,1466,4,1,100.00,100.00
1467,1467,10,1,50.00,50.00
1468,1468,7,1,50.00,50.00
1469,1469,2,1,100.00,100.00
1470,1470,12,1,50.00,50.00
1471,1471,11,1,50.00,50.00
1472,1472,1,1,100.00,100.00
1473,1473,3,1,100.00,100.00
1474,1474,10,1,50.00,50.00
1475,1475,3,1,100.00,100.00
1476,1476,5,1,100.00,100.00
1477,1477,2,1,100.00,100.00
1478,1478,5,1,100.00,100.00
1479,1479,11,1,50.00,50.00
1480,1480,8,1,50.00,50.00
1481,1481,10,1,50.00,50.00
1482,1482,3,1,100.00,100.00
1483,1483,3,1,100.00,100.00
1484,1484,4,1,100.00,100.00
1485,1485,12,1,50.00,50.00
1486,1486,6,1,100.00,100.00
1487,1487,9,1,50.00,50.00
1488,1488,5,1,100.00,100.00
1489,1489,9,1,50.00,50.00
1490,1490,12,1,50.00,50.00
1491,1491,5,1,100.00,100.00
1492,1492,4,1,100.00,100.00
1493,1493,4,1,100.00,100.00
1494,1494,1,1,100.00,100.00
1495,1495,8,1,50.00,50.00
1496,1496,10,1,50.00,50.00
1497,1497,1,1,100.00,100.00
1498,1498,2,1,100.00,100.00
1499,1499,4,1,100.00,100.00
1500,1500,4,1,100.00,100.00
1501,1501,4,1,100.00,100.00
1502,1502,10,1,50.00,50.00
1503,1503,2,1,100.00,100.00
1504,1504,7,1,50.00,50.00
1505,1505,3,1,100.00,100.00
1506,1506,4,1,100.00,100.00
1507,1507,1,1,100.00,100.00
1508,1508,7,1,50.00,50.00
1509,1509,10,1,50.00,50.00
1510,1510,12,1,50.00,50.00
1511,1511,10,1,50.00,50.00
1512,1512,7,1,50.00,50.00
1513,1513,7,1,50.00,50.00
1514,1514,11,1,50.00,50.00
1515,1515,4,1,100.00,100.00
1516,1516,12,1,50.00,50.00
1517,1517,3,1,100.00,100.00
1518,1518,3,1,100.00,100.00
1519,1519,2,1,100.00,100.00
1520,1520,11,1,50.00,50.00
1521,1521,1,1,100.00,100.00
1522,1522,8,1,50.00,50.00
1523,1523,8,1,50.00,50.00
1524,1524,3,1,100.00,100.00
1525,1525,8,1,50.00,50.00
1526,1526,3,1,100.00,100.00
1527,1527,11,1,50.00,50.00
1528,1528,2,1,100.00,100.00
1529,1529,5,1,100.00,100.00
1530,1530,1,1,100.00,100.00
1531,1531,2,1,100.00,100.00
1532,1532,3,1,100.00,100.00
1533,1533,5,1,100.00,100.00
1534,1534,8,1,50.00,50.00
1535,1535,4,1,100.00,100.00
1536,1536,8,1,50.00,50.00
1537,1537,9,1,50.00,50.00
1538,1538,4,1,100.00,100.00
1539,1539,6,1,100.00,100.00
1540,1540,6,1,100.00,100.00
1541,1541,12,1,50.00,50.00
1542,1542,2,1,100.00,100.00
1543,1543,8,1,50.00,50.00
1544,1544,4,1,100.00,100.00
1545,1545,7,1,50.00,50.00
1546,1546,1,1,100.00,100.00
1547,1547,9,1,50.00,50.00
1548,1548,12,1,50.00,50.00
1549,1549,5,1,100.00,100.00
1550,1550,1,1,100.00,100.00
1551,1551,9,1,50.00,50.00
1552,1552,5,1,100.00,100.00
1553,1553,6,1,100.00,100.00
1554,1554,2,1,100.00,100.00
1555,1555,4,1,100.00,100.00
1556,1556,6,1,100.00,100.00
1557,1557,6,1,100.00,100.00
1558,1558,11,1,50.00,50.00
1559,1559,8,1,50.00,50.00
1560,1560,3,1,100.00,100.00
1561,1561,1,1,100.00,100.00
1562,1562,6,1,100.00,100.00
1563,1563,2,1,100.00,100.00
1564,1564,3,1,100.00,100.00
1565,1565,12,1,50.00,50.00
1566,1566,5,1,100.00,100.00
1567,1567,5,1,100.00,100.00
1568,1568,6,1,100.00,100.00
1569,1569,2,1,100.00,100.00
1570,1570,12,1,50.00,50.00
1571,1571,12,1,50.00,50.00
1572,1572,8,1,50.00,50.00
1573,1573,1,1,100.00,100.00
1574,1574,9,1,50.00,50.00
1575,1575,6,1,100.00,100.00
1576,1576,1,1,100.00,100.00
1577,1577,8,1,50.00,50.00
1578,1578,1,1,100.00,100.00
1579,1579,4,1,100.00,100.00
1580,1580,4,1,100.00,100.00
1581,1581,11,1,50.00,50.00
1582,1582,3,1,100.00,100.00
1583,1583,2,1,100.00,100.00
1584,1584,5,1,100.00,100.00
1585,1585,3,1,100.00,100.00
1586,1586,7,1,50.00,50.00
1587,1587,10,1,50.00,50.00
1588,1588,8,1,50.00,50.00
1589,1589,3,1,100.00,100.00
1590,1590,3,1,100.00,100.00
1591,1591,6,1,100.00,100.00
1592,1592,4,1,100.00,100.00
1593,1593,3,1,100.00,100.00
1594,1594,4,1,100.00,100.00
1595,1595,1,1,100.00,100.00
1596,1596,2,1,100.00,100.00
1597,1597,10,1,50.00,50.00
1598,1598,9,1,50.00,50.00
1599,1599,9,1,50.00,50.00
1600,1600,11,1,50.00,50.00
1601,1601,10,1,50.00,50.00
1602,1602,5,1,100.00,100.00
1603,1603,7,1,50.00,50.00
1604,1604,10,1,50.00,50.00
1605,1605,8,1,50.00,50.00
1606,1606,8,1,50.00,50.00
1607,1607,5,1,100.00,100.00
1608,1608,9,1,50.00,50.00
1609,1609,2,1,100.00,100.00
1610,1610,12,1,50.00,50.00
1611,1611,7,1,50.00,50.00
1612,1612,6,1,100.00,100.00
1613,1613,9,1,50.00,50.00
1614,1614,1,1,100.00,100.00
1615,1615,3,1,100.00,100.00
1616,1616,1,1,100.00,100.00
1617,1617,2,1,100.00,100.00
1618,1618,4,3,100.00,100.00
1619,1619,5,3,100.00,100.00
1620,1620,6,3,100.00,100.00
1621,1621,10,2,50.00,50.00
1622,1622,12,1,50.00,50.00
1623,1623,8,2,50.00,50.00
1624,1624,11,2,50.00,50.00
1625,1625,9,2,50.00,50.00
1626,1626,2,1,100.00,100.00
1627,1627,9,1,50.00,50.00
1628,1628,8,1,50.00,50.00
1629,1629,11,1,50.00,50.00
1630,1630,5,1,100.00,100.00
1631,1631,3,1,100.00,100.00
1632,1632,6,1,100.00,100.00
1633,1633,1,3,100.00,100.00
1634,1634,2,2,100.00,100.00
1635,1635,3,1,100.00,100.00
1636,1636,5,3,100.00,100.00
1637,1637,6,1,100.00,100.00
1638,1638,12,2,50.00,50.00
1639,1639,8,1,50.00,50.00
1640,1640,10,2,50.00,50.00
1641,1641,1,1,100.00,100.00
1642,1642,2,1,100.00,100.00
1643,1643,5,1,100.00,100.00
1644,1644,7,1,50.00,50.00
1645,1645,6,1,100.00,100.00
1646,1646,1,1,100.00,100.00
1647,1647,5,1,100.00,100.00
1648,1648,3,1,100.00,100.00
1649,1649,1,1,100.00,100.00
1650,1650,10,1,50.00,50.00
1651,1651,8,1,50.00,50.00
1652,1652,3,1,100.00,100.00
1653,1653,1,2,100.00,100.00
1654,1654,2,1,100.00,100.00
1655,1655,3,1,100.00,100.00
1656,1656,4,2,100.00,100.00
1657,1657,5,3,100.00,100.00
1658,1658,6,3,100.00,100.00
1659,1659,9,2,50.00,50.00
1660,1660,10,2,50.00,50.00
1661,1661,12,1,50.00,50.00
1662,1662,7,1,50.00,50.00
1663,1663,8,2,50.00,50.00
1664,1664,1,1,100.00,100.00
1665,1665,4,1,100.00,100.00
1666,1666,6,1,100.00,100.00
1667,1667,8,1,50.00,50.00
1668,1668,1,1,100.00,100.00
1669,1669,9,1,50.00,50.00
1670,1670,3,1,100.00,100.00
1671,1671,11,1,50.00,50.00
1672,1672,1,1,100.00,100.00
1673,1673,9,1,50.00,50.00
1674,1674,2,1,100.00,100.00
1675,1675,7,1,50.00,50.00
1676,1676,1,1,100.00,100.00
1677,1677,8,1,50.00,50.00
1678,1678,8,1,50.00,50.00
1679,1679,2,1,100.00,100.00
1680,1680,5,1,100.00,100.00
1681,1681,7,1,50.00,50.00
1682,1682,2,1,100.00,100.00
1683,1683,10,1,50.00,50.00
1684,1684,11,1,50.00,50.00
1685,1685,1,1,100.00,100.00
1686,1686,9,1,50.00,50.00
1687,1687,1,3,100.00,100.00
1688,1688,2,2,100.00,100.00
1689,1689,3,2,100.00,100.00
1690,1690,4,1,100.00,100.00
1691,1691,5,2,100.00,100.00
1692,1692,6,1,100.00,100.00
1693,1693,11,2,50.00,50.00
1694,1694,8,1,50.00,50.00
1695,1695,9,1,50.00,50.00
1696,1696,10,1,50.00,50.00
1697,1697,9,1,50.00,50.00
1698,1698,4,1,100.00,100.00
1699,1699,11,1,50.00,50.00
1700,1700,6,1,100.00,100.00
1701,1701,9,1,50.00,50.00
1702,1702,11,1,50.00,50.00
1703,1703,6,1,100.00,100.00
1704,1704,3,1,100.00,100.00
1705,1705,5,1,100.00,100.00
1706,1706,2,1,100.00,100.00
1707,1707,1,1,100.00,100.00
1708,1708,4,1,100.00,100.00
1709,1709,1,1,100.00,100.00
1710,1710,4,1,100.00,100.00
1711,1711,9,1,50.00,50.00
1712,1712,3,1,100.00,100.00
1713,1713,10,1,50.00,50.00
1714,1714,2,1,100.00,100.00
1715,1715,2,1,100.00,100.00
1716,1716,1,1,100.00,100.00
1717,1717,8,1,50.00,50.00
1718,1718,11,1,50.00,50.00
1719,1719,11,1,50.00,50.00
1720,1720,8,1,50.00,50.00
1721,1721,9,1,50.00,50.00
1722,1722,7,1,50.00,50.00
1723,1723,10,1,50.00,50.00
1724,1724,10,1,50.00,50.00
1725,1725,1,1,100.00,100.00
1726,1726,7,1,50.00,50.00
1727,1727,8,1,50.00,50.00
1728,1728,5,1,100.00,100.00
1729,1729,3,1,100.00,100.00
1730,1730,8,1,50.00,50.00
1731,1731,5,1,100.00,100.00
1732,1732,9,1,50.00,50.00
1733,1733,4,1,100.00,100.00
1734,1734,6,1,100.00,100.00
1735,1735,10,1,50.00,50.00
1736,1736,7,1,50.00,50.00
1737,1737,3,1,100.00,100.00
1738,1738,3,1,100.00,100.00
1739,1739,3,1,100.00,100.00
1740,1740,9,1,50.00,50.00
1741,1741,10,1,50.00,50.00
1742,1742,9,1,50.00,50.00
1743,1743,8,1,50.00,50.00
1744,1744,3,1,100.00,100.00
1745,1745,11,1,50.00,50.00
1746,1746,6,1,100.00,100.00
1747,1747,10,1,50.00,50.00
1748,1748,6,1,100.00,100.00
1749,1749,12,1,50.00,50.00
1750,1750,8,1,50.00,50.00
1751,1751,10,1,50.00,50.00
1752,1752,4,1,100.00,100.00
1753,1753,1,1,100.00,100.00
1754,1754,1,1,100.00,100.00
1755,1755,11,1,50.00,50.00
1756,1756,8,1,50.00,50.00
1757,1757,9,1,50.00,50.00
1758,1758,4,1,100.00,100.00
1759,1759,7,1,50.00,50.00
1760,1760,8,1,50.00,50.00
1761,1761,12,1,50.00,50.00
1762,1762,8,1,50.00,50.00
1763,1763,4,1,100.00,100.00
1764,1764,5,1,100.00,100.00
1765,1765,2,1,100.00,100.00
1766,1766,7,1,50.00,50.00
1767,1767,4,1,100.00,100.00
1768,1768,3,1,100.00,100.00
1769,1769,2,1,100.00,100.00
1770,1770,12,1,50.00,50.00
1771,1771,3,1,100.00,100.00
1772,1772,4,1,100.00,100.00
1773,1773,9,1,50.00,50.00
1774,1774,8,1,50.00,50.00
1775,1775,1,1,100.00,100.00
1776,1776,7,1,50.00,50.00
1777,1777,6,1,100.00,100.00
1778,1778,4,1,100.00,100.00
1779,1779,2,1,100.00,100.00
1780,1780,6,1,100.00,100.00
1781,1781,9,1,50.00,50.00
1782,1782,6,1,100.00,100.00
1783,1783,6,1,100.00,100.00
1784,1784,3,1,100.00,100.00
1785,1785,12,1,50.00,50.00
1786,1786,5,1,100.00,100.00
1787,1787,11,1,50.00,50.00
1788,1788,9,1,50.00,50.00
1789,1789,2,1,100.00,100.00
1790,1790,11,1,50.00,50.00
1791,1791,11,1,50.00,50.00
1792,1792,1,1,100.00,100.00
1793,1793,3,1,100.00,100.00
1794,1794,6,1,100.00,100.00
1795,1795,2,1,100.00,100.00
1796,1796,8,1,50.00,50.00
1797,1797,7,1,50.00,50.00
1798,1798,11,1,50.00,50.00
1799,1799,8,1,50.00,50.00
1800,1800,7,1,50.00,50.00
1801,1801,9,1,50.00,50.00
1802,1802,1,1,100.00,100.00
1803,1803,8,1,50.00,50.00
1804,1804,7,1,50.00,50.00
1805,1805,3,1,100.00,100.00
1806,1806,6,1,100.00,100.00
1807,1807,7,1,50.00,50.00
1808,1808,6,1,100.00,100.00
1809,1809,12,1,50.00,50.00
1810,1810,4,1,100.00,100.00
1811,1811,7,1,50.00,50.00
1812,1812,9,1,50.00,50.00
1813,1813,12,1,50.00,50.00
1814,1814,12,1,50.00,50.00
1815,1815,12,1,50.00,50.00
1816,1816,7,1,50.00,50.00
1817,1817,10,1,50.00,50.00
1818,1818,1,1,100.00,100.00
1819,1819,1,1,100.00,100.00
1820,1820,5,1,100.00,100.00
1821,1821,11,1,50.00,50.00
1822,1822,12,1,50.00,50.00
1823,1823,9,1,50.00,50.00
1824,1824,4,1,100.00,100.00
1825,1825,10,1,50.00,50.00
1826,1826,1,1,100.00,100.00
1827,1827,2,2,100.00,100.00
1828,1828,3,1,100.00,100.00
1829,1829,4,1,100.00,100.00
1830,1830,5,1,100.00,100.00
1831,1831,6,1,100.00,100.00
1832,1832,8,1,50.00,50.00
1833,1833,7,1,50.00,50.00
1834,1834,9,2,50.00,50.00
1835,1835,12,2,50.00,50.00
1836,1836,11,1,50.00,50.00
1837,1837,1,1,100.00,100.00
1838,1838,8,1,50.00,50.00
1839,1839,3,1,100.00,100.00
1840,1840,7,1,50.00,50.00
1841,1841,8,1,50.00,50.00
1842,1842,3,1,100.00,100.00
1843,1843,11,1,50.00,50.00
1844,1844,2,1,100.00,100.00
1845,1845,6,1,100.00,100.00
1846,1846,6,1,100.00,100.00
1847,1847,3,1,100.00,100.00
1848,1848,6,1,100.00,100.00
1849,1849,5,1,100.00,100.00
1850,1850,3,1,100.00,100.00
1851,1851,6,1,100.00,100.00
1852,1852,5,1,100.00,100.00
1853,1853,2,1,100.00,100.00
1854,1854,3,1,100.00,100.00
1855,1855,3,1,100.00,100.00
1856,1856,5,1,100.00,100.00
1857,1857,2,1,100.00,100.00
1858,1858,3,1,100.00,100.00
1859,1859,2,1,100.00,100.00
1860,1860,1,1,100.00,100.00
1861,1861,11,1,50.00,50.00
1862,1862,7,1,50.00,50.00
1863,1863,1,1,100.00,100.00
1864,1864,6,1,100.00,100.00
1865,1865,9,1,50.00,50.00
1866,1866,12,1,50.00,50.00
1867,1867,9,1,50.00,50.00
1868,1868,7,1,50.00,50.00
1869,1869,3,1,100.00,100.00
1870,1870,8,1,50.00,50.00
1871,1871,10,1,50.00,50.00
1872,1872,5,1,100.00,100.00
1873,1873,1,1,100.00,100.00
1874,1874,3,1,100.00,100.00
1875,1875,12,1,50.00,50.00
1876,1876,9,1,50.00,50.00
1877,1877,1,3,100.00,100.00
1878,1878,2,2,100.00,100.00
1879,1879,3,2,100.00,100.00
1880,1880,4,3,100.00,100.00
1881,1881,5,1,100.00,100.00
1882,1882,6,3,100.00,100.00
1883,1883,12,1,50.00,50.00
1884,1884,7,2,50.00,50.00
1885,1885,9,2,50.00,50.00
1886,1886,8,1,50.00,50.00
1887,1887,1,1,100.00,100.00
1888,1888,1,1,100.00,100.00
1889,1889,1,1,100.00,100.00
1890,1890,11,1,50.00,50.00
1891,1891,2,1,100.00,100.00
1892,1892,10,1,50.00,50.00
1893,1893,8,1,50.00,50.00
1894,1894,5,1,100.00,100.00
1895,1895,1,1,100.00,100.00
1896,1896,1,1,100.00,100.00
1897,1897,1,3,100.00,100.00
1898,1898,2,3,100.00,100.00
1899,1899,3,3,100.00,100.00
1900,1900,4,1,100.00,100.00
1901,1901,5,3,100.00,100.00
1902,1902,6,3,100.00,100.00
1903,1903,12,1,50.00,50.00
1904,1904,10,2,50.00,50.00
1905,1905,11,1,50.00,50.00
1906,1906,7,2,50.00,50.00
1907,1907,9,1,50.00,50.00
1908,1908,11,1,50.00,50.00
1909,1909,11,1,50.00,50.00
1910,1910,7,1,50.00,50.00
1911,1911,6,1,100.00,100.00
1912,1912,7,1,50.00,50.00
1913,1913,1,1,100.00,100.00
1914,1914,3,1,100.00,100.00
1915,1915,3,1,100.00,100.00
1916,1916,1,1,100.00,100.00
1917,1917,4,1,100.00,100.00
1918,1918,9,1,50.00,50.00
1919,1919,8,1,50.00,50.00
1920,1920,5,1,100.00,100.00
1921,1921,9,1,50.00,50.00
1922,1922,10,1,50.00,50.00
1923,1923,1,1,100.00,100.00
1924,1924,1,1,100.00,100.00
1925,1925,11,1,50.00,50.00
1926,1926,3,1,100.00,100.00
1927,1927,12,1,50.00,50.00
1928,1928,3,1,100.00,100.00
1929,1929,6,1,100.00,100.00
1930,1930,3,1,100.00,100.00
1931,1931,6,1,100.00,100.00
1932,1932,2,1,100.00,100.00
1933,1933,7,1,50.00,50.00
1934,1934,2,1,100.00,100.00
1935,1935,1,1,100.00,100.00
1936,1936,9,1,50.00,50.00
1937,1937,6,1,100.00,100.00
1938,1938,1,1,100.00,100.00
1939,1939,12,1,50.00,50.00
1940,1940,1,1,100.00,100.00
1941,1941,7,1,50.00,50.00
1942,1942,10,1,50.00,50.00
1943,1943,9,1,50.00,50.00
1944,1944,11,1,50.00,50.00
1945,1945,5,1,100.00,100.00
1946,1946,1,1,100.00,100.00
1947,1947,12,1,50.00,50.00
1948,1948,4,1,100.00,100.00
1949,1949,6,1,100.00,100.00
1950,1950,7,1,50.00,50.00
1951,1951,2,1,100.00,100.00
1952,1952,1,1,100.00,100.00
1953,1953,4,1,100.00,100.00
1954,1954,11,1,50.00,50.00
1955,1955,7,1,50.00,50.00
1956,1956,8,1,50.00,50.00
1957,1957,5,1,100.00,100.00
1958,1958,6,1,100.00,100.00
1959,1959,12,1,50.00,50.00
1960,1960,10,1,50.00,50.00
1961,1961,2,1,100.00,100.00
1962,1962,2,1,100.00,100.00
1963,1963,1,1,100.00,100.00
1964,1964,3,2,100.00,100.00
1965,1965,4,3,100.00,100.00
1966,1966,5,2,100.00,100.00
1967,1967,6,3,100.00,100.00
1968,1968,11,1,50.00,50.00
1969,1969,10,2,50.00,50.00
1970,1970,9,1,50.00,50.00
1971,1971,8,2,50.00,50.00
1972,1972,7,1,50.00,50.00
1973,1973,12,2,50.00,50.00
1974,1974,9,1,50.00,50.00
1975,1975,12,1,50.00,50.00
1976,1976,1,1,100.00,100.00
1977,1977,5,1,100.00,100.00
1978,1978,3,1,100.00,100.00
1979,1979,9,1,50.00,50.00
1980,1980,2,1,100.00,100.00
1981,1981,8,1,50.00,50.00
1982,1982,11,1,50.00,50.00
1983,1983,4,1,100.00,100.00
1984,1984,2,1,100.00,100.00
1985,1985,9,1,50.00,50.00
1986,1986,11,1,50.00,50.00
1987,1987,2,1,100.00,100.00
1988,1988,1,1,100.00,100.00
1989,1989,9,1,50.00,50.00
1990,1990,4,1,100.00,100.00
1991,1991,5,1,100.00,100.00
1992,1992,9,1,50.00,50.00
1993,1993,11,1,50.00,50.00
1994,1994,3,1,100.00,100.00
1995,1995,10,1,50.00,50.00
1996,1996,10,1,50.00,50.00
1997,1997,10,1,50.00,50.00
1998,1998,7,1,50.00,50.00
1999,1999,7,1,50.00,50.00
2000,2000,2,1,100.00,100.00
2001,2001,1,1,100.00,100.00
2002,2002,8,1,50.00,50.00
2003,2003,6,1,100.00,100.00
2004,2004,9,1,50.00,50.00
2005,2005,5,1,100.00,100.00
2006,2006,10,1,50.00,50.00
2007,2007,4,1,100.00,100.00
2008,2008,7,1,50.00,50.00
2009,2009,11,1,50.00,50.00
2010,2010,7,1,50.00,50.00
2011,2011,11,1,50.00,50.00
2012,2012,8,1,50.00,50.00
2013,2013,9,1,50.00,50.00
2014,2014,2,1,100.00,100.00
2015,2015,7,1,50.00,50.00
2016,2016,3,1,100.00,100.00
2017,2017,1,2,100.00,100.00
2018,2018,3,3,100.00,100.00
2019,2019,4,2,100.00,100.00
2020,2020,5,2,100.00,100.00
2021,2021,6,2,100.00,100.00
2022,2022,10,2,50.00,50.00
2023,2023,12,2,50.00,50.00
2024,2024,8,2,50.00,50.00
2025,2025,4,1,100.00,100.00
2026,2026,4,1,100.00,100.00
2027,2027,3,1,100.00,100.00
2028,2028,8,1,50.00,50.00
2029,2029,4,1,100.00,100.00
2030,2030,7,1,50.00,50.00
2031,2031,7,1,50.00,50.00
2032,2032,5,1,100.00,100.00
2033,2033,12,1,50.00,50.00
2034,2034,5,1,100.00,100.00
2035,2035,6,1,100.00,100.00
2036,2036,6,1,100.00,100.00
2037,2037,10,1,50.00,50.00
2038,2038,10,1,50.00,50.00
2039,2039,8,1,50.00,50.00
2040,2040,8,1,50.00,50.00
2041,2041,8,1,50.00,50.00
2042,2042,1,1,100.00,100.00
2043,2043,6,1,100.00,100.00
2044,2044,3,1,100.00,100.00
2045,2045,4,1,100.00,100.00
2046,2046,7,1,50.00,50.00
2047,2047,3,1,100.00,100.00
2048,2048,7,1,50.00,50.00
2049,2049,5,1,100.00,100.00
2050,2050,8,1,50.00,50.00
2051,2051,12,1,50.00,50.00
2052,2052,1,1,100.00,100.00
2053,2053,11,1,50.00,50.00
2054,2054,12,1,50.00,50.00
2055,2055,4,1,100.00,100.00
2056,2056,5,1,100.00,100.00
2057,2057,2,1,100.00,100.00
2058,2058,4,1,100.00,100.00
2059,2059,7,1,50.00,50.00
2060,2060,4,1,100.00,100.00
2061,2061,6,1,100.00,100.00
2062,2062,3,1,100.00,100.00
2063,2063,5,1,100.00,100.00
2064,2064,2,1,100.00,100.00
2065,2065,4,1,100.00,100.00
2066,2066,10,1,50.00,50.00
2067,2067,7,1,50.00,50.00
2068,2068,2,1,100.00,100.00
2069,2069,12,1,50.00,50.00
2070,2070,3,1,100.00,100.00
2071,2071,12,1,50.00,50.00
2072,2072,3,1,100.00,100.00
2073,2073,8,1,50.00,50.00
2074,2074,4,1,100.00,100.00
2075,2075,5,1,100.00,100.00
2076,2076,3,1,100.00,100.00
2077,2077,9,1,50.00,50.00
2078,2078,1,1,100.00,100.00
2079,2079,10,1,50.00,50.00
2080,2080,5,1,100.00,100.00
2081,2081,9,1,50.00,50.00
2082,2082,12,1,50.00,50.00
2083,2083,10,1,50.00,50.00
2084,2084,11,1,50.00,50.00
2085,2085,7,1,50.00,50.00
2086,2086,1,1,100.00,100.00
2087,2087,2,1,100.00,100.00
2088,2088,4,1,100.00,100.00
2089,2089,6,1,100.00,100.00
2090,2090,12,1,50.00,50.00
2091,2091,1,1,100.00,100.00
2092,2092,3,1,100.00,100.00
2093,2093,2,1,100.00,100.00
2094,2094,7,1,50.00,50.00
2095,2095,12,1,50.00,50.00
2096,2096,2,1,100.00,100.00
2097,2097,11,1,50.00,50.00
2098,2098,2,1,100.00,100.00
2099,2099,11,1,50.00,50.00
2100,2100,10,1,50.00,50.00
2101,2101,2,1,100.00,100.00
2102,2102,2,1,100.00,100.00
2103,2103,2,1,100.00,100.00
2104,2104,1,1,100.00,100.00
2105,2105,8,1,50.00,50.00
2106,2106,2,1,100.00,100.00
2107,2107,2,1,100.00,100.00
2108,2108,7,1,50.00,50.00
2109,2109,3,1,100.00,100.00
2110,2110,6,1,100.00,100.00
2111,2111,6,1,100.00,100.00
2112,2112,8,1,50.00,50.00
2113,2113,10,1,50.00,50.00
2114,2114,6,1,100.00,100.00
2115,2115,1,1,100.00,100.00
2116,2116,11,1,50.00,50.00
2117,2117,11,1,50.00,50.00
2118,2118,6,1,100.00,100.00
2119,2119,4,1,100.00,100.00
2120,2120,2,1,100.00,100.00
2121,2121,7,1,50.00,50.00
2122,2122,9,1,50.00,50.00
2123,2123,10,1,50.00,50.00
2124,2124,6,1,100.00,100.00
2125,2125,10,1,50.00,50.00
2126,2126,2,1,100.00,100.00
2127,2127,2,1,100.00,100.00
2128,2128,3,1,100.00,100.00
2129,2129,5,1,100.00,100.00
2130,2130,12,1,50.00,50.00
2131,2131,11,1,50.00,50.00
2132,2132,7,1,50.00,50.00
2133,2133,2,1,100.00,100.00
2134,2134,4,1,100.00,100.00
2135,2135,12,1,50.00,50.00
2136,2136,2,1,100.00,100.00
2137,2137,9,1,50.00,50.00
2138,2138,10,1,50.00,50.00
2139,2139,6,1,100.00,100.00
2140,2140,5,1,100.00,100.00
2141,2141,11,1,50.00,50.00
2142,2142,11,1,50.00,50.00
2143,2143,5,1,100.00,100.00
2144,2144,4,1,100.00,100.00
2145,2145,6,1,100.00,100.00
2146,2146,5,1,100.00,100.00
2147,2147,4,1,100.00,100.00
2148,2148,3,1,100.00,100.00
2149,2149,4,1,100.00,100.00
2150,2150,9,1,50.00,50.00
2151,2151,9,1,50.00,50.00
2152,2152,12,1,50.00,50.00
2153,2153,8,1,50.00,50.00
2154,2154,8,1,50.00,50.00
2155,2155,1,1,100.00,100.00
2156,2156,9,1,50.00,50.00
2157,2157,6,1,100.00,100.00
2158,2158,2,1,100.00,100.00
2159,2159,11,1,50.00,50.00
2160,2160,3,1,100.00,100.00
2161,2161,3,1,100.00,100.00
2162,2162,9,1,50.00,50.00
2163,2163,11,1,50.00,50.00
2164,2164,11,1,50.00,50.00
2165,2165,1,1,100.00,100.00
2166,2166,3,1,100.00,100.00
2167,2167,6,1,100.00,100.00
2168,2168,9,1,50.00,50.00
2169,2169,4,1,100.00,100.00
2170,2170,9,1,50.00,50.00
2171,2171,11,1,50.00,50.00
2172,2172,1,1,100.00,100.00
2173,2173,11,1,50.00,50.00
2174,2174,4,1,100.00,100.00
2175,2175,2,1,100.00,100.00
2176,2176,7,1,50.00,50.00
2177,2177,9,1,50.00,50.00
2178,2178,10,1,50.00,50.00
2179,2179,1,1,100.00,100.00
2180,2180,3,1,100.00,100.00
2181,2181,12,1,50.00,50.00
2182,2182,10,1,50.00,50.00
2183,2183,11,1,50.00,50.00
2184,2184,1,1,100.00,100.00
2185,2185,11,1,50.00,50.00
2186,2186,4,1,100.00,100.00
2187,2187,4,1,100.00,100.00
2188,2188,4,1,100.00,100.00
2189,2189,2,1,100.00,100.00
2190,2190,3,1,100.00,100.00
2191,2191,11,1,50.00,50.00
2192,2192,12,1,50.00,50.00
2193,2193,5,1,100.00,100.00
2194,2194,9,1,50.00,50.00
2195,2195,11,1,50.00,50.00
2196,2196,12,1,50.00,50.00
2197,2197,10,1,50.00,50.00
2198,2198,11,1,50.00,50.00
2199,2199,11,1,50.00,50.00
2200,2200,7,1,50.00,50.00
2201,2201,4,1,100.00,100.00
2202,2202,8,1,50.00,50.00
2203,2203,10,1,50.00,50.00
2204,2204,6,1,100.00,100.00
2205,2205,3,1,100.00,100.00
2206,2206,9,1,50.00,50.00
2207,2207,1,1,100.00,100.00
2208,2208,11,1,50.00,50.00
2209,2209,7,1,50.00,50.00
2210,2210,12,1,50.00,50.00
2211,2211,2,1,100.00,100.00
2212,2212,2,1,100.00,100.00
2213,2213,4,1,100.00,100.00
2214,2214,4,1,100.00,100.00
2215,2215,12,1,50.00,50.00
2216,2216,3,1,100.00,100.00
2217,2217,7,1,50.00,50.00
2218,2218,12,1,50.00,50.00
2219,2219,4,1,100.00,100.00
2220,2220,9,1,50.00,50.00
2221,2221,5,1,100.00,100.00
2222,2222,2,1,100.00,100.00
2223,2223,11,1,50.00,50.00
2224,2224,11,1,50.00,50.00
2225,2225,11,1,50.00,50.00
2226,2226,5,1,100.00,100.00
2227,2227,4,1,100.00,100.00
2228,2228,3,1,100.00,100.00
2229,2229,8,1,50.00,50.00
2230,2230,6,1,100.00,100.00
2231,2231,2,1,100.00,100.00
2232,2232,12,1,50.00,50.00
2233,2233,2,1,100.00,100.00
2234,2234,10,1,50.00,50.00
2235,2235,7,1,50.00,50.00
2236,2236,12,1,50.00,50.00
2237,2237,4,1,100.00,100.00
2238,2238,2,1,100.00,100.00
2239,2239,2,1,100.00,100.00
2240,2240,3,1,100.00,100.00
2241,2241,10,1,50.00,50.00
2242,2242,10,1,50.00,50.00
2243,2243,11,1,50.00,50.00
2244,2244,10,1,50.00,50.00
2245,2245,2,1,100.00,100.00
2246,2246,4,1,100.00,100.00
2247,2247,4,1,100.00,100.00
2248,2248,8,1,50.00,50.00
2249,2249,4,1,100.00,100.00
2250,2250,4,1,100.00,100.00
2251,2251,11,1,50.00,50.00
2252,2252,4,1,100.00,100.00
2253,2253,7,1,50.00,50.00
2254,2254,4,1,100.00,100.00
2255,2255,3,1,100.00,100.00
2256,2256,9,1,50.00,50.00
2257,2257,2,1,100.00,100.00
2258,2258,1,1,100.00,100.00
2259,2259,1,1,100.00,100.00
2260,2260,8,1,50.00,50.00
2261,2261,4,1,100.00,100.00
2262,2262,11,1,50.00,50.00
2263,2263,9,1,50.00,50.00
2264,2264,1,1,100.00,100.00
2265,2265,1,1,100.00,100.00
2266,2266,6,1,100.00,100.00
2267,2267,11,1,50.00,50.00
2268,2268,2,1,100.00,100.00
2269,2269,12,1,50.00,50.00
2270,2270,4,1,100.00,100.00
2271,2271,5,1,100.00,100.00
2272,2272,2,1,100.00,100.00
2273,2273,1,1,100.00,100.00
2274,2274,7,1,50.00,50.00
2275,2275,4,1,100.00,100.00
2276,2276,11,1,50.00,50.00
2277,2277,3,1,100.00,100.00
2278,2278,11,1,50.00,50.00
2279,2279,5,1,100.00,100.00
2280,2280,8,1,50.00,50.00
2281,2281,7,1,50.00,50.00
2282,2282,8,1,50.00,50.00
2283,2283,2,1,100.00,100.00
2284,2284,6,1,100.00,100.00
2285,2285,8,1,50.00,50.00
2286,2286,7,1,50.00,50.00
2287,2287,9,1,50.00,50.00
2288,2288,2,1,100.00,100.00
2289,2289,6,1,100.00,100.00
2290,2290,6,1,100.00,100.00
2291,2291,3,1,100.00,100.00
2292,2292,6,1,100.00,100.00
2293,2293,8,1,50.00,50.00
2294,2294,2,1,100.00,100.00
2295,2295,10,1,50.00,50.00
2296,2296,1,1,100.00,100.00
2297,2297,7,1,50.00,50.00
2298,2298,4,1,100.00,100.00
2299,2299,12,1,50.00,50.00
2300,2300,6,1,100.00,100.00
2301,2301,6,1,100.00,100.00
2302,2302,10,1,50.00,50.00
2303,2303,2,1,100.00,100.00
2304,2304,3,1,100.00,100.00
2305,2305,10,1,50.00,50.00
2306,2306,5,1,100.00,100.00
2307,2307,9,1,50.00,50.00
2308,2308,3,1,100.00,100.00
2309,2309,8,1,50.00,50.00
2310,2310,5,1,100.00,100.00
2311,2311,2,1,100.00,100.00
2312,2312,2,1,100.00,100.00
2313,2313,11,1,50.00,50.00
2314,2314,10,1,50.00,50.00
2315,2315,8,1,50.00,50.00
2316,2316,4,1,100.00,100.00
2317,2317,3,1,100.00,100.00
2318,2318,9,1,50.00,50.00
2319,2319,4,1,100.00,100.00
2320,2320,4,1,100.00,100.00
2321,2321,7,1,50.00,50.00
2322,2322,4,1,100.00,100.00
2323,2323,8,1,50.00,50.00
2324,2324,10,1,50.00,50.00
2325,2325,10,1,50.00,50.00
2326,2326,10,1,50.00,50.00
2327,2327,1,1,100.00,100.00
2328,2328,9,1,50.00,50.00
2329,2329,3,1,100.00,100.00
2330,2330,7,1,50.00,50.00
2331,2331,10,1,50.00,50.00
2332,2332,8,1,50.00,50.00
2333,2333,2,1,100.00,100.00
2334,2334,3,1,100.00,100.00
2335,2335,9,1,50.00,50.00
2336,2336,7,1,50.00,50.00
2337,2337,3,1,100.00,100.00
2338,2338,1,1,100.00,100.00
2339,2339,2,1,100.00,100.00
2340,2340,6,1,100.00,100.00
2341,2341,2,1,100.00,100.00
2342,2342,1,1,100.00,100.00
2343,2343,8,1,50.00,50.00
2344,2344,9,1,50.00,50.00
2345,2345,4,1,100.00,100.00
2346,2346,12,1,50.00,50.00
2347,2347,4,1,100.00,100.00
2348,2348,11,1,50.00,50.00
2349,2349,2,1,100.00,100.00
2350,2350,3,1,100.00,100.00
2351,2351,3,1,100.00,100.00
2352,2352,12,1,50.00,50.00
2353,2353,1,1,100.00,100.00
2354,2354,4,1,100.00,100.00
2355,2355,11,1,50.00,50.00
2356,2356,9,1,50.00,50.00
2357,2357,7,1,50.00,50.00
2358,2358,2,1,100.00,100.00
2359,2359,1,1,100.00,100.00
2360,2360,5,1,100.00,100.00
2361,2361,9,1,50.00,50.00
2362,2362,12,1,50.00,50.00
2363,2363,1,1,100.00,100.00
2364,2364,7,1,50.00,50.00
2365,2365,4,1,100.00,100.00
2366,2366,12,1,50.00,50.00
2367,2367,3,1,100.00,100.00
2368,2368,2,1,100.00,100.00
2369,2369,6,1,100.00,100.00
2370,2370,11,1,50.00,50.00
2371,2371,7,1,50.00,50.00
2372,2372,7,1,50.00,50.00
2373,2373,10,1,50.00,50.00
2374,2374,3,1,100.00,100.00
2375,2375,3,1,100.00,100.00
2376,2376,12,1,50.00,50.00
2377,2377,10,1,50.00,50.00
2378,2378,9,1,50.00,50.00
2379,2379,5,1,100.00,100.00
2380,2380,3,1,100.00,100.00
2381,2381,7,1,50.00,50.00
2382,2382,6,1,100.00,100.00
2383,2383,8,1,50.00,50.00
2384,2384,1,1,100.00,100.00
2385,2385,11,1,50.00,50.00
2386,2386,10,1,50.00,50.00
2387,2387,8,1,50.00,50.00
2388,2388,3,1,100.00,100.00
2389,2389,7,1,50.00,50.00
2390,2390,3,1,100.00,100.00
2391,2391,3,1,100.00,100.00
2392,2392,4,1,100.00,100.00
2393,2393,12,1,50.00,50.00
2394,2394,11,1,50.00,50.00
2395,2395,10,1,50.00,50.00
2396,2396,10,1,50.00,50.00
2397,2397,3,1,100.00,100.00
2398,2398,9,1,50.00,50.00
2399,2399,11,1,50.00,50.00
2400,2400,10,1,50.00,50.00
2401,2401,11,1,50.00,50.00
2402,2402,5,1,100.00,100.00
2403,2403,3,1,100.00,100.00
2404,2404,7,1,50.00,50.00
2405,2405,8,1,50.00,50.00
2406,2406,3,1,100.00,100.00
2407,2407,7,1,50.00,50.00
2408,2408,7,1,50.00,50.00
2409,2409,8,1,50.00,50.00
2410,2410,9,1,50.00,50.00
2411,2411,12,1,50.00,50.00
2412,2412,6,1,100.00,100.00
2413,2413,11,1,50.00,50.00
2414,2414,1,1,100.00,100.00
2415,2415,3,1,100.00,100.00
2416,2416,12,1,50.00,50.00
2417,2417,10,1,50.00,50.00
2418,2418,11,1,50.00,50.00
2419,2419,11,1,50.00,50.00
2420,2420,3,1,100.00,100.00
2421,2421,8,1,50.00,50.00
2422,2422,9,1,50.00,50.00
2423,2423,1,1,100.00,100.00
2424,2424,9,1,50.00,50.00
2425,2425,6,1,100.00,100.00
2426,2426,6,1,100.00,100.00
2427,2427,9,1,50.00,50.00
2428,2428,8,1,50.00,50.00
2429,2429,3,1,100.00,100.00
2430,2430,8,1,50.00,50.00
2431,2431,9,1,50.00,50.00
2432,2432,10,1,50.00,50.00
2433,2433,7,1,50.00,50.00
2434,2434,9,1,50.00,50.00
2435,2435,11,1,50.00,50.00
2436,2436,6,1,100.00,100.00
2437,2437,4,1,100.00,100.00
2438,2438,4,1,100.00,100.00
2439,2439,12,1,50.00,50.00
2440,2440,10,1,50.00,50.00
2441,2441,10,1,50.00,50.00
2442,2442,5,1,100.00,100.00
2443,2443,8,1,50.00,50.00
2444,2444,9,1,50.00,50.00
2445,2445,7,1,50.00,50.00
2446,2446,8,1,50.00,50.00
2447,2447,9,1,50.00,50.00
2448,2448,4,1,100.00,100.00
2449,2449,1,1,100.00,100.00
2450,2450,12,1,50.00,50.00
2451,2451,9,1,50.00,50.00
2452,2452,2,1,100.00,100.00
2453,2453,5,1,100.00,100.00
2454,2454,11,1,50.00,50.00
2455,2455,12,1,50.00,50.00
2456,2456,3,1,100.00,100.00
2457,2457,11,1,50.00,50.00
2458,2458,10,1,50.00,50.00
2459,2459,7,1,50.00,50.00
2460,2460,2,1,100.00,100.00
2461,2461,3,1,100.00,100.00
2462,2462,10,1,50.00,50.00
2463,2463,9,1,50.00,50.00
2464,2464,10,1,50.00,50.00
2465,2465,7,1,50.00,50.00
2466,2466,7,1,50.00,50.00
2467,2467,6,1,100.00,100.00
2468,2468,7,1,50.00,50.00
2469,2469,4,1,100.00,100.00
2470,2470,5,1,100.00,100.00
2471,2471,4,1,100.00,100.00
2472,2472,11,1,50.00,50.00
2473,2473,10,1,50.00,50.00
2474,2474,11,1,50.00,50.00
2475,2475,9,1,50.00,50.00
2476,2476,6,1,100.00,100.00
2477,2477,11,1,50.00,50.00
2478,2478,3,1,100.00,100.00
2479,2479,7,1,50.00,50.00
2480,2480,6,1,100.00,100.00
2481,2481,9,1,50.00,50.00
2482,2482,8,1,50.00,50.00
2483,2483,12,1,50.00,50.00
2484,2484,10,1,50.00,50.00
2485,2485,8,1,50.00,50.00
2486,2486,10,1,50.00,50.00
2487,2487,4,1,100.00,100.00
2488,2488,10,1,50.00,50.00
2489,2489,12,1,50.00,50.00
2490,2490,2,1,100.00,100.00
2491,2491,7,1,50.00,50.00
2492,2492,9,1,50.00,50.00
2493,2493,7,1,50.00,50.00
2494,2494,7,1,50.00,50.00
2495,2495,4,1,100.00,100.00
2496,2496,6,1,100.00,100.00
2497,2497,4,1,100.00,100.00
2498,2498,10,1,50.00,50.00
2499,2499,8,1,50.00,50.00
2500,2500,11,1,50.00,50.00
2501,2501,10,1,50.00,50.00
2502,2502,1,1,100.00,100.00
2503,2503,8,1,50.00,50.00
2504,2504,2,1,100.00,100.00
2505,2505,12,1,50.00,50.00
2506,2506,9,1,50.00,50.00
2507,2507,5,1,100.00,100.00
2508,2508,9,1,50.00,50.00
2509,2509,4,1,100.00,100.00
2510,2510,11,1,50.00,50.00
2511,2511,7,1,50.00,50.00
2512,2512,5,1,100.00,100.00
2513,2513,1,1,100.00,100.00
2514,2514,3,1,100.00,100.00
2515,2515,7,1,50.00,50.00
2516,2516,11,1,50.00,50.00
2517,2517,12,1,50.00,50.00
2518,2518,8,1,50.00,50.00
2519,2519,10,1,50.00,50.00
2520,2520,12,1,50.00,50.00
2521,2521,11,1,50.00,50.00
2522,2522,9,1,50.00,50.00
2523,2523,9,1,50.00,50.00
2524,2524,3,1,100.00,100.00
2525,2525,6,1,100.00,100.00
2526,2526,7,1,50.00,50.00
2527,2527,8,1,50.00,50.00
2528,2528,8,1,50.00,50.00
2529,2529,8,1,50.00,50.00
2530,2530,7,1,50.00,50.00
2531,2531,8,1,50.00,50.00
2532,2532,1,1,100.00,100.00
2533,2533,11,1,50.00,50.00
2534,2534,6,1,100.00,100.00
2535,2535,3,1,100.00,100.00
2536,2536,7,1,50.00,50.00
2537,2537,8,1,50.00,50.00
2538,2538,4,1,100.00,100.00
2539,2539,9,1,50.00,50.00
2540,2540,4,1,100.00,100.00
2541,2541,10,1,50.00,50.00
2542,2542,8,1,50.00,50.00
2543,2543,2,1,100.00,100.00
2544,2544,9,1,50.00,50.00
2545,2545,2,1,100.00,100.00
2546,2546,7,1,50.00,50.00
2547,2547,7,1,50.00,50.00
2548,2548,2,1,100.00,100.00
2549,2549,1,1,100.00,100.00
2550,2550,9,1,50.00,50.00
2551,2551,10,1,50.00,50.00
2552,2552,11,1,50.00,50.00
2553,2553,9,1,50.00,50.00
2554,2554,2,1,100.00,100.00
2555,2555,11,1,50.00,50.00
2556,2556,11,1,50.00,50.00
2557,2557,4,1,100.00,100.00
2558,2558,5,1,100.00,100.00
2559,2559,8,1,50.00,50.00
2560,2560,6,1,100.00,100.00
2561,2561,7,1,50.00,50.00
2562,2562,2,1,100.00,100.00
2563,2563,3,1,100.00,100.00
2564,2564,12,1,50.00,50.00
2565,2565,11,1,50.00,50.00
2566,2566,12,1,50.00,50.00
2567,2567,2,1,100.00,100.00
2568,2568,7,1,50.00,50.00
2569,2569,8,1,50.00,50.00
2570,2570,11,1,50.00,50.00
2571,2571,11,1,50.00,50.00
2572,2572,9,1,50.00,50.00
2573,2573,10,1,50.00,50.00
2574,2574,1,1,100.00,100.00
2575,2575,3,1,100.00,100.00
2576,2576,11,1,50.00,50.00
2577,2577,11,1,50.00,50.00
2578,2578,7,1,50.00,50.00
2579,2579,10,1,50.00,50.00
2580,2580,6,1,100.00,100.00
2581,2581,6,1,100.00,100.00
2582,2582,7,1,50.00,50.00
2583,2583,4,1,100.00,100.00
2584,2584,11,1,50.00,50.00
2585,2585,10,1,50.00,50.00
2586,2586,12,1,50.00,50.00
2587,2587,9,1,50.00,50.00
2588,2588,7,1,50.00,50.00
2589,2589,2,1,100.00,100.00
2590,2590,10,1,50.00,50.00
2591,2591,9,1,50.00,50.00
2592,2592,10,1,50.00,50.00
2593,2593,12,1,50.00,50.00
2594,2594,7,1,50.00,50.00
2595,2595,10,1,50.00,50.00
2596,2596,2,1,100.00,100.00
2597,2597,10,1,50.00,50.00
2598,2598,11,1,50.00,50.00
2599,2599,5,1,100.00,100.00
2600,2600,8,1,50.00,50.00
2601,2601,9,1,50.00,50.00
2602,2602,12,1,50.00,50.00
2603,2603,12,1,50.00,50.00
2604,2604,6,1,100.00,100.00
2605,2605,4,1,100.00,100.00
2606,2606,12,1,50.00,50.00
2607,2607,3,1,100.00,100.00
2608,2608,10,1,50.00,50.00
2609,2609,12,1,50.00,50.00
2610,2610,11,1,50.00,50.00
2611,2611,4,1,100.00,100.00
2612,2612,7,1,50.00,50.00
2613,2613,5,1,100.00,100.00
2614,2614,2,1,100.00,100.00
2615,2615,11,1,50.00,50.00
2616,2616,6,1,100.00,100.00
2617,2617,3,1,100.00,100.00
2618,2618,8,1,50.00,50.00
2619,2619,8,1,50.00,50.00
2620,2620,9,1,50.00,50.00
2621,2621,9,1,50.00,50.00
2622,2622,7,1,50.00,50.00
2623,2623,11,1,50.00,50.00
2624,2624,10,1,50.00,50.00
2625,2625,7,1,50.00,50.00
2626,2626,9,1,50.00,50.00
2627,2627,10,1,50.00,50.00
2628,2628,2,1,100.00,100.00
2629,2629,9,1,50.00,50.00
2630,2630,9,1,50.00,50.00
2631,2631,8,1,50.00,50.00
2632,2632,6,1,100.00,100.00
2633,2633,8,1,50.00,50.00
2634,2634,2,1,100.00,100.00
2635,2635,12,1,50.00,50.00
2636,2636,12,1,50.00,50.00
2637,2637,9,1,50.00,50.00
2638,2638,8,1,50.00,50.00
2639,2639,6,1,100.00,100.00
2640,2640,9,1,50.00,50.00
2641,2641,7,1,50.00,50.00
2642,2642,11,1,50.00,50.00
2643,2643,6,1,100.00,100.00
2644,2644,8,1,50.00,50.00
2645,2645,8,1,50.00,50.00
2646,2646,5,1,100.00,100.00
2647,2647,8,1,50.00,50.00
2648,2648,9,1,50.00,50.00
2649,2649,12,1,50.00,50.00
2650,2650,5,1,100.00,100.00
2651,2651,8,1,50.00,50.00
2652,2652,2,1,100.00,100.00
2653,2653,5,1,100.00,100.00
2654,2654,11,1,50.00,50.00
2655,2655,6,1,100.00,100.00
2656,2656,3,1,100.00,100.00
2657,2657,12,1,50.00,50.00
2658,2658,12,1,50.00,50.00
2659,2659,12,1,50.00,50.00
2660,2660,10,1,50.00,50.00
2661,2661,1,1,100.00,100.00
2662,2662,12,1,50.00,50.00
2663,2663,10,1,50.00,50.00
2664,2664,10,1,50.00,50.00
2665,2665,8,1,50.00,50.00
2666,2666,2,1,100.00,100.00
2667,2667,12,1,50.00,50.00
2668,2668,7,1,50.00,50.00
2669,2669,9,1,50.00,50.00
2670,2670,2,1,100.00,100.00
2671,2671,10,1,50.00,50.00
2672,2672,6,1,100.00,100.00
2673,2673,12,1,50.00,50.00
2674,2674,11,1,50.00,50.00
2675,2675,12,1,50.00,50.00
2676,2676,9,1,50.00,50.00
2677,2677,10,1,50.00,50.00
2678,2678,4,1,100.00,100.00
2679,2679,10,1,50.00,50.00
2680,2680,7,1,50.00,50.00
2681,2681,9,1,50.00,50.00
2682,2682,10,1,50.00,50.00
2683,2683,1,1,100.00,100.00
2684,2684,8,1,50.00,50.00
2685,2685,6,1,100.00,100.00
2686,2686,12,1,50.00,50.00
2687,2687,9,1,50.00,50.00
2688,2688,7,1,50.00,50.00
2689,2689,3,1,100.00,100.00
2690,2690,11,1,50.00,50.00
2691,2691,2,1,100.00,100.00
2692,2692,12,1,50.00,50.00
2693,2693,9,1,50.00,50.00
2694,2694,8,1,50.00,50.00
2695,2695,8,1,50.00,50.00
2696,2696,9,1,50.00,50.00
2697,2697,3,1,100.00,100.00
2698,2698,6,1,100.00,100.00
2699,2699,5,1,100.00,100.00
2700,2700,9,1,50.00,50.00
2701,2701,9,1,50.00,50.00
2702,2702,11,1,50.00,50.00
2703,2703,3,1,100.00,100.00
2704,2704,8,1,50.00,50.00
2705,2705,1,1,100.00,100.00
2706,2706,11,1,50.00,50.00
2707,2707,5,1,100.00,100.00
2708,2708,9,1,50.00,50.00
2709,2709,5,1,100.00,100.00
2710,2710,2,1,100.00,100.00
2711,2711,11,1,50.00,50.00
2712,2712,12,1,50.00,50.00
2713,2713,9,1,50.00,50.00
2714,2714,11,1,50.00,50.00
2715,2715,3,1,100.00,100.00
2716,2716,12,1,50.00,50.00
2717,2717,11,1,50.00,50.00
2718,2718,11,1,50.00,50.00
2719,2719,9,1,50.00,50.00
2720,2720,6,1,100.00,100.00
2721,2721,8,1,50.00,50.00
2722,2722,1,1,100.00,100.00
2723,2723,12,1,50.00,50.00
2724,2724,10,1,50.00,50.00
2725,2725,12,1,50.00,50.00
2726,2726,12,1,50.00,50.00
2727,2727,9,1,50.00,50.00
2728,2728,9,1,50.00,50.00
2729,2729,11,1,50.00,50.00
2730,2730,9,1,50.00,50.00
2731,2731,12,1,50.00,50.00
2732,2732,7,1,50.00,50.00
2733,2733,12,1,50.00,50.00
2734,2734,12,1,50.00,50.00
2735,2735,8,1,50.00,50.00
2736,2736,7,1,50.00,50.00
2737,2737,9,1,50.00,50.00
2738,2738,9,1,50.00,50.00
2739,2739,3,1,100.00,100.00
2740,2740,12,1,50.00,50.00
2741,2741,9,1,50.00,50.00
2742,2742,11,1,50.00,50.00
2743,2743,7,1,50.00,50.00
2744,2744,11,1,50.00,50.00
2745,2745,1,1,100.00,100.00
2746,2746,7,1,50.00,50.00
2747,2747,12,1,50.00,50.00
2748,2748,3,1,100.00,100.00
2749,2749,6,1,100.00,100.00
2750,2750,10,1,50.00,50.00
2751,2751,5,1,100.00,100.00
2752,2752,12,1,50.00,50.00
2753,2753,1,1,100.00,100.00
2754,2754,3,1,100.00,100.00
2755,2755,10,1,50.00,50.00
2756,2756,6,1,100.00,100.00
2757,2757,4,1,100.00,100.00
2758,2758,10,1,50.00,50.00
2759,2759,5,1,100.00,100.00
2760,2760,6,1,100.00,100.00
2761,2761,7,1,50.00,50.00
2762,2762,3,1,100.00,100.00
2763,2763,10,1,50.00,50.00
2764,2764,9,1,50.00,50.00
2765,2765,12,1,50.00,50.00
2766,2766,1,1,100.00,100.00
2767,2767,5,1,100.00,100.00
2768,2768,7,1,50.00,50.00
2769,2769,12,1,50.00,50.00
2770,2770,10,1,50.00,50.00
2771,2771,5,1,100.00,100.00
2772,2772,10,1,50.00,50.00
2773,2773,4,1,100.00,100.00
2774,2774,5,1,100.00,100.00
2775,2775,3,1,100.00,100.00
2776,2776,11,1,50.00,50.00
2777,2777,7,1,50.00,50.00
2778,2778,6,1,100.00,100.00
2779,2779,6,1,100.00,100.00
2780,2780,9,1,50.00,50.00
2781,2781,11,1,50.00,50.00
2782,2782,7,1,50.00,50.00
2783,2783,5,1,100.00,100.00
2784,2784,1,1,100.00,100.00
2785,2785,7,1,50.00,50.00
2786,2786,1,1,100.00,100.00
2787,2787,12,1,50.00,50.00
2788,2788,11,1,50.00,50.00
2789,2789,10,1,50.00,50.00
2790,2790,1,1,100.00,100.00
2791,2791,7,1,50.00,50.00
2792,2792,11,1,50.00,50.00
2793,2793,3,1,100.00,100.00
2794,2794,1,1,100.00,100.00
2795,2795,4,1,100.00,100.00
2796,2796,10,1,50.00,50.00
2797,2797,5,1,100.00,100.00
2798,2798,2,1,100.00,100.00
2799,2799,12,1,50.00,50.00
2800,2800,4,1,100.00,100.00
2801,2801,3,1,100.00,100.00
2802,2802,4,1,100.00,100.00
2803,2803,11,1,50.00,50.00
2804,2804,3,1,100.00,100.00
2805,2805,2,1,100.00,100.00
2806,2806,8,1,50.00,50.00
2807,2807,3,1,100.00,100.00
2808,2808,11,1,50.00,50.00
2809,2809,11,1,50.00,50.00
2810,2810,9,1,50.00,50.00
2811,2811,1,2,100.00,100.00
2812,2812,2,1,100.00,100.00
2813,2813,3,1,100.00,100.00
2814,2814,4,1,100.00,100.00
2815,2815,5,1,100.00,100.00
2816,2816,6,2,100.00,100.00
2817,2817,9,2,50.00,50.00
2818,2818,10,2,50.00,50.00
2819,2819,7,2,50.00,50.00
2820,2820,8,2,50.00,50.00
2821,2821,10,1,50.00,50.00
2822,2822,6,1,100.00,100.00
2823,2823,10,1,50.00,50.00
2824,2824,9,1,50.00,50.00
2825,2825,5,1,100.00,100.00
2826,2826,12,1,50.00,50.00
2827,2827,6,1,100.00,100.00
2828,2828,11,1,50.00,50.00
2829,2829,7,1,50.00,50.00
2830,2830,11,1,50.00,50.00
2831,2831,11,1,50.00,50.00
2832,2832,10,1,50.00,50.00
2833,2833,8,1,50.00,50.00
2834,2834,9,1,50.00,50.00
2835,2835,7,1,50.00,50.00
2836,2836,7,1,50.00,50.00
2837,2837,10,1,50.00,50.00
2838,2838,12,1,50.00,50.00
2839,2839,2,1,100.00,100.00
2840,2840,2,1,100.00,100.00
2841,2841,8,1,50.00,50.00
2842,2842,3,1,100.00,100.00
2843,2843,1,1,100.00,100.00
2844,2844,6,1,100.00,100.00
2845,2845,1,1,100.00,100.00
2846,2846,1,1,100.00,100.00
2847,2847,5,1,100.00,100.00
2848,2848,7,1,50.00,50.00
2849,2849,7,1,50.00,50.00
2850,2850,9,1,50.00,50.00
2851,2851,2,1,100.00,100.00
2852,2852,5,1,100.00,100.00
2853,2853,10,1,50.00,50.00
2854,2854,3,1,100.00,100.00
2855,2855,6,1,100.00,100.00
2856,2856,4,1,100.00,100.00
2857,2857,10,1,50.00,50.00
2858,2858,4,1,100.00,100.00
2859,2859,1,2,100.00,100.00
2860,2860,3,2,100.00,100.00
2861,2861,4,1,100.00,100.00
2862,2862,5,3,100.00,100.00
2863,2863,6,1,100.00,100.00
2864,2864,8,1,50.00,50.00
2865,2865,10,1,50.00,50.00
2866,2866,9,2,50.00,50.00
2867,2867,12,2,50.00,50.00
2868,2868,11,1,50.00,50.00
2869,2869,7,1,50.00,50.00
2870,2870,1,1,100.00,100.00
2871,2871,2,3,100.00,100.00
2872,2872,3,1,100.00,100.00
2873,2873,4,1,100.00,100.00
2874,2874,5,3,100.00,100.00
2875,2875,6,1,100.00,100.00
2876,2876,8,1,50.00,50.00
2877,2877,10,1,50.00,50.00
2878,2878,9,1,50.00,50.00
2879,2879,12,1,50.00,50.00
2880,2880,5,1,100.00,100.00
2881,2881,8,1,50.00,50.00
2882,2882,1,1,100.00,100.00
2883,2883,2,1,100.00,100.00
2884,2884,7,1,50.00,50.00
2885,2885,10,1,50.00,50.00
2886,2886,12,1,50.00,50.00
2887,2887,7,1,50.00,50.00
2888,2888,1,1,100.00,100.00
2889,2889,2,1,100.00,100.00
2890,2890,6,1,100.00,100.00
2891,2891,9,1,50.00,50.00
2892,2892,8,1,50.00,50.00
2893,2893,2,1,100.00,100.00
2894,2894,12,1,50.00,50.00
2895,2895,6,1,100.00,100.00
2896,2896,8,1,50.00,50.00
2897,2897,7,1,50.00,50.00
2898,2898,11,1,50.00,50.00
2899,2899,1,1,100.00,100.00
2900,2900,4,1,100.00,100.00
2901,2901,6,1,100.00,100.00
2902,2902,5,1,100.00,100.00
2903,2903,10,1,50.00,50.00
2904,2904,7,1,50.00,50.00
2905,2905,10,1,50.00,50.00
2906,2906,8,1,50.00,50.00
2907,2907,7,1,50.00,50.00
2908,2908,9,1,50.00,50.00
2909,2909,1,1,100.00,100.00
2910,2910,10,1,50.00,50.00
2911,2911,3,1,100.00,100.00
2912,2912,9,1,50.00,50.00
2913,2913,3,1,100.00,100.00
2914,2914,3,1,100.00,100.00
2915,2915,4,1,100.00,100.00
2916,2916,10,1,50.00,50.00
2917,2917,3,1,100.00,100.00
2918,2918,6,1,100.00,100.00
2919,2919,7,1,50.00,50.00
2920,2920,2,1,100.00,100.00
2921,2921,11,1,50.00,50.00
2922,2922,9,1,50.00,50.00
2923,2923,6,1,100.00,100.00
2924,2924,6,1,100.00,100.00
2925,2925,9,1,50.00,50.00
2926,2926,2,1,100.00,100.00
2927,2927,3,1,100.00,100.00
2928,2928,12,1,50.00,50.00
2929,2929,7,1,50.00,50.00
2930,2930,1,1,100.00,100.00
2931,2931,5,1,100.00,100.00
2932,2932,4,1,100.00,100.00
2933,2933,10,1,50.00,50.00
2934,2934,7,1,50.00,50.00
2935,2935,2,1,100.00,100.00
2936,2936,12,1,50.00,50.00
2937,2937,11,1,50.00,50.00
2938,2938,1,1,100.00,100.00
2939,2939,3,1,100.00,100.00
2940,2940,10,1,50.00,50.00
2941,2941,3,1,100.00,100.00
2942,2942,5,1,100.00,100.00
2943,2943,2,1,100.00,100.00
2944,2944,5,1,100.00,100.00
2945,2945,11,1,50.00,50.00
2946,2946,8,1,50.00,50.00
2947,2947,10,1,50.00,50.00
2948,2948,3,1,100.00,100.00
2949,2949,3,1,100.00,100.00
2950,2950,4,1,100.00,100.00
2951,2951,12,1,50.00,50.00
2952,2952,6,1,100.00,100.00
2953,2953,9,1,50.00,50.00
2954,2954,5,1,100.00,100.00
2955,2955,9,1,50.00,50.00
2956,2956,12,1,50.00,50.00
2957,2957,5,1,100.00,100.00
2958,2958,4,1,100.00,100.00
2959,2959,4,1,100.00,100.00
2960,2960,1,1,100.00,100.00
2961,2961,8,1,50.00,50.00
2962,2962,10,1,50.00,50.00
2963,2963,1,1,100.00,100.00
2964,2964,2,1,100.00,100.00
2965,2965,4,1,100.00,100.00
2966,2966,4,1,100.00,100.00
2967,2967,4,1,100.00,100.00
2968,2968,10,1,50.00,50.00
2969,2969,2,1,100.00,100.00
2970,2970,7,1,50.00,50.00
2971,2971,3,1,100.00,100.00
2972,2972,4,1,100.00,100.00
2973,2973,1,1,100.00,100.00
2974,2974,7,1,50.00,50.00
2975,2975,10,1,50.00,50.00
2976,2976,12,1,50.00,50.00
2977,2977,10,1,50.00,50.00
2978,2978,7,1,50.00,50.00
2979,2979,7,1,50.00,50.00
2980,2980,11,1,50.00,50.00
2981,2981,4,1,100.00,100.00
2982,2982,12,1,50.00,50.00
2983,2983,3,1,100.00,100.00
2984,2984,3,1,100.00,100.00
2985,2985,2,1,100.00,100.00
2986,2986,11,1,50.00,50.00
2987,2987,1,1,100.00,100.00
2988,2988,8,1,50.00,50.00
2989,2989,8,1,50.00,50.00
2990,2990,3,1,100.00,100.00
2991,2991,8,1,50.00,50.00
2992,2992,3,1,100.00,100.00
2993,2993,11,1,50.00,50.00
2994,2994,2,1,100.00,100.00
2995,2995,5,1,100.00,100.00
2996,2996,1,1,100.00,100.00
2997,2997,2,1,100.00,100.00
2998,2998,3,1,100.00,100.00
2999,2999,5,1,100.00,100.00
3000,3000,8,1,50.00,50.00
3001,3001,4,1,100.00,100.00
3002,3002,8,1,50.00,50.00
3003,3003,9,1,50.00,50.00
3004,3004,4,1,100.00,100.00
3005,3005,6,1,100.00,100.00
3006,3006,6,1,100.00,100.00
3007,3007,12,1,50.00,50.00
3008,3008,2,1,100.00,100.00
3009,3009,8,1,50.00,50.00
3010,3010,4,1,100.00,100.00
3011,3011,7,1,50.00,50.00
3012,3012,1,1,100.00,100.00
3013,3013,9,1,50.00,50.00
3014,3014,12,1,50.00,50.00
3015,3015,5,1,100.00,100.00
3016,3016,1,1,100.00,100.00
3017,3017,9,1,50.00,50.00
3018,3018,5,1,100.00,100.00
3019,3019,6,1,100.00,100.00
3020,3020,2,1,100.00,100.00
3021,3021,4,1,100.00,100.00
3022,3022,6,1,100.00,100.00
3023,3023,6,1,100.00,100.00
3024,3024,11,1,50.00,50.00
3025,3025,8,1,50.00,50.00
3026,3026,3,1,100.00,100.00
3027,3027,1,1,100.00,100.00
3028,3028,6,1,100.00,100.00
3029,3029,2,1,100.00,100.00
3030,3030,3,1,100.00,100.00
3031,3031,12,1,50.00,50.00
3032,3032,5,1,100.00,100.00
3033,3033,5,1,100.00,100.00
3034,3034,6,1,100.00,100.00
3035,3035,2,1,100.00,100.00
3036,3036,12,1,50.00,50.00
3037,3037,12,1,50.00,50.00
3038,3038,8,1,50.00,50.00
3039,3039,1,1,100.00,100.00
3040,3040,9,1,50.00,50.00
3041,3041,6,1,100.00,100.00
3042,3042,1,1,100.00,100.00
3043,3043,8,1,50.00,50.00
3044,3044,1,1,100.00,100.00
3045,3045,4,1,100.00,100.00
3046,3046,4,1,100.00,100.00
3047,3047,11,1,50.00,50.00
3048,3048,3,1,100.00,100.00
3049,3049,2,1,100.00,100.00
3050,3050,5,1,100.00,100.00
3051,3051,3,1,100.00,100.00
3052,3052,7,1,50.00,50.00
3053,3053,10,1,50.00,50.00
3054,3054,8,1,50.00,50.00
3055,3055,3,1,100.00,100.00
3056,3056,3,1,100.00,100.00
3057,3057,6,1,100.00,100.00
3058,3058,4,1,100.00,100.00
3059,3059,3,1,100.00,100.00
3060,3060,4,1,100.00,100.00
3061,3061,1,1,100.00,100.00
3062,3062,2,1,100.00,100.00
3063,3063,10,1,50.00,50.00
3064,3064,9,1,50.00,50.00
3065,3065,11,1,50.00,50.00
3066,3066,10,1,50.00,50.00
3067,3067,5,1,100.00,100.00
3068,3068,7,1,50.00,50.00
3069,3069,10,1,50.00,50.00
3070,3070,8,1,50.00,50.00
3071,3071,8,1,50.00,50.00
3072,3072,5,1,100.00,100.00
3073,3073,9,1,50.00,50.00
3074,3074,2,1,100.00,100.00
3075,3075,12,1,50.00,50.00
3076,3076,7,1,50.00,50.00
3077,3077,6,1,100.00,100.00
3078,3078,9,1,50.00,50.00
3079,3079,1,1,100.00,100.00
3080,3080,3,1,100.00,100.00
3081,3081,1,1,100.00,100.00
3082,3082,2,1,100.00,100.00
3083,3083,4,3,100.00,100.00
3084,3084,5,3,100.00,100.00
3085,3085,6,3,100.00,100.00
3086,3086,10,2,50.00,50.00
3087,3087,12,1,50.00,50.00
3088,3088,8,2,50.00,50.00
3089,3089,11,2,50.00,50.00
3090,3090,9,2,50.00,50.00
3091,3091,2,1,100.00,100.00
3092,3092,9,1,50.00,50.00
3093,3093,8,1,50.00,50.00
3094,3094,11,1,50.00,50.00
3095,3095,5,1,100.00,100.00
3096,3096,3,1,100.00,100.00
3097,3097,6,1,100.00,100.00
3098,3098,1,3,100.00,100.00
3099,3099,2,2,100.00,100.00
3100,3100,3,1,100.00,100.00
3101,3101,5,3,100.00,100.00
3102,3102,6,1,100.00,100.00
3103,3103,12,2,50.00,50.00
3104,3104,8,1,50.00,50.00
3105,3105,10,2,50.00,50.00
3106,3106,1,1,100.00,100.00
3107,3107,2,1,100.00,100.00
3108,3108,5,1,100.00,100.00
3109,3109,7,1,50.00,50.00
3110,3110,6,1,100.00,100.00
3111,3111,1,1,100.00,100.00
3112,3112,5,1,100.00,100.00
3113,3113,3,1,100.00,100.00
3114,3114,1,1,100.00,100.00
3115,3115,10,1,50.00,50.00
3116,3116,8,1,50.00,50.00
3117,3117,3,1,100.00,100.00
3118,3118,1,2,100.00,100.00
3119,3119,2,1,100.00,100.00
3120,3120,3,1,100.00,100.00
3121,3121,4,2,100.00,100.00
3122,3122,5,3,100.00,100.00
3123,3123,6,3,100.00,100.00
3124,3124,9,2,50.00,50.00
3125,3125,10,2,50.00,50.00
3126,3126,12,1,50.00,50.00
3127,3127,7,1,50.00,50.00
3128,3128,8,2,50.00,50.00
3129,3129,1,1,100.00,100.00
3130,3130,4,1,100.00,100.00
3131,3131,6,1,100.00,100.00
3132,3132,8,1,50.00,50.00
3133,3133,1,1,100.00,100.00
3134,3134,9,1,50.00,50.00
3135,3135,3,1,100.00,100.00
3136,3136,11,1,50.00,50.00
3137,3137,1,1,100.00,100.00
3138,3138,9,1,50.00,50.00
3139,3139,2,1,100.00,100.00
3140,3140,7,1,50.00,50.00
3141,3141,1,1,100.00,100.00
3142,3142,8,1,50.00,50.00
3143,3143,8,1,50.00,50.00
3144,3144,2,1,100.00,100.00
3145,3145,5,1,100.00,100.00
3146,3146,7,1,50.00,50.00
3147,3147,2,1,100.00,100.00
3148,3148,10,1,50.00,50.00
3149,3149,1,1,100.00,100.00
3150,3150,9,1,50.00,50.00
3151,3151,1,3,100.00,100.00
3152,3152,2,2,100.00,100.00
3153,3153,3,2,100.00,100.00
3154,3154,4,1,100.00,100.00
3155,3155,5,2,100.00,100.00
3156,3156,6,1,100.00,100.00
3157,3157,11,2,50.00,50.00
3158,3158,8,1,50.00,50.00
3159,3159,9,1,50.00,50.00
3160,3160,10,1,50.00,50.00
3161,3161,9,1,50.00,50.00
3162,3162,4,1,100.00,100.00
3163,3163,11,1,50.00,50.00
3164,3164,6,1,100.00,100.00
3165,3165,9,1,50.00,50.00
3166,3166,11,1,50.00,50.00
3167,3167,6,1,100.00,100.00
3168,3168,3,1,100.00,100.00
3169,3169,5,1,100.00,100.00
3170,3170,2,1,100.00,100.00
3171,3171,1,1,100.00,100.00
3172,3172,4,1,100.00,100.00
3173,3173,1,1,100.00,100.00
3174,3174,4,1,100.00,100.00
3175,3175,9,1,50.00,50.00
3176,3176,3,1,100.00,100.00
3177,3177,10,1,50.00,50.00
3178,3178,2,1,100.00,100.00
3179,3179,2,1,100.00,100.00
3180,3180,1,1,100.00,100.00
3181,3181,8,1,50.00,50.00
3182,3182,11,1,50.00,50.00
3183,3183,11,1,50.00,50.00
3184,3184,8,1,50.00,50.00
3185,3185,9,1,50.00,50.00
3186,3186,7,1,50.00,50.00
3187,3187,10,1,50.00,50.00
3188,3188,10,1,50.00,50.00
3189,3189,1,1,100.00,100.00
3190,3190,7,1,50.00,50.00
3191,3191,8,1,50.00,50.00
3192,3192,5,1,100.00,100.00
3193,3193,3,1,100.00,100.00
3194,3194,8,1,50.00,50.00
3195,3195,5,1,100.00,100.00
3196,3196,9,1,50.00,50.00
3197,3197,4,1,100.00,100.00
3198,3198,6,1,100.00,100.00
3199,3199,10,1,50.00,50.00
3200,3200,7,1,50.00,50.00
3201,3201,3,1,100.00,100.00
3202,3202,3,1,100.00,100.00
3203,3203,3,1,100.00,100.00
3204,3204,9,1,50.00,50.00
3205,3205,10,1,50.00,50.00
3206,3206,9,1,50.00,50.00
3207,3207,8,1,50.00,50.00
3208,3208,3,1,100.00,100.00
3209,3209,6,1,100.00,100.00
3210,3210,10,1,50.00,50.00
3211,3211,6,1,100.00,100.00
3212,3212,12,1,50.00,50.00
3213,3213,8,1,50.00,50.00
3214,3214,10,1,50.00,50.00
3215,3215,4,1,100.00,100.00
3216,3216,1,1,100.00,100.00
3217,3217,1,1,100.00,100.00
3218,3218,11,1,50.00,50.00
3219,3219,8,1,50.00,50.00
3220,3220,9,1,50.00,50.00
3221,3221,4,1,100.00,100.00
3222,3222,7,1,50.00,50.00
3223,3223,8,1,50.00,50.00
3224,3224,12,1,50.00,50.00
3225,3225,8,1,50.00,50.00
3226,3226,4,1,100.00,100.00
3227,3227,5,1,100.00,100.00
3228,3228,2,1,100.00,100.00
3229,3229,7,1,50.00,50.00
3230,3230,4,1,100.00,100.00
3231,3231,3,1,100.00,100.00
3232,3232,2,1,100.00,100.00
3233,3233,12,1,50.00,50.00
3234,3234,3,1,100.00,100.00
3235,3235,4,1,100.00,100.00
3236,3236,9,1,50.00,50.00
3237,3237,8,1,50.00,50.00
3238,3238,1,1,100.00,100.00
3239,3239,7,1,50.00,50.00
3240,3240,6,1,100.00,100.00
3241,3241,4,1,100.00,100.00
3242,3242,2,1,100.00,100.00
3243,3243,6,1,100.00,100.00
3244,3244,9,1,50.00,50.00
3245,3245,6,1,100.00,100.00
3246,3246,6,1,100.00,100.00
3247,3247,3,1,100.00,100.00
3248,3248,12,1,50.00,50.00
3249,3249,5,1,100.00,100.00
3250,3250,11,1,50.00,50.00
3251,3251,9,1,50.00,50.00
3252,3252,2,1,100.00,100.00
3253,3253,11,1,50.00,50.00
3254,3254,11,1,50.00,50.00
3255,3255,1,1,100.00,100.00
3256,3256,3,1,100.00,100.00
3257,3257,6,1,100.00,100.00
3258,3258,2,1,100.00,100.00
3259,3259,8,1,50.00,50.00
3260,3260,7,1,50.00,50.00
3261,3261,11,1,50.00,50.00
3262,3262,8,1,50.00,50.00
3263,3263,7,1,50.00,50.00
3264,3264,9,1,50.00,50.00
3265,3265,1,1,100.00,100.00
3266,3266,8,1,50.00,50.00
3267,3267,7,1,50.00,50.00
3268,3268,3,1,100.00,100.00
3269,3269,6,1,100.00,100.00
3270,3270,6,1,100.00,100.00
3271,3271,12,1,50.00,50.00
3272,3272,4,1,100.00,100.00
3273,3273,7,1,50.00,50.00
3274,3274,9,1,50.00,50.00
3275,3275,12,1,50.00,50.00
3276,3276,12,1,50.00,50.00
3277,3277,12,1,50.00,50.00
3278,3278,7,1,50.00,50.00
3279,3279,10,1,50.00,50.00
3280,3280,1,1,100.00,100.00
3281,3281,1,1,100.00,100.00
3282,3282,5,1,100.00,100.00
3283,3283,11,1,50.00,50.00
3284,3284,12,1,50.00,50.00
3285,3285,9,1,50.00,50.00
3286,3286,4,1,100.00,100.00
3287,3287,10,1,50.00,50.00
3288,3288,1,1,100.00,100.00
3289,3289,2,2,100.00,100.00
3290,3290,3,1,100.00,100.00
3291,3291,4,1,100.00,100.00
3292,3292,5,1,100.00,100.00
3293,3293,6,1,100.00,100.00
3294,3294,8,1,50.00,50.00
3295,3295,7,1,50.00,50.00
3296,3296,9,2,50.00,50.00
3297,3297,12,2,50.00,50.00
3298,3298,11,1,50.00,50.00
3299,3299,1,1,100.00,100.00
3300,3300,8,1,50.00,50.00
3301,3301,3,1,100.00,100.00
3302,3302,7,1,50.00,50.00
3303,3303,8,1,50.00,50.00
3304,3304,6,1,100.00,100.00
3305,3305,3,1,100.00,100.00
3306,3306,11,1,50.00,50.00
3307,3307,2,1,100.00,100.00
3308,3308,6,1,100.00,100.00
3309,3309,6,1,100.00,100.00
3310,3310,3,1,100.00,100.00
3311,3311,6,1,100.00,100.00
3312,3312,5,1,100.00,100.00
3313,3313,3,1,100.00,100.00
3314,3314,6,1,100.00,100.00
3315,3315,5,1,100.00,100.00
3316,3316,2,1,100.00,100.00
3317,3317,3,1,100.00,100.00
3318,3318,5,1,100.00,100.00
3319,3319,2,1,100.00,100.00
3320,3320,3,1,100.00,100.00
3321,3321,2,1,100.00,100.00
3322,3322,1,1,100.00,100.00
3323,3323,11,1,50.00,50.00
3324,3324,7,1,50.00,50.00
3325,3325,1,1,100.00,100.00
3326,3326,6,1,100.00,100.00
3327,3327,9,1,50.00,50.00
3328,3328,12,1,50.00,50.00
3329,3329,9,1,50.00,50.00
3330,3330,7,1,50.00,50.00
3331,3331,3,1,100.00,100.00
3332,3332,8,1,50.00,50.00
3333,3333,10,1,50.00,50.00
3334,3334,5,1,100.00,100.00
3335,3335,1,1,100.00,100.00
3336,3336,3,1,100.00,100.00
3337,3337,12,1,50.00,50.00
3338,3338,9,1,50.00,50.00
3339,3339,1,3,100.00,100.00
3340,3340,2,2,100.00,100.00
3341,3341,3,2,100.00,100.00
3342,3342,4,3,100.00,100.00
3343,3343,5,1,100.00,100.00
3344,3344,6,3,100.00,100.00
3345,3345,12,1,50.00,50.00
3346,3346,7,2,50.00,50.00
3347,3347,9,2,50.00,50.00
3348,3348,8,1,50.00,50.00
3349,3349,1,1,100.00,100.00
3350,3350,1,1,100.00,100.00
3351,3351,1,1,100.00,100.00
3352,3352,11,1,50.00,50.00
3353,3353,2,1,100.00,100.00
3354,3354,10,1,50.00,50.00
3355,3355,8,1,50.00,50.00
3356,3356,5,1,100.00,100.00
3357,3357,1,1,100.00,100.00
3358,3358,1,1,100.00,100.00
3359,3359,1,3,100.00,100.00
3360,3360,2,3,100.00,100.00
3361,3361,3,3,100.00,100.00
3362,3362,4,1,100.00,100.00
3363,3363,5,3,100.00,100.00
3364,3364,6,3,100.00,100.00
3365,3365,12,1,50.00,50.00
3366,3366,10,2,50.00,50.00
3367,3367,11,1,50.00,50.00
3368,3368,7,2,50.00,50.00
3369,3369,9,1,50.00,50.00
3370,3370,11,1,50.00,50.00
3371,3371,11,1,50.00,50.00
3372,3372,7,1,50.00,50.00
3373,3373,6,1,100.00,100.00
3374,3374,7,1,50.00,50.00
3375,3375,1,1,100.00,100.00
3376,3376,3,1,100.00,100.00
3377,3377,3,1,100.00,100.00
3378,3378,1,1,100.00,100.00
3379,3379,4,1,100.00,100.00
3380,3380,9,1,50.00,50.00
3381,3381,8,1,50.00,50.00
3382,3382,5,1,100.00,100.00
3383,3383,9,1,50.00,50.00
3384,3384,10,1,50.00,50.00
3385,3385,1,1,100.00,100.00
3386,3386,1,1,100.00,100.00
3387,3387,11,1,50.00,50.00
3388,3388,3,1,100.00,100.00
3389,3389,3,1,100.00,100.00
3390,3390,12,1,50.00,50.00
3391,3391,3,1,100.00,100.00
3392,3392,6,1,100.00,100.00
3393,3393,3,1,100.00,100.00
3394,3394,6,1,100.00,100.00
3395,3395,2,1,100.00,100.00
3396,3396,7,1,50.00,50.00
3397,3397,2,1,100.00,100.00
3398,3398,1,1,100.00,100.00
3399,3399,9,1,50.00,50.00
3400,3400,6,1,100.00,100.00
3401,3401,1,1,100.00,100.00
3402,3402,12,1,50.00,50.00
3403,3403,12,1,50.00,50.00
3404,3404,1,1,100.00,100.00
3405,3405,7,1,50.00,50.00
3406,3406,10,1,50.00,50.00
3407,3407,9,1,50.00,50.00
3408,3408,10,1,50.00,50.00
3409,3409,11,1,50.00,50.00
3410,3410,5,1,100.00,100.00
3411,3411,1,1,100.00,100.00
3412,3412,12,1,50.00,50.00
3413,3413,4,1,100.00,100.00
3414,3414,6,1,100.00,100.00
3415,3415,7,1,50.00,50.00
3416,3416,2,1,100.00,100.00
3417,3417,1,1,100.00,100.00
3418,3418,4,1,100.00,100.00
3419,3419,11,1,50.00,50.00
3420,3420,7,1,50.00,50.00
3421,3421,8,1,50.00,50.00
3422,3422,5,1,100.00,100.00
3423,3423,6,1,100.00,100.00
3424,3424,10,1,50.00,50.00
3425,3425,4,1,100.00,100.00
3426,3426,2,1,100.00,100.00
3427,3427,2,1,100.00,100.00
3428,3428,1,1,100.00,100.00
3429,3429,3,2,100.00,100.00
3430,3430,4,3,100.00,100.00
3431,3431,5,2,100.00,100.00
3432,3432,6,3,100.00,100.00
3433,3433,11,1,50.00,50.00
3434,3434,10,2,50.00,50.00
3435,3435,9,1,50.00,50.00
3436,3436,8,2,50.00,50.00
3437,3437,7,1,50.00,50.00
3438,3438,12,2,50.00,50.00
3439,3439,9,1,50.00,50.00
3440,3440,12,1,50.00,50.00
3441,3441,1,1,100.00,100.00
3442,3442,5,1,100.00,100.00
3443,3443,3,1,100.00,100.00
3444,3444,9,1,50.00,50.00
3445,3445,2,1,100.00,100.00
3446,3446,8,1,50.00,50.00
3447,3447,11,1,50.00,50.00
3448,3448,4,1,100.00,100.00
3449,3449,2,1,100.00,100.00
3450,3450,9,1,50.00,50.00
3451,3451,11,1,50.00,50.00
3452,3452,2,1,100.00,100.00
3453,3453,1,1,100.00,100.00
3454,3454,9,1,50.00,50.00
3455,3455,4,1,100.00,100.00
3456,3456,5,1,100.00,100.00
3457,3457,9,1,50.00,50.00
3458,3458,11,1,50.00,50.00
3459,3459,3,1,100.00,100.00
3460,3460,10,1,50.00,50.00
3461,3461,10,1,50.00,50.00
3462,3462,10,1,50.00,50.00
3463,3463,7,1,50.00,50.00
3464,3464,7,1,50.00,50.00
3465,3465,2,1,100.00,100.00
3466,3466,1,1,100.00,100.00
3467,3467,8,1,50.00,50.00
3468,3468,6,1,100.00,100.00
3469,3469,9,1,50.00,50.00
3470,3470,5,1,100.00,100.00
3471,3471,10,1,50.00,50.00
3472,3472,4,1,100.00,100.00
3473,3473,7,1,50.00,50.00
3474,3474,11,1,50.00,50.00
3475,3475,7,1,50.00,50.00
3476,3476,11,1,50.00,50.00
3477,3477,8,1,50.00,50.00
3478,3478,9,1,50.00,50.00
3479,3479,2,1,100.00,100.00
3480,3480,7,1,50.00,50.00
3481,3481,3,1,100.00,100.00
3482,3482,1,2,100.00,100.00
3483,3483,3,3,100.00,100.00
3484,3484,4,2,100.00,100.00
3485,3485,5,2,100.00,100.00
3486,3486,6,2,100.00,100.00
3487,3487,10,2,50.00,50.00
3488,3488,12,2,50.00,50.00
3489,3489,8,2,50.00,50.00
3490,3490,4,1,100.00,100.00
3491,3491,4,1,100.00,100.00
3492,3492,3,1,100.00,100.00
3493,3493,8,1,50.00,50.00
3494,3494,4,1,100.00,100.00
3495,3495,7,1,50.00,50.00
3496,3496,7,1,50.00,50.00
3497,3497,5,1,100.00,100.00
3498,3498,12,1,50.00,50.00
3499,3499,5,1,100.00,100.00
3500,3500,6,1,100.00,100.00
3501,3501,6,1,100.00,100.00
3502,3502,10,1,50.00,50.00
3503,3503,10,1,50.00,50.00
3504,3504,8,1,50.00,50.00
3505,3505,8,1,50.00,50.00
3506,3506,8,1,50.00,50.00
3507,3507,1,1,100.00,100.00
3508,3508,6,1,100.00,100.00
3509,3509,3,1,100.00,100.00
3510,3510,4,1,100.00,100.00
3511,3511,7,1,50.00,50.00
3512,3512,3,1,100.00,100.00
3513,3513,7,1,50.00,50.00
3514,3514,5,1,100.00,100.00
3515,3515,5,1,100.00,100.00
3516,3516,8,1,50.00,50.00
3517,3517,12,1,50.00,50.00
3518,3518,1,1,100.00,100.00
3519,3519,11,1,50.00,50.00
3520,3520,12,1,50.00,50.00
3521,3521,4,1,100.00,100.00
3522,3522,5,1,100.00,100.00
3523,3523,2,1,100.00,100.00
3524,3524,4,1,100.00,100.00
3525,3525,7,1,50.00,50.00
3526,3526,4,1,100.00,100.00
3527,3527,6,1,100.00,100.00
3528,3528,3,1,100.00,100.00
3529,3529,5,1,100.00,100.00
3530,3530,2,1,100.00,100.00
3531,3531,4,1,100.00,100.00
3532,3532,10,1,50.00,50.00
3533,3533,7,1,50.00,50.00
3534,3534,2,1,100.00,100.00
3535,3535,12,1,50.00,50.00
3536,3536,3,1,100.00,100.00
3537,3537,12,1,50.00,50.00
3538,3538,3,1,100.00,100.00
3539,3539,8,1,50.00,50.00
3540,3540,4,1,100.00,100.00
3541,3541,5,1,100.00,100.00
3542,3542,3,1,100.00,100.00
3543,3543,9,1,50.00,50.00
3544,3544,1,1,100.00,100.00
3545,3545,5,1,100.00,100.00
3546,3546,9,1,50.00,50.00
3547,3547,12,1,50.00,50.00
3548,3548,10,1,50.00,50.00
3549,3549,11,1,50.00,50.00
3550,3550,7,1,50.00,50.00
3551,3551,1,1,100.00,100.00
3552,3552,2,1,100.00,100.00
3553,3553,4,1,100.00,100.00
3554,3554,6,1,100.00,100.00
3555,3555,12,1,50.00,50.00
3556,3556,7,1,50.00,50.00
3557,3557,1,1,100.00,100.00
3558,3558,3,1,100.00,100.00
3559,3559,2,1,100.00,100.00
3560,3560,7,1,50.00,50.00
3561,3561,12,1,50.00,50.00
3562,3562,2,1,100.00,100.00
3563,3563,11,1,50.00,50.00
3564,3564,11,1,50.00,50.00
3565,3565,2,1,100.00,100.00
3566,3566,11,1,50.00,50.00
3567,3567,10,1,50.00,50.00
3568,3568,2,1,100.00,100.00
3569,3569,2,1,100.00,100.00
3570,3570,2,1,100.00,100.00
3571,3571,1,1,100.00,100.00
3572,3572,8,1,50.00,50.00
3573,3573,9,1,50.00,50.00
3574,3574,2,1,100.00,100.00
3575,3575,2,1,100.00,100.00
3576,3576,2,1,100.00,100.00
3577,3577,7,1,50.00,50.00
3578,3578,6,1,100.00,100.00
3579,3579,3,1,100.00,100.00
3580,3580,6,1,100.00,100.00
3581,3581,6,1,100.00,100.00
3582,3582,8,1,50.00,50.00
3583,3583,10,1,50.00,50.00
3584,3584,6,1,100.00,100.00
3585,3585,1,1,100.00,100.00
3586,3586,11,1,50.00,50.00
3587,3587,11,1,50.00,50.00
3588,3588,6,1,100.00,100.00
3589,3589,4,1,100.00,100.00
3590,3590,2,1,100.00,100.00
3591,3591,7,1,50.00,50.00
3592,3592,9,1,50.00,50.00
3593,3593,10,1,50.00,50.00
3594,3594,6,1,100.00,100.00
3595,3595,10,1,50.00,50.00
3596,3596,2,1,100.00,100.00
3597,3597,2,1,100.00,100.00
3598,3598,3,1,100.00,100.00
3599,3599,5,1,100.00,100.00
3600,3600,12,1,50.00,50.00
3601,3601,10,1,50.00,50.00
3602,3602,7,1,50.00,50.00
3603,3603,2,1,100.00,100.00
3604,3604,4,1,100.00,100.00
3605,3605,12,1,50.00,50.00
3606,3606,2,1,100.00,100.00
3607,3607,9,1,50.00,50.00
3608,3608,10,1,50.00,50.00
3609,3609,6,1,100.00,100.00
3610,3610,5,1,100.00,100.00
3611,3611,11,1,50.00,50.00
3612,3612,9,1,50.00,50.00
3613,3613,11,1,50.00,50.00
3614,3614,5,1,100.00,100.00
3615,3615,4,1,100.00,100.00
3616,3616,11,1,50.00,50.00
3617,3617,6,1,100.00,100.00
3618,3618,5,1,100.00,100.00
3619,3619,4,1,100.00,100.00
3620,3620,3,1,100.00,100.00
3621,3621,4,1,100.00,100.00
3622,3622,9,1,50.00,50.00
3623,3623,9,1,50.00,50.00
3624,3624,12,1,50.00,50.00
3625,3625,8,1,50.00,50.00
3626,3626,8,1,50.00,50.00
3627,3627,1,1,100.00,100.00
3628,3628,9,1,50.00,50.00
3629,3629,6,1,100.00,100.00
3630,3630,1,1,100.00,100.00
3631,3631,2,1,100.00,100.00
3632,3632,11,1,50.00,50.00
3633,3633,3,1,100.00,100.00
3634,3634,3,1,100.00,100.00
3635,3635,9,1,50.00,50.00
3636,3636,11,1,50.00,50.00
3637,3637,1,1,100.00,100.00
3638,3638,3,1,100.00,100.00
3639,3639,6,1,100.00,100.00
3640,3640,9,1,50.00,50.00
3641,3641,4,1,100.00,100.00
3642,3642,9,1,50.00,50.00
3643,3643,11,1,50.00,50.00
3644,3644,1,1,100.00,100.00
3645,3645,11,1,50.00,50.00
3646,3646,4,1,100.00,100.00
3647,3647,2,1,100.00,100.00
3648,3648,7,1,50.00,50.00
3649,3649,9,1,50.00,50.00
3650,3650,10,1,50.00,50.00
3651,3651,1,1,100.00,100.00
3652,3652,3,1,100.00,100.00
3653,3653,12,1,50.00,50.00
3654,3654,10,1,50.00,50.00
3655,3655,11,1,50.00,50.00
3656,3656,1,1,100.00,100.00
3657,3657,11,1,50.00,50.00
3658,3658,4,1,100.00,100.00
3659,3659,4,1,100.00,100.00
3660,3660,4,1,100.00,100.00
3661,3661,2,1,100.00,100.00
3662,3662,3,1,100.00,100.00
3663,3663,11,1,50.00,50.00
3664,3664,12,1,50.00,50.00
3665,3665,5,1,100.00,100.00
3666,3666,9,1,50.00,50.00
3667,3667,11,1,50.00,50.00
3668,3668,12,1,50.00,50.00
3669,3669,10,1,50.00,50.00
3670,3670,11,1,50.00,50.00
3671,3671,11,1,50.00,50.00
3672,3672,7,1,50.00,50.00
3673,3673,4,1,100.00,100.00
3674,3674,8,1,50.00,50.00
3675,3675,10,1,50.00,50.00
3676,3676,6,1,100.00,100.00
3677,3677,3,1,100.00,100.00
3678,3678,9,1,50.00,50.00
3679,3679,1,1,100.00,100.00
3680,3680,11,1,50.00,50.00
3681,3681,7,1,50.00,50.00
3682,3682,12,1,50.00,50.00
3683,3683,2,1,100.00,100.00
3684,3684,2,1,100.00,100.00
3685,3685,4,1,100.00,100.00
3686,3686,4,1,100.00,100.00
3687,3687,12,1,50.00,50.00
3688,3688,3,1,100.00,100.00
3689,3689,7,1,50.00,50.00
3690,3690,12,1,50.00,50.00
3691,3691,4,1,100.00,100.00
3692,3692,9,1,50.00,50.00
3693,3693,5,1,100.00,100.00
3694,3694,2,1,100.00,100.00
3695,3695,11,1,50.00,50.00
3696,3696,11,1,50.00,50.00
3697,3697,11,1,50.00,50.00
3698,3698,5,1,100.00,100.00
3699,3699,4,1,100.00,100.00
3700,3700,3,1,100.00,100.00
3701,3701,2,1,100.00,100.00
3702,3702,8,1,50.00,50.00
3703,3703,6,1,100.00,100.00
3704,3704,2,1,100.00,100.00
3705,3705,12,1,50.00,50.00
3706,3706,2,1,100.00,100.00
3707,3707,5,1,100.00,100.00
3708,3708,10,1,50.00,50.00
3709,3709,1,1,100.00,100.00
3710,3710,7,1,50.00,50.00
3711,3711,12,1,50.00,50.00
3712,3712,4,1,100.00,100.00
3713,3713,2,1,100.00,100.00
3714,3714,2,1,100.00,100.00
3715,3715,3,1,100.00,100.00
3716,3716,10,1,50.00,50.00
3717,3717,10,1,50.00,50.00
3718,3718,11,1,50.00,50.00
3719,3719,10,1,50.00,50.00
3720,3720,2,1,100.00,100.00
3721,3721,4,1,100.00,100.00
3722,3722,4,1,100.00,100.00
3723,3723,8,1,50.00,50.00
3724,3724,4,1,100.00,100.00
3725,3725,4,1,100.00,100.00
3726,3726,11,1,50.00,50.00
3727,3727,4,1,100.00,100.00
3728,3728,7,1,50.00,50.00
3729,3729,4,1,100.00,100.00
3730,3730,3,1,100.00,100.00
3731,3731,9,1,50.00,50.00
3732,3732,2,1,100.00,100.00
3733,3733,1,1,100.00,100.00
3734,3734,1,1,100.00,100.00
3735,3735,8,1,50.00,50.00
3736,3736,4,1,100.00,100.00
3737,3737,11,1,50.00,50.00
3738,3738,9,1,50.00,50.00
3739,3739,1,1,100.00,100.00
3740,3740,1,1,100.00,100.00
3741,3741,6,1,100.00,100.00
3742,3742,11,1,50.00,50.00
3743,3743,2,1,100.00,100.00
3744,3744,12,1,50.00,50.00
3745,3745,4,1,100.00,100.00
3746,3746,5,1,100.00,100.00
3747,3747,2,1,100.00,100.00
3748,3748,1,1,100.00,100.00
3749,3749,7,1,50.00,50.00
3750,3750,4,1,100.00,100.00
3751,3751,11,1,50.00,50.00
3752,3752,3,1,100.00,100.00
3753,3753,2,1,100.00,100.00
3754,3754,11,1,50.00,50.00
3755,3755,5,1,100.00,100.00
3756,3756,8,1,50.00,50.00
3757,3757,7,1,50.00,50.00
3758,3758,8,1,50.00,50.00
3759,3759,2,1,100.00,100.00
3760,3760,6,1,100.00,100.00
3761,3761,8,1,50.00,50.00
3762,3762,7,1,50.00,50.00
3763,3763,9,1,50.00,50.00
3764,3764,2,1,100.00,100.00
3765,3765,6,1,100.00,100.00
3766,3766,9,1,50.00,50.00
3767,3767,6,1,100.00,100.00
3768,3768,3,1,100.00,100.00
3769,3769,6,1,100.00,100.00
3770,3770,8,1,50.00,50.00
3771,3771,2,1,100.00,100.00
3772,3772,10,1,50.00,50.00
3773,3773,1,1,100.00,100.00
3774,3774,3,1,100.00,100.00
3775,3775,7,1,50.00,50.00
3776,3776,4,1,100.00,100.00
3777,3777,12,1,50.00,50.00
3778,3778,6,1,100.00,100.00
3779,3779,6,1,100.00,100.00
3780,3780,10,1,50.00,50.00
3781,3781,2,1,100.00,100.00
3782,3782,3,1,100.00,100.00
3783,3783,10,1,50.00,50.00
3784,3784,5,1,100.00,100.00
3785,3785,9,1,50.00,50.00
3786,3786,3,1,100.00,100.00
3787,3787,8,1,50.00,50.00
3788,3788,5,1,100.00,100.00
3789,3789,2,1,100.00,100.00
3790,3790,2,1,100.00,100.00
3791,3791,11,1,50.00,50.00
3792,3792,10,1,50.00,50.00
3793,3793,8,1,50.00,50.00
3794,3794,4,1,100.00,100.00
3795,3795,3,1,100.00,100.00
3796,3796,9,1,50.00,50.00
3797,3797,4,1,100.00,100.00
3798,3798,4,1,100.00,100.00
3799,3799,7,1,50.00,50.00
3800,3800,4,1,100.00,100.00
3801,3801,8,1,50.00,50.00
3802,3802,10,1,50.00,50.00
3803,3803,10,1,50.00,50.00
3804,3804,10,1,50.00,50.00
3805,3805,3,1,100.00,100.00
3806,3806,7,1,50.00,50.00
3807,3807,10,1,50.00,50.00
3808,3808,8,1,50.00,50.00
3809,3809,2,1,100.00,100.00
3810,3810,3,1,100.00,100.00
3811,3811,9,1,50.00,50.00
3812,3812,7,1,50.00,50.00
3813,3813,3,1,100.00,100.00
3814,3814,1,1,100.00,100.00
3815,3815,2,1,100.00,100.00
3816,3816,6,1,100.00,100.00
3817,3817,4,1,100.00,100.00
3818,3818,2,1,100.00,100.00
3819,3819,1,1,100.00,100.00
3820,3820,8,1,50.00,50.00
3821,3821,9,1,50.00,50.00
3822,3822,4,1,100.00,100.00
3823,3823,12,1,50.00,50.00
3824,3824,4,1,100.00,100.00
3825,3825,11,1,50.00,50.00
3826,3826,2,1,100.00,100.00
3827,3827,3,1,100.00,100.00
3828,3828,3,1,100.00,100.00
3829,3829,12,1,50.00,50.00
3830,3830,1,1,100.00,100.00
3831,3831,4,1,100.00,100.00
3832,3832,11,1,50.00,50.00
3833,3833,9,1,50.00,50.00
3834,3834,7,1,50.00,50.00
3835,3835,2,1,100.00,100.00
3836,3836,1,1,100.00,100.00
3837,3837,3,1,100.00,100.00
3838,3838,5,1,100.00,100.00
3839,3839,9,1,50.00,50.00
3840,3840,12,1,50.00,50.00
3841,3841,7,1,50.00,50.00
3842,3842,4,1,100.00,100.00
3843,3843,12,1,50.00,50.00
3844,3844,3,1,100.00,100.00
3845,3845,2,1,100.00,100.00
3846,3846,6,1,100.00,100.00
3847,3847,11,1,50.00,50.00
3848,3848,7,1,50.00,50.00
3849,3849,7,1,50.00,50.00
3850,3850,10,1,50.00,50.00
3851,3851,3,1,100.00,100.00
3852,3852,3,1,100.00,100.00
3853,3853,12,1,50.00,50.00
3854,3854,4,1,100.00,100.00
3855,3855,10,1,50.00,50.00
3856,3856,9,1,50.00,50.00
3857,3857,5,1,100.00,100.00
3858,3858,3,1,100.00,100.00
3859,3859,9,1,50.00,50.00
3860,3860,7,1,50.00,50.00
3861,3861,6,1,100.00,100.00
3862,3862,8,1,50.00,50.00
3863,3863,1,1,100.00,100.00
3864,3864,11,1,50.00,50.00
3865,3865,1,1,100.00,100.00
3866,3866,8,1,50.00,50.00
3867,3867,5,1,100.00,100.00
3868,3868,4,1,100.00,100.00
3869,3869,4,1,100.00,100.00
3870,3870,10,1,50.00,50.00
3871,3871,1,1,100.00,100.00
3872,3872,8,1,50.00,50.00
3873,3873,8,1,50.00,50.00
3874,3874,11,1,50.00,50.00
3875,3875,3,1,100.00,100.00
3876,3876,5,1,100.00,100.00
3877,3877,10,1,50.00,50.00
3878,3878,10,1,50.00,50.00
3879,3879,3,1,100.00,100.00
3880,3880,12,1,50.00,50.00
3881,3881,5,1,100.00,100.00
3882,3882,12,1,50.00,50.00
3883,3883,9,1,50.00,50.00
3884,3884,1,1,100.00,100.00
3885,3885,8,1,50.00,50.00
3886,3886,1,1,100.00,100.00
3887,3887,5,1,100.00,100.00
3888,3888,1,1,100.00,100.00
3889,3889,3,1,100.00,100.00
3890,3890,5,1,100.00,100.00
3891,3891,10,1,50.00,50.00
3892,3892,4,1,100.00,100.00
3893,3893,1,1,100.00,100.00
3894,3894,6,1,100.00,100.00
3895,3895,11,1,50.00,50.00
3896,3896,3,1,100.00,100.00
3897,3897,11,1,50.00,50.00
3898,3898,2,1,100.00,100.00
3899,3899,7,1,50.00,50.00
3900,3900,5,1,100.00,100.00
3901,3901,7,1,50.00,50.00
3902,3902,11,1,50.00,50.00
3903,3903,11,1,50.00,50.00
3904,3904,4,1,100.00,100.00
3905,3905,9,1,50.00,50.00
3906,3906,8,1,50.00,50.00
3907,3907,10,1,50.00,50.00
3908,3908,11,1,50.00,50.00
3909,3909,6,1,100.00,100.00
3910,3910,7,1,50.00,50.00
3911,3911,6,1,100.00,100.00
3912,3912,4,1,100.00,100.00
3913,3913,9,1,50.00,50.00
3914,3914,12,1,50.00,50.00
3915,3915,6,1,100.00,100.00
3916,3916,8,1,50.00,50.00
3917,3917,9,1,50.00,50.00
3918,3918,2,1,100.00,100.00
3919,3919,9,1,50.00,50.00
3920,3920,11,1,50.00,50.00
3921,3921,7,1,50.00,50.00
3922,3922,11,1,50.00,50.00
3923,3923,10,1,50.00,50.00
3924,3924,10,1,50.00,50.00
3925,3925,8,1,50.00,50.00
3926,3926,3,1,100.00,100.00
3927,3927,7,1,50.00,50.00
3928,3928,3,1,100.00,100.00
3929,3929,3,1,100.00,100.00
3930,3930,4,1,100.00,100.00
3931,3931,12,1,50.00,50.00
3932,3932,11,1,50.00,50.00
3933,3933,10,1,50.00,50.00
3934,3934,10,1,50.00,50.00
3935,3935,3,1,100.00,100.00
3936,3936,8,1,50.00,50.00
3937,3937,9,1,50.00,50.00
3938,3938,11,1,50.00,50.00
3939,3939,10,1,50.00,50.00
3940,3940,11,1,50.00,50.00
3941,3941,5,1,100.00,100.00
3942,3942,3,1,100.00,100.00
3943,3943,7,1,50.00,50.00
3944,3944,8,1,50.00,50.00
3945,3945,3,1,100.00,100.00
3946,3946,7,1,50.00,50.00
3947,3947,7,1,50.00,50.00
3948,3948,8,1,50.00,50.00
3949,3949,9,1,50.00,50.00
3950,3950,8,1,50.00,50.00
3951,3951,7,1,50.00,50.00
3952,3952,12,1,50.00,50.00
3953,3953,6,1,100.00,100.00
3954,3954,3,1,100.00,100.00
3955,3955,11,1,50.00,50.00
3956,3956,1,1,100.00,100.00
3957,3957,3,1,100.00,100.00
3958,3958,12,1,50.00,50.00
3959,3959,8,1,50.00,50.00
3960,3960,10,1,50.00,50.00
3961,3961,11,1,50.00,50.00
3962,3962,11,1,50.00,50.00
3963,3963,3,1,100.00,100.00
3964,3964,8,1,50.00,50.00
3965,3965,3,1,100.00,100.00
3966,3966,9,1,50.00,50.00
3967,3967,1,1,100.00,100.00
3968,3968,9,1,50.00,50.00
3969,3969,6,1,100.00,100.00
3970,3970,6,1,100.00,100.00
3971,3971,9,1,50.00,50.00
3972,3972,8,1,50.00,50.00
3973,3973,3,1,100.00,100.00
3974,3974,8,1,50.00,50.00
3975,3975,9,1,50.00,50.00
3976,3976,10,1,50.00,50.00
3977,3977,7,1,50.00,50.00
3978,3978,9,1,50.00,50.00
3979,3979,11,1,50.00,50.00
3980,3980,11,1,50.00,50.00
3981,3981,6,1,100.00,100.00
3982,3982,4,1,100.00,100.00
3983,3983,4,1,100.00,100.00
3984,3984,12,1,50.00,50.00
3985,3985,10,1,50.00,50.00
3986,3986,10,1,50.00,50.00
3987,3987,5,1,100.00,100.00
3988,3988,12,1,50.00,50.00
3989,3989,8,1,50.00,50.00
3990,3990,9,1,50.00,50.00
3991,3991,7,1,50.00,50.00
3992,3992,9,1,50.00,50.00
3993,3993,8,1,50.00,50.00
3994,3994,9,1,50.00,50.00
3995,3995,3,1,100.00,100.00
3996,3996,8,1,50.00,50.00
3997,3997,4,1,100.00,100.00
3998,3998,1,1,100.00,100.00
3999,3999,12,1,50.00,50.00
4000,4000,9,1,50.00,50.00
4001,4001,6,1,100.00,100.00
4002,4002,5,1,100.00,100.00
4003,4003,12,1,50.00,50.00
4004,4004,2,1,100.00,100.00
4005,4005,5,1,100.00,100.00
4006,4006,11,1,50.00,50.00
4007,4007,12,1,50.00,50.00
4008,4008,3,1,100.00,100.00
4009,4009,11,1,50.00,50.00
4010,4010,8,1,50.00,50.00
4011,4011,10,1,50.00,50.00
4012,4012,5,1,100.00,100.00
4013,4013,7,1,50.00,50.00
4014,4014,2,1,100.00,100.00
4015,4015,3,1,100.00,100.00
4016,4016,10,1,50.00,50.00
4017,4017,9,1,50.00,50.00
4018,4018,10,1,50.00,50.00
4019,4019,7,1,50.00,50.00
4020,4020,7,1,50.00,50.00
4021,4021,6,1,100.00,100.00
4022,4022,7,1,50.00,50.00
4023,4023,7,1,50.00,50.00
4024,4024,4,1,100.00,100.00
4025,4025,4,1,100.00,100.00
4026,4026,5,1,100.00,100.00
4027,4027,4,1,100.00,100.00
4028,4028,11,1,50.00,50.00
4029,4029,10,1,50.00,50.00
4030,4030,11,1,50.00,50.00
4031,4031,9,1,50.00,50.00
4032,4032,6,1,100.00,100.00
4033,4033,11,1,50.00,50.00
4034,4034,3,1,100.00,100.00
4035,4035,7,1,50.00,50.00
4036,4036,6,1,100.00,100.00
4037,4037,9,1,50.00,50.00
4038,4038,8,1,50.00,50.00
4039,4039,12,1,50.00,50.00
4040,4040,8,1,50.00,50.00
4041,4041,4,1,100.00,100.00
4042,4042,10,1,50.00,50.00
4043,4043,4,1,100.00,100.00
4044,4044,10,1,50.00,50.00
4045,4045,12,1,50.00,50.00
4046,4046,2,1,100.00,100.00
4047,4047,2,1,100.00,100.00
4048,4048,7,1,50.00,50.00
4049,4049,9,1,50.00,50.00
4050,4050,7,1,50.00,50.00
4051,4051,7,1,50.00,50.00
4052,4052,4,1,100.00,100.00
4053,4053,4,1,100.00,100.00
4054,4054,6,1,100.00,100.00
4055,4055,4,1,100.00,100.00
4056,4056,10,1,50.00,50.00
4057,4057,8,1,50.00,50.00
4058,4058,11,1,50.00,50.00
4059,4059,10,1,50.00,50.00
4060,4060,1,1,100.00,100.00
4061,4061,8,1,50.00,50.00
4062,4062,2,1,100.00,100.00
4063,4063,12,1,50.00,50.00
4064,4064,9,1,50.00,50.00
4065,4065,5,1,100.00,100.00
4066,4066,9,1,50.00,50.00
4067,4067,4,1,100.00,100.00
4068,4068,11,1,50.00,50.00
4069,4069,7,1,50.00,50.00
4070,4070,5,1,100.00,100.00
4071,4071,1,1,100.00,100.00
4072,4072,3,1,100.00,100.00
4073,4073,7,1,50.00,50.00
4074,4074,11,1,50.00,50.00
4075,4075,12,1,50.00,50.00
4076,4076,8,1,50.00,50.00
4077,4077,10,1,50.00,50.00
4078,4078,12,1,50.00,50.00
4079,4079,11,1,50.00,50.00
4080,4080,9,1,50.00,50.00
4081,4081,9,1,50.00,50.00
4082,4082,3,1,100.00,100.00
4083,4083,6,1,100.00,100.00
4084,4084,7,1,50.00,50.00
4085,4085,8,1,50.00,50.00
4086,4086,8,1,50.00,50.00
4087,4087,8,1,50.00,50.00
4088,4088,7,1,50.00,50.00
4089,4089,8,1,50.00,50.00
4090,4090,1,1,100.00,100.00
4091,4091,11,1,50.00,50.00
4092,4092,6,1,100.00,100.00
4093,4093,3,1,100.00,100.00
4094,4094,7,1,50.00,50.00
4095,4095,8,1,50.00,50.00
4096,4096,9,1,50.00,50.00
4097,4097,4,1,100.00,100.00
4098,4098,10,1,50.00,50.00
4099,4099,8,1,50.00,50.00
4100,4100,2,1,100.00,100.00
4101,4101,9,1,50.00,50.00
4102,4102,2,1,100.00,100.00
4103,4103,7,1,50.00,50.00
4104,4104,6,1,100.00,100.00
4105,4105,7,1,50.00,50.00
4106,4106,2,1,100.00,100.00
4107,4107,1,1,100.00,100.00
4108,4108,9,1,50.00,50.00
4109,4109,10,1,50.00,50.00
4110,4110,11,1,50.00,50.00
4111,4111,9,1,50.00,50.00
4112,4112,2,1,100.00,100.00
4113,4113,11,1,50.00,50.00
4114,4114,11,1,50.00,50.00
4115,4115,4,1,100.00,100.00
4116,4116,9,1,50.00,50.00
4117,4117,5,1,100.00,100.00
4118,4118,9,1,50.00,50.00
4119,4119,8,1,50.00,50.00
4120,4120,6,1,100.00,100.00
4121,4121,4,1,100.00,100.00
4122,4122,7,1,50.00,50.00
4123,4123,3,1,100.00,100.00
4124,4124,12,1,50.00,50.00
4125,4125,11,1,50.00,50.00
4126,4126,12,1,50.00,50.00
4127,4127,7,1,50.00,50.00
4128,4128,8,1,50.00,50.00
4129,4129,11,1,50.00,50.00
4130,4130,11,1,50.00,50.00
4131,4131,9,1,50.00,50.00
4132,4132,10,1,50.00,50.00
4133,4133,1,1,100.00,100.00
4134,4134,3,1,100.00,100.00
4135,4135,11,1,50.00,50.00
4136,4136,4,1,100.00,100.00
4137,4137,11,1,50.00,50.00
4138,4138,11,1,50.00,50.00
4139,4139,7,1,50.00,50.00
4140,4140,10,1,50.00,50.00
4141,4141,6,1,100.00,100.00
4142,4142,6,1,100.00,100.00
4143,4143,7,1,50.00,50.00
4144,4144,4,1,100.00,100.00
4145,4145,11,1,50.00,50.00
4146,4146,10,1,50.00,50.00
4147,4147,12,1,50.00,50.00
4148,4148,9,1,50.00,50.00
4149,4149,7,1,50.00,50.00
4150,4150,7,1,50.00,50.00
4151,4151,2,1,100.00,100.00
4152,4152,10,1,50.00,50.00
4153,4153,9,1,50.00,50.00
4154,4154,10,1,50.00,50.00
4155,4155,12,1,50.00,50.00
4156,4156,7,1,50.00,50.00
4157,4157,10,1,50.00,50.00
4158,4158,10,1,50.00,50.00
4159,4159,11,1,50.00,50.00
4160,4160,5,1,100.00,100.00
4161,4161,11,1,50.00,50.00
4162,4162,8,1,50.00,50.00
4163,4163,7,1,50.00,50.00
4164,4164,9,1,50.00,50.00
4165,4165,3,1,100.00,100.00
4166,4166,4,1,100.00,100.00
4167,4167,12,1,50.00,50.00
4168,4168,12,1,50.00,50.00
4169,4169,6,1,100.00,100.00
4170,4170,4,1,100.00,100.00
4171,4171,12,1,50.00,50.00
4172,4172,9,1,50.00,50.00
4173,4173,3,1,100.00,100.00
4174,4174,12,1,50.00,50.00
4175,4175,11,1,50.00,50.00
4176,4176,4,1,100.00,100.00
4177,4177,7,1,50.00,50.00
4178,4178,5,1,100.00,100.00
4179,4179,2,1,100.00,100.00
4180,4180,11,1,50.00,50.00
4181,4181,6,1,100.00,100.00
4182,4182,3,1,100.00,100.00
4183,4183,8,1,50.00,50.00
4184,4184,8,1,50.00,50.00
4185,4185,10,1,50.00,50.00
4186,4186,9,1,50.00,50.00
4187,4187,9,1,50.00,50.00
4188,4188,7,1,50.00,50.00
4189,4189,11,1,50.00,50.00
4190,4190,10,1,50.00,50.00
4191,4191,7,1,50.00,50.00
4192,4192,12,1,50.00,50.00
4193,4193,9,1,50.00,50.00
4194,4194,10,1,50.00,50.00
4195,4195,9,1,50.00,50.00
4196,4196,2,1,100.00,100.00
4197,4197,9,1,50.00,50.00
4198,4198,9,1,50.00,50.00
4199,4199,8,1,50.00,50.00
4200,4200,6,1,100.00,100.00
4201,4201,8,1,50.00,50.00
4202,4202,2,1,100.00,100.00
4203,4203,12,1,50.00,50.00
4204,4204,7,1,50.00,50.00
4205,4205,12,1,50.00,50.00
4206,4206,9,1,50.00,50.00
4207,4207,8,1,50.00,50.00
4208,4208,6,1,100.00,100.00
4209,4209,6,1,100.00,100.00
4210,4210,9,1,50.00,50.00
4211,4211,7,1,50.00,50.00
4212,4212,11,1,50.00,50.00
4213,4213,6,1,100.00,100.00
4214,4214,8,1,50.00,50.00
4215,4215,8,1,50.00,50.00
4216,4216,5,1,100.00,100.00
4217,4217,10,1,50.00,50.00
4218,4218,8,1,50.00,50.00
4219,4219,9,1,50.00,50.00
4220,4220,2,1,100.00,100.00
4221,4221,12,1,50.00,50.00
4222,4222,5,1,100.00,100.00
4223,4223,8,1,50.00,50.00
4224,4224,2,1,100.00,100.00
4225,4225,5,1,100.00,100.00
4226,4226,11,1,50.00,50.00
4227,4227,6,1,100.00,100.00
4228,4228,3,1,100.00,100.00
4229,4229,5,1,100.00,100.00
4230,4230,12,1,50.00,50.00
4231,4231,12,1,50.00,50.00
4232,4232,12,1,50.00,50.00
4233,4233,10,1,50.00,50.00
4234,4234,1,1,100.00,100.00
4235,4235,12,1,50.00,50.00
4236,4236,10,1,50.00,50.00
4237,4237,10,1,50.00,50.00
4238,4238,8,1,50.00,50.00
4239,4239,2,1,100.00,100.00
4240,4240,12,1,50.00,50.00
4241,4241,7,1,50.00,50.00
4242,4242,2,1,100.00,100.00
4243,4243,10,1,50.00,50.00
4244,4244,6,1,100.00,100.00
4245,4245,12,1,50.00,50.00
4246,4246,11,1,50.00,50.00
4247,4247,12,1,50.00,50.00
4248,4248,3,1,100.00,100.00
4249,4249,10,1,50.00,50.00
4250,4250,4,1,100.00,100.00
4251,4251,10,1,50.00,50.00
4252,4252,7,1,50.00,50.00
4253,4253,9,1,50.00,50.00
4254,4254,10,1,50.00,50.00
4255,4255,1,1,100.00,100.00
4256,4256,8,1,50.00,50.00
4257,4257,6,1,100.00,100.00
4258,4258,12,1,50.00,50.00
4259,4259,9,1,50.00,50.00
4260,4260,7,1,50.00,50.00
4261,4261,3,1,100.00,100.00
4262,4262,11,1,50.00,50.00
4263,4263,2,1,100.00,100.00
4264,4264,12,1,50.00,50.00
4265,4265,4,1,100.00,100.00
4266,4266,9,1,50.00,50.00
4267,4267,8,1,50.00,50.00
4268,4268,8,1,50.00,50.00
4269,4269,9,1,50.00,50.00
4270,4270,3,1,100.00,100.00
4271,4271,2,1,100.00,100.00
4272,4272,6,1,100.00,100.00
4273,4273,5,1,100.00,100.00
4274,4274,9,1,50.00,50.00
4275,4275,7,1,50.00,50.00
4276,4276,2,1,100.00,100.00
4277,4277,9,1,50.00,50.00
4278,4278,11,1,50.00,50.00
4279,4279,10,1,50.00,50.00
4280,4280,3,1,100.00,100.00
4281,4281,11,1,50.00,50.00
4282,4282,8,1,50.00,50.00
4283,4283,1,1,100.00,100.00
4284,4284,11,1,50.00,50.00
4285,4285,5,1,100.00,100.00
4286,4286,9,1,50.00,50.00
4287,4287,5,1,100.00,100.00
4288,4288,2,1,100.00,100.00
4289,4289,11,1,50.00,50.00
4290,4290,12,1,50.00,50.00
4291,4291,9,1,50.00,50.00
4292,4292,11,1,50.00,50.00
4293,4293,3,1,100.00,100.00
4294,4294,12,1,50.00,50.00
4295,4295,11,1,50.00,50.00
4296,4296,8,1,50.00,50.00
4297,4297,3,1,100.00,100.00
4298,4298,10,1,50.00,50.00
4299,4299,11,1,50.00,50.00
4300,4300,9,1,50.00,50.00
4301,4301,6,1,100.00,100.00
4302,4302,8,1,50.00,50.00
4303,4303,1,1,100.00,100.00
4304,4304,12,1,50.00,50.00
4305,4305,10,1,50.00,50.00
4306,4306,12,1,50.00,50.00
4307,4307,12,1,50.00,50.00
4308,4308,9,1,50.00,50.00
4309,4309,9,1,50.00,50.00
4310,4310,9,1,50.00,50.00
4311,4311,12,1,50.00,50.00
4312,4312,7,1,50.00,50.00
4313,4313,8,1,50.00,50.00
4314,4314,12,1,50.00,50.00
4315,4315,12,1,50.00,50.00
4316,4316,8,1,50.00,50.00
4317,4317,7,1,50.00,50.00
4318,4318,1,1,100.00,100.00
4319,4319,10,1,50.00,50.00
4320,4320,9,1,50.00,50.00
4321,4321,9,1,50.00,50.00
4322,4322,3,1,100.00,100.00
4323,4323,12,1,50.00,50.00
4324,4324,9,1,50.00,50.00
4325,4325,11,1,50.00,50.00
4326,4326,7,1,50.00,50.00
4327,4327,4,1,100.00,100.00
4328,4328,2,1,100.00,100.00
4329,4329,11,1,50.00,50.00
4330,4330,1,1,100.00,100.00
4331,4331,10,1,50.00,50.00
4332,4332,7,1,50.00,50.00
4333,4333,12,1,50.00,50.00
4334,4334,3,1,100.00,100.00
4335,4335,6,1,100.00,100.00
4336,4336,10,1,50.00,50.00
4337,4337,11,1,50.00,50.00
4338,4338,5,1,100.00,100.00
4339,4339,5,1,100.00,100.00
4340,4340,12,1,50.00,50.00
4341,4341,1,1,100.00,100.00
4342,4342,3,1,100.00,100.00
4343,4343,11,1,50.00,50.00
4344,4344,6,1,100.00,100.00
4345,4345,10,1,50.00,50.00
4346,4346,6,1,100.00,100.00
4347,4347,4,1,100.00,100.00
4348,4348,10,1,50.00,50.00
4349,4349,5,1,100.00,100.00
4350,4350,6,1,100.00,100.00
4351,4351,11,1,50.00,50.00
4352,4352,7,1,50.00,50.00
4353,4353,3,1,100.00,100.00
4354,4354,10,1,50.00,50.00
4355,4355,9,1,50.00,50.00
4356,4356,12,1,50.00,50.00
4357,4357,1,1,100.00,100.00
4358,4358,5,1,100.00,100.00
4359,4359,7,1,50.00,50.00
4360,4360,12,1,50.00,50.00
4361,4361,10,1,50.00,50.00
4362,4362,5,1,100.00,100.00
4363,4363,10,1,50.00,50.00
4364,4364,4,1,100.00,100.00
4365,4365,5,1,100.00,100.00
4366,4366,10,1,50.00,50.00
4367,4367,3,1,100.00,100.00
4368,4368,12,1,50.00,50.00
4369,4369,11,1,50.00,50.00
4370,4370,2,1,100.00,100.00
4371,4371,7,1,50.00,50.00
4372,4372,4,1,100.00,100.00
4373,4373,12,1,50.00,50.00
4374,4374,6,1,100.00,100.00
4375,4375,9,1,50.00,50.00
4376,4376,6,1,100.00,100.00
4377,4377,12,1,50.00,50.00
4378,4378,9,1,50.00,50.00
4379,4379,10,1,50.00,50.00
4380,4380,2,1,100.00,100.00
4381,4381,11,1,50.00,50.00
4382,4382,7,1,50.00,50.00
4383,4383,9,1,50.00,50.00
4384,4384,8,1,50.00,50.00
4385,4385,9,1,50.00,50.00
4386,4386,7,1,50.00,50.00
4387,4387,8,1,50.00,50.00
4388,4388,5,1,100.00,100.00
4389,4389,1,1,100.00,100.00
4390,4390,7,1,50.00,50.00
4391,4391,1,1,100.00,100.00
4392,4392,4,1,100.00,100.00
4393,4393,10,1,50.00,50.00
4394,4394,12,1,50.00,50.00
4395,4395,8,1,50.00,50.00
4396,4396,11,1,50.00,50.00
4397,4397,9,1,50.00,50.00
4398,4398,10,1,50.00,50.00
4399,4399,2,1,100.00,100.00
4400,4400,8,1,50.00,50.00
4401,4401,3,1,100.00,100.00
4402,4402,10,1,50.00,50.00
4403,4403,2,1,100.00,100.00
4404,4404,11,1,50.00,50.00
4405,4405,8,1,50.00,50.00
4406,4406,1,1,100.00,100.00
4407,4407,7,1,50.00,50.00
4408,4408,11,1,50.00,50.00
4409,4409,3,1,100.00,100.00
4410,4410,1,1,100.00,100.00
4411,4411,4,1,100.00,100.00
4412,4412,10,1,50.00,50.00
4413,4413,5,1,100.00,100.00
4414,4414,2,1,100.00,100.00
4415,4415,12,1,50.00,50.00
4416,4416,4,1,100.00,100.00
4417,4417,3,1,100.00,100.00
4418,4418,4,1,100.00,100.00
4419,4419,3,1,100.00,100.00
4420,4420,2,1,100.00,100.00
4421,4421,8,1,50.00,50.00
4422,4422,3,1,100.00,100.00
4423,4423,11,1,50.00,50.00
4424,4424,11,1,50.00,50.00
4425,4425,9,1,50.00,50.00
4426,4426,1,2,100.00,100.00
4427,4427,2,1,100.00,100.00
4428,4428,3,1,100.00,100.00
4429,4429,4,1,100.00,100.00
4430,4430,5,1,100.00,100.00
4431,4431,6,2,100.00,100.00
4432,4432,9,2,50.00,50.00
4433,4433,10,2,50.00,50.00
4434,4434,7,2,50.00,50.00
4435,4435,8,2,50.00,50.00
4436,4436,10,1,50.00,50.00
4437,4437,6,1,100.00,100.00
4438,4438,10,1,50.00,50.00
4439,4439,9,1,50.00,50.00
4440,4440,5,1,100.00,100.00
4441,4441,12,1,50.00,50.00
4442,4442,6,1,100.00,100.00
4443,4443,11,1,50.00,50.00
4444,4444,7,1,50.00,50.00
4445,4445,11,1,50.00,50.00
4446,4446,11,1,50.00,50.00
4447,4447,10,1,50.00,50.00
4448,4448,8,1,50.00,50.00
4449,4449,9,1,50.00,50.00
4450,4450,7,1,50.00,50.00
4451,4451,7,1,50.00,50.00
4452,4452,10,1,50.00,50.00
4453,4453,12,1,50.00,50.00
4454,4454,2,1,100.00,100.00
4455,4455,2,1,100.00,100.00
4456,4456,8,1,50.00,50.00
4457,4457,3,1,100.00,100.00
4458,4458,1,1,100.00,100.00
4459,4459,6,1,100.00,100.00
4460,4460,1,1,100.00,100.00
4461,4461,1,1,100.00,100.00
4462,4462,5,1,100.00,100.00
4463,4463,7,1,50.00,50.00
4464,4464,7,1,50.00,50.00
4465,4465,9,1,50.00,50.00
4466,4466,2,1,100.00,100.00
4467,4467,5,1,100.00,100.00
4468,4468,10,1,50.00,50.00
4469,4469,3,1,100.00,100.00
4470,4470,6,1,100.00,100.00
4471,4471,4,1,100.00,100.00
4472,4472,10,1,50.00,50.00
4473,4473,4,1,100.00,100.00
4474,4474,1,2,100.00,100.00
4475,4475,3,2,100.00,100.00
4476,4476,4,1,100.00,100.00
4477,4477,5,3,100.00,100.00
4478,4478,6,1,100.00,100.00
4479,4479,8,1,50.00,50.00
4480,4480,10,1,50.00,50.00
4481,4481,9,2,50.00,50.00
4482,4482,12,2,50.00,50.00
4483,4483,11,1,50.00,50.00
4484,4484,7,1,50.00,50.00
4485,4485,1,1,100.00,100.00
4486,4486,2,3,100.00,100.00
4487,4487,3,1,100.00,100.00
4488,4488,4,1,100.00,100.00
4489,4489,5,3,100.00,100.00
4490,4490,6,1,100.00,100.00
4491,4491,8,1,50.00,50.00
4492,4492,10,1,50.00,50.00
4493,4493,9,1,50.00,50.00
4494,4494,12,1,50.00,50.00
4495,4495,5,1,100.00,100.00
4496,4496,8,1,50.00,50.00
4497,4497,1,1,100.00,100.00
4498,4498,2,1,100.00,100.00
4499,4499,7,1,50.00,50.00
4500,4500,10,1,50.00,50.00
4501,4501,12,1,50.00,50.00
4502,4502,7,1,50.00,50.00
4503,4503,1,1,100.00,100.00
4504,4504,2,1,100.00,100.00
4505,4505,6,1,100.00,100.00
4506,4506,9,1,50.00,50.00
4507,4507,8,1,50.00,50.00
4508,4508,2,1,100.00,100.00
4509,4509,12,1,50.00,50.00
4510,4510,6,1,100.00,100.00
4511,4511,8,1,50.00,50.00
4512,4512,7,1,50.00,50.00
4513,4513,11,1,50.00,50.00
4514,4514,1,1,100.00,100.00
4515,4515,4,1,100.00,100.00
4516,4516,6,1,100.00,100.00
4517,4517,5,1,100.00,100.00
4518,4518,10,1,50.00,50.00
4519,4519,7,1,50.00,50.00
4520,4520,10,1,50.00,50.00
4521,4521,8,1,50.00,50.00
4522,4522,7,1,50.00,50.00
4523,4523,9,1,50.00,50.00
4524,4524,1,1,100.00,100.00
4525,4525,10,1,50.00,50.00
4526,4526,3,1,100.00,100.00
4527,4527,9,1,50.00,50.00
4528,4528,3,1,100.00,100.00
4529,4529,3,1,100.00,100.00
4530,4530,4,1,100.00,100.00
4531,4531,10,1,50.00,50.00
4532,4532,3,1,100.00,100.00
4533,4533,6,1,100.00,100.00
4534,4534,7,1,50.00,50.00
4535,4535,2,1,100.00,100.00
4536,4536,11,1,50.00,50.00
4537,4537,9,1,50.00,50.00
4538,4538,6,1,100.00,100.00
4539,4539,6,1,100.00,100.00
4540,4540,9,1,50.00,50.00
4541,4541,3,1,100.00,100.00
4542,4542,12,1,50.00,50.00
4543,4543,7,1,50.00,50.00
4544,4544,1,1,100.00,100.00
4545,4545,5,1,100.00,100.00
4546,4546,4,1,100.00,100.00
4547,4547,10,1,50.00,50.00
4548,4548,7,1,50.00,50.00
4549,4549,2,1,100.00,100.00
4550,4550,11,1,50.00,50.00
4551,4551,1,1,100.00,100.00
4552,4552,3,1,100.00,100.00
4553,4553,10,1,50.00,50.00
4554,4554,3,1,100.00,100.00
4555,4555,5,1,100.00,100.00
4556,4556,2,1,100.00,100.00
4557,4557,5,1,100.00,100.00
4558,4558,11,1,50.00,50.00
4559,4559,8,1,50.00,50.00
4560,4560,10,1,50.00,50.00
4561,4561,3,1,100.00,100.00
4562,4562,3,1,100.00,100.00
4563,4563,4,1,100.00,100.00
4564,4564,12,1,50.00,50.00
4565,4565,6,1,100.00,100.00
4566,4566,9,1,50.00,50.00
4567,4567,5,1,100.00,100.00
4568,4568,9,1,50.00,50.00
4569,4569,12,1,50.00,50.00
4570,4570,5,1,100.00,100.00
4571,4571,4,1,100.00,100.00
4572,4572,4,1,100.00,100.00
4573,4573,1,1,100.00,100.00
4574,4574,8,1,50.00,50.00
4575,4575,10,1,50.00,50.00
4576,4576,1,1,100.00,100.00
4577,4577,2,1,100.00,100.00
4578,4578,4,1,100.00,100.00
4579,4579,4,1,100.00,100.00
4580,4580,4,1,100.00,100.00
4581,4581,10,1,50.00,50.00
4582,4582,2,1,100.00,100.00
4583,4583,7,1,50.00,50.00
4584,4584,3,1,100.00,100.00
4585,4585,4,1,100.00,100.00
4586,4586,1,1,100.00,100.00
4587,4587,7,1,50.00,50.00
4588,4588,10,1,50.00,50.00
4589,4589,12,1,50.00,50.00
4590,4590,10,1,50.00,50.00
4591,4591,7,1,50.00,50.00
4592,4592,7,1,50.00,50.00
4593,4593,11,1,50.00,50.00
4594,4594,4,1,100.00,100.00
4595,4595,12,1,50.00,50.00
4596,4596,3,1,100.00,100.00
4597,4597,3,1,100.00,100.00
4598,4598,2,1,100.00,100.00
4599,4599,11,1,50.00,50.00
4600,4600,1,1,100.00,100.00
4601,4601,8,1,50.00,50.00
4602,4602,8,1,50.00,50.00
4603,4603,3,1,100.00,100.00
4604,4604,8,1,50.00,50.00
4605,4605,3,1,100.00,100.00
4606,4606,11,1,50.00,50.00
4607,4607,2,1,100.00,100.00
4608,4608,5,1,100.00,100.00
4609,4609,1,1,100.00,100.00
4610,4610,2,1,100.00,100.00
4611,4611,3,1,100.00,100.00
4612,4612,5,1,100.00,100.00
4613,4613,8,1,50.00,50.00
4614,4614,4,1,100.00,100.00
4615,4615,8,1,50.00,50.00
4616,4616,9,1,50.00,50.00
4617,4617,4,1,100.00,100.00
4618,4618,6,1,100.00,100.00
4619,4619,6,1,100.00,100.00
4620,4620,12,1,50.00,50.00
4621,4621,2,1,100.00,100.00
4622,4622,8,1,50.00,50.00
4623,4623,4,1,100.00,100.00
4624,4624,7,1,50.00,50.00
4625,4625,1,1,100.00,100.00
4626,4626,9,1,50.00,50.00
4627,4627,12,1,50.00,50.00
4628,4628,5,1,100.00,100.00
4629,4629,1,1,100.00,100.00
4630,4630,9,1,50.00,50.00
4631,4631,5,1,100.00,100.00
4632,4632,6,1,100.00,100.00
4633,4633,2,1,100.00,100.00
4634,4634,4,1,100.00,100.00
4635,4635,6,1,100.00,100.00
4636,4636,6,1,100.00,100.00
4637,4637,8,1,50.00,50.00
4638,4638,3,1,100.00,100.00
4639,4639,1,1,100.00,100.00
4640,4640,6,1,100.00,100.00
4641,4641,2,1,100.00,100.00
4642,4642,3,1,100.00,100.00
4643,4643,12,1,50.00,50.00
4644,4644,5,1,100.00,100.00
4645,4645,5,1,100.00,100.00
4646,4646,6,1,100.00,100.00
4647,4647,2,1,100.00,100.00
4648,4648,12,1,50.00,50.00
4649,4649,12,1,50.00,50.00
4650,4650,8,1,50.00,50.00
4651,4651,1,1,100.00,100.00
4652,4652,9,1,50.00,50.00
4653,4653,6,1,100.00,100.00
4654,4654,1,1,100.00,100.00
4655,4655,8,1,50.00,50.00
4656,4656,1,1,100.00,100.00
4657,4657,4,1,100.00,100.00
4658,4658,4,1,100.00,100.00
4659,4659,11,1,50.00,50.00
4660,4660,3,1,100.00,100.00
4661,4661,2,1,100.00,100.00
4662,4662,5,1,100.00,100.00
4663,4663,3,1,100.00,100.00
4664,4664,7,1,50.00,50.00
4665,4665,10,1,50.00,50.00
4666,4666,8,1,50.00,50.00
4667,4667,3,1,100.00,100.00
4668,4668,3,1,100.00,100.00
4669,4669,6,1,100.00,100.00
4670,4670,4,1,100.00,100.00
4671,4671,3,1,100.00,100.00
4672,4672,4,1,100.00,100.00
4673,4673,1,1,100.00,100.00
4674,4674,2,1,100.00,100.00
4675,4675,10,1,50.00,50.00
4676,4676,9,1,50.00,50.00
4677,4677,11,1,50.00,50.00
4678,4678,10,1,50.00,50.00
4679,4679,5,1,100.00,100.00
4680,4680,7,1,50.00,50.00
4681,4681,10,1,50.00,50.00
4682,4682,8,1,50.00,50.00
4683,4683,8,1,50.00,50.00
4684,4684,5,1,100.00,100.00
4685,4685,9,1,50.00,50.00
4686,4686,2,1,100.00,100.00
4687,4687,12,1,50.00,50.00
4688,4688,7,1,50.00,50.00
4689,4689,6,1,100.00,100.00
4690,4690,9,1,50.00,50.00
4691,4691,1,1,100.00,100.00
4692,4692,3,1,100.00,100.00
4693,4693,1,1,100.00,100.00
4694,4694,2,1,100.00,100.00
4695,4695,4,3,100.00,100.00
4696,4696,5,3,100.00,100.00
4697,4697,6,3,100.00,100.00
4698,4698,10,2,50.00,50.00
4699,4699,12,1,50.00,50.00
4700,4700,8,2,50.00,50.00
4701,4701,11,2,50.00,50.00
4702,4702,9,2,50.00,50.00
4703,4703,2,1,100.00,100.00
4704,4704,9,1,50.00,50.00
4705,4705,8,1,50.00,50.00
4706,4706,11,1,50.00,50.00
4707,4707,5,1,100.00,100.00
4708,4708,3,1,100.00,100.00
4709,4709,6,1,100.00,100.00
4710,4710,1,3,100.00,100.00
4711,4711,2,2,100.00,100.00
4712,4712,3,1,100.00,100.00
4713,4713,5,3,100.00,100.00
4714,4714,6,1,100.00,100.00
4715,4715,12,2,50.00,50.00
4716,4716,8,1,50.00,50.00
4717,4717,10,2,50.00,50.00
4718,4718,1,1,100.00,100.00
4719,4719,2,1,100.00,100.00
4720,4720,5,1,100.00,100.00
4721,4721,7,1,50.00,50.00
4722,4722,6,1,100.00,100.00
4723,4723,1,1,100.00,100.00
4724,4724,5,1,100.00,100.00
4725,4725,3,1,100.00,100.00
4726,4726,1,1,100.00,100.00
4727,4727,10,1,50.00,50.00
4728,4728,8,1,50.00,50.00
4729,4729,3,1,100.00,100.00
4730,4730,1,2,100.00,100.00
4731,4731,2,1,100.00,100.00
4732,4732,3,1,100.00,100.00
4733,4733,4,2,100.00,100.00
4734,4734,5,3,100.00,100.00
4735,4735,6,3,100.00,100.00
4736,4736,9,2,50.00,50.00
4737,4737,10,2,50.00,50.00
4738,4738,12,1,50.00,50.00
4739,4739,7,1,50.00,50.00
4740,4740,8,2,50.00,50.00
4741,4741,1,1,100.00,100.00
4742,4742,4,1,100.00,100.00
4743,4743,6,1,100.00,100.00
4744,4744,8,1,50.00,50.00
4745,4745,1,1,100.00,100.00
4746,4746,9,1,50.00,50.00
4747,4747,3,1,100.00,100.00
4748,4748,11,1,50.00,50.00
4749,4749,1,1,100.00,100.00
4750,4750,9,1,50.00,50.00
4751,4751,2,1,100.00,100.00
4752,4752,7,1,50.00,50.00
4753,4753,1,1,100.00,100.00
4754,4754,8,1,50.00,50.00
4755,4755,8,1,50.00,50.00
4756,4756,2,1,100.00,100.00
4757,4757,5,1,100.00,100.00
4758,4758,7,1,50.00,50.00
4759,4759,2,1,100.00,100.00
4760,4760,10,1,50.00,50.00
4761,4761,1,1,100.00,100.00
4762,4762,9,1,50.00,50.00
4763,4763,1,3,100.00,100.00
4764,4764,2,2,100.00,100.00
4765,4765,3,2,100.00,100.00
4766,4766,4,1,100.00,100.00
4767,4767,5,2,100.00,100.00
4768,4768,6,1,100.00,100.00
4769,4769,11,2,50.00,50.00
4770,4770,8,1,50.00,50.00
4771,4771,9,1,50.00,50.00
4772,4772,10,1,50.00,50.00
4773,4773,9,1,50.00,50.00
4774,4774,4,1,100.00,100.00
4775,4775,11,1,50.00,50.00
4776,4776,6,1,100.00,100.00
4777,4777,9,1,50.00,50.00
4778,4778,11,1,50.00,50.00
4779,4779,6,1,100.00,100.00
4780,4780,3,1,100.00,100.00
4781,4781,5,1,100.00,100.00
4782,4782,2,1,100.00,100.00
4783,4783,1,1,100.00,100.00
4784,4784,4,1,100.00,100.00
4785,4785,1,1,100.00,100.00
4786,4786,4,1,100.00,100.00
4787,4787,9,1,50.00,50.00
4788,4788,3,1,100.00,100.00
4789,4789,10,1,50.00,50.00
4790,4790,2,1,100.00,100.00
4791,4791,2,1,100.00,100.00
4792,4792,1,1,100.00,100.00
4793,4793,8,1,50.00,50.00
4794,4794,11,1,50.00,50.00
4795,4795,11,1,50.00,50.00
4796,4796,8,1,50.00,50.00
4797,4797,9,1,50.00,50.00
4798,4798,7,1,50.00,50.00
4799,4799,10,1,50.00,50.00
4800,4800,10,1,50.00,50.00
4801,4801,1,1,100.00,100.00
4802,4802,7,1,50.00,50.00
4803,4803,8,1,50.00,50.00
4804,4804,5,1,100.00,100.00
4805,4805,3,1,100.00,100.00
4806,4806,8,1,50.00,50.00
4807,4807,5,1,100.00,100.00
4808,4808,9,1,50.00,50.00
4809,4809,4,1,100.00,100.00
4810,4810,6,1,100.00,100.00
4811,4811,10,1,50.00,50.00
4812,4812,7,1,50.00,50.00
4813,4813,3,1,100.00,100.00
4814,4814,3,1,100.00,100.00
4815,4815,3,1,100.00,100.00
4816,4816,9,1,50.00,50.00
4817,4817,10,1,50.00,50.00
4818,4818,9,1,50.00,50.00
4819,4819,8,1,50.00,50.00
4820,4820,3,1,100.00,100.00
4821,4821,6,1,100.00,100.00
4822,4822,6,1,100.00,100.00
4823,4823,12,1,50.00,50.00
4824,4824,8,1,50.00,50.00
4825,4825,10,1,50.00,50.00
4826,4826,4,1,100.00,100.00
4827,4827,1,1,100.00,100.00
4828,4828,1,1,100.00,100.00
4829,4829,11,1,50.00,50.00
4830,4830,8,1,50.00,50.00
4831,4831,9,1,50.00,50.00
4832,4832,4,1,100.00,100.00
4833,4833,8,1,50.00,50.00
4834,4834,12,1,50.00,50.00
4835,4835,8,1,50.00,50.00
4836,4836,4,1,100.00,100.00
4837,4837,5,1,100.00,100.00
4838,4838,2,1,100.00,100.00
4839,4839,7,1,50.00,50.00
4840,4840,4,1,100.00,100.00
4841,4841,3,1,100.00,100.00
4842,4842,2,1,100.00,100.00
4843,4843,12,1,50.00,50.00
4844,4844,3,1,100.00,100.00
4845,4845,4,1,100.00,100.00
4846,4846,9,1,50.00,50.00
4847,4847,8,1,50.00,50.00
4848,4848,1,1,100.00,100.00
4849,4849,7,1,50.00,50.00
4850,4850,6,1,100.00,100.00
4851,4851,4,1,100.00,100.00
4852,4852,2,1,100.00,100.00
4853,4853,6,1,100.00,100.00
4854,4854,9,1,50.00,50.00
4855,4855,6,1,100.00,100.00
4856,4856,6,1,100.00,100.00
4857,4857,3,1,100.00,100.00
4858,4858,12,1,50.00,50.00
4859,4859,5,1,100.00,100.00
4860,4860,11,1,50.00,50.00
4861,4861,9,1,50.00,50.00
4862,4862,2,1,100.00,100.00
4863,4863,11,1,50.00,50.00
4864,4864,11,1,50.00,50.00
4865,4865,1,1,100.00,100.00
4866,4866,3,1,100.00,100.00
4867,4867,6,1,100.00,100.00
4868,4868,2,1,100.00,100.00
4869,4869,8,1,50.00,50.00
4870,4870,7,1,50.00,50.00
4871,4871,11,1,50.00,50.00
4872,4872,8,1,50.00,50.00
4873,4873,7,1,50.00,50.00
4874,4874,9,1,50.00,50.00
4875,4875,1,1,100.00,100.00
4876,4876,8,1,50.00,50.00
4877,4877,7,1,50.00,50.00
4878,4878,3,1,100.00,100.00
4879,4879,6,1,100.00,100.00
4880,4880,6,1,100.00,100.00
4881,4881,12,1,50.00,50.00
4882,4882,4,1,100.00,100.00
4883,4883,7,1,50.00,50.00
4884,4884,9,1,50.00,50.00
4885,4885,12,1,50.00,50.00
4886,4886,12,1,50.00,50.00
4887,4887,12,1,50.00,50.00
4888,4888,7,1,50.00,50.00
4889,4889,10,1,50.00,50.00
4890,4890,1,1,100.00,100.00
4891,4891,1,1,100.00,100.00
4892,4892,5,1,100.00,100.00
4893,4893,11,1,50.00,50.00
4894,4894,12,1,50.00,50.00
4895,4895,9,1,50.00,50.00
4896,4896,4,1,100.00,100.00
4897,4897,10,1,50.00,50.00
4898,4898,1,1,100.00,100.00
4899,4899,2,2,100.00,100.00
4900,4900,3,1,100.00,100.00
4901,4901,4,1,100.00,100.00
4902,4902,5,1,100.00,100.00
4903,4903,6,1,100.00,100.00
4904,4904,8,1,50.00,50.00
4905,4905,7,1,50.00,50.00
4906,4906,9,2,50.00,50.00
4907,4907,12,2,50.00,50.00
4908,4908,11,1,50.00,50.00
4909,4909,1,1,100.00,100.00
4910,4910,8,1,50.00,50.00
4911,4911,3,1,100.00,100.00
4912,4912,7,1,50.00,50.00
4913,4913,8,1,50.00,50.00
4914,4914,6,1,100.00,100.00
4915,4915,3,1,100.00,100.00
4916,4916,11,1,50.00,50.00
4917,4917,2,1,100.00,100.00
4918,4918,6,1,100.00,100.00
4919,4919,6,1,100.00,100.00
4920,4920,3,1,100.00,100.00
4921,4921,6,1,100.00,100.00
4922,4922,5,1,100.00,100.00
4923,4923,3,1,100.00,100.00
4924,4924,6,1,100.00,100.00
4925,4925,5,1,100.00,100.00
4926,4926,2,1,100.00,100.00
4927,4927,3,1,100.00,100.00
4928,4928,5,1,100.00,100.00
4929,4929,2,1,100.00,100.00
4930,4930,3,1,100.00,100.00
4931,4931,2,1,100.00,100.00
4932,4932,1,1,100.00,100.00
4933,4933,11,1,50.00,50.00
4934,4934,7,1,50.00,50.00
4935,4935,1,1,100.00,100.00
4936,4936,6,1,100.00,100.00
4937,4937,9,1,50.00,50.00
4938,4938,12,1,50.00,50.00
4939,4939,9,1,50.00,50.00
4940,4940,7,1,50.00,50.00
4941,4941,3,1,100.00,100.00
4942,4942,10,1,50.00,50.00
4943,4943,5,1,100.00,100.00
4944,4944,1,1,100.00,100.00
4945,4945,3,1,100.00,100.00
4946,4946,12,1,50.00,50.00
4947,4947,9,1,50.00,50.00
4948,4948,1,3,100.00,100.00
4949,4949,2,2,100.00,100.00
4950,4950,3,2,100.00,100.00
4951,4951,4,3,100.00,100.00
4952,4952,5,1,100.00,100.00
4953,4953,6,3,100.00,100.00
4954,4954,12,1,50.00,50.00
4955,4955,7,2,50.00,50.00
4956,4956,9,2,50.00,50.00
4957,4957,8,1,50.00,50.00
4958,4958,1,1,100.00,100.00
4959,4959,1,1,100.00,100.00
4960,4960,1,1,100.00,100.00
4961,4961,11,1,50.00,50.00
4962,4962,2,1,100.00,100.00
4963,4963,10,1,50.00,50.00
4964,4964,8,1,50.00,50.00
4965,4965,5,1,100.00,100.00
4966,4966,1,1,100.00,100.00
4967,4967,1,1,100.00,100.00
4968,4968,1,3,100.00,100.00
4969,4969,2,3,100.00,100.00
4970,4970,3,3,100.00,100.00
4971,4971,4,1,100.00,100.00
4972,4972,5,3,100.00,100.00
4973,4973,6,3,100.00,100.00
4974,4974,12,1,50.00,50.00
4975,4975,10,2,50.00,50.00
4976,4976,11,1,50.00,50.00
4977,4977,7,2,50.00,50.00
4978,4978,9,1,50.00,50.00
4979,4979,11,1,50.00,50.00
4980,4980,11,1,50.00,50.00
4981,4981,7,1,50.00,50.00
4982,4982,6,1,100.00,100.00
4983,4983,7,1,50.00,50.00
4984,4984,1,1,100.00,100.00
4985,4985,3,1,100.00,100.00
4986,4986,3,1,100.00,100.00
4987,4987,1,1,100.00,100.00
4988,4988,4,1,100.00,100.00
4989,4989,9,1,50.00,50.00
4990,4990,8,1,50.00,50.00
4991,4991,5,1,100.00,100.00
4992,4992,9,1,50.00,50.00
4993,4993,10,1,50.00,50.00
4994,4994,1,1,100.00,100.00
4995,4995,1,1,100.00,100.00
4996,4996,11,1,50.00,50.00
4997,4997,3,1,100.00,100.00
4998,4998,3,1,100.00,100.00
4999,4999,12,1,50.00,50.00
5000,5000,3,1,100.00,100.00
5001,5001,6,1,100.00,100.00
5002,5002,3,1,100.00,100.00
5003,5003,6,1,100.00,100.00
5004,5004,2,1,100.00,100.00
5005,5005,7,1,50.00,50.00
5006,5006,2,1,100.00,100.00
5007,5007,1,1,100.00,100.00
5008,5008,9,1,50.00,50.00
5009,5009,6,1,100.00,100.00
5010,5010,1,1,100.00,100.00
5011,5011,12,1,50.00,50.00
5012,5012,4,1,100.00,100.00
5013,5013,12,1,50.00,50.00
5014,5014,1,1,100.00,100.00
5015,5015,7,1,50.00,50.00
5016,5016,10,1,50.00,50.00
5017,5017,9,1,50.00,50.00
5018,5018,10,1,50.00,50.00
5019,5019,11,1,50.00,50.00
5020,5020,5,1,100.00,100.00
5021,5021,1,1,100.00,100.00
5022,5022,12,1,50.00,50.00
5023,5023,9,1,50.00,50.00
5024,5024,4,1,100.00,100.00
5025,5025,6,1,100.00,100.00
5026,5026,2,1,100.00,100.00
5027,5027,1,1,100.00,100.00
5028,5028,4,1,100.00,100.00
5029,5029,11,1,50.00,50.00
5030,5030,7,1,50.00,50.00
5031,5031,8,1,50.00,50.00
5032,5032,5,1,100.00,100.00
5033,5033,6,1,100.00,100.00
5034,5034,10,1,50.00,50.00
5035,5035,4,1,100.00,100.00
5036,5036,2,1,100.00,100.00
5037,5037,2,1,100.00,100.00
5038,5038,1,1,100.00,100.00
5039,5039,3,2,100.00,100.00
5040,5040,4,3,100.00,100.00
5041,5041,5,2,100.00,100.00
5042,5042,6,3,100.00,100.00
5043,5043,11,1,50.00,50.00
5044,5044,10,2,50.00,50.00
5045,5045,9,1,50.00,50.00
5046,5046,8,2,50.00,50.00
5047,5047,7,1,50.00,50.00
5048,5048,12,2,50.00,50.00
5049,5049,9,1,50.00,50.00
5050,5050,12,1,50.00,50.00
5051,5051,1,1,100.00,100.00
5052,5052,5,1,100.00,100.00
5053,5053,9,1,50.00,50.00
5054,5054,2,1,100.00,100.00
5055,5055,8,1,50.00,50.00
5056,5056,11,1,50.00,50.00
5057,5057,4,1,100.00,100.00
5058,5058,2,1,100.00,100.00
5059,5059,9,1,50.00,50.00
5060,5060,11,1,50.00,50.00
5061,5061,2,1,100.00,100.00
5062,5062,1,1,100.00,100.00
5063,5063,9,1,50.00,50.00
5064,5064,4,1,100.00,100.00
5065,5065,5,1,100.00,100.00
5066,5066,9,1,50.00,50.00
5067,5067,11,1,50.00,50.00
5068,5068,3,1,100.00,100.00
5069,5069,10,1,50.00,50.00
5070,5070,10,1,50.00,50.00
5071,5071,10,1,50.00,50.00
5072,5072,7,1,50.00,50.00
5073,5073,7,1,50.00,50.00
5074,5074,2,1,100.00,100.00
5075,5075,1,1,100.00,100.00
5076,5076,6,1,100.00,100.00
5077,5077,9,1,50.00,50.00
5078,5078,5,1,100.00,100.00
5079,5079,10,1,50.00,50.00
5080,5080,4,1,100.00,100.00
5081,5081,7,1,50.00,50.00
5082,5082,11,1,50.00,50.00
5083,5083,7,1,50.00,50.00
5084,5084,11,1,50.00,50.00
5085,5085,8,1,50.00,50.00
5086,5086,9,1,50.00,50.00
5087,5087,2,1,100.00,100.00
5088,5088,7,1,50.00,50.00
5089,5089,3,1,100.00,100.00
5090,5090,1,2,100.00,100.00
5091,5091,3,3,100.00,100.00
5092,5092,4,2,100.00,100.00
5093,5093,5,2,100.00,100.00
5094,5094,6,2,100.00,100.00
5095,5095,10,2,50.00,50.00
5096,5096,12,2,50.00,50.00
5097,5097,8,2,50.00,50.00
5098,5098,4,1,100.00,100.00
5099,5099,4,1,100.00,100.00
5100,5100,3,1,100.00,100.00
5101,5101,8,1,50.00,50.00
5102,5102,4,1,100.00,100.00
5103,5103,7,1,50.00,50.00
5104,5104,7,1,50.00,50.00
5105,5105,5,1,100.00,100.00
5106,5106,12,1,50.00,50.00
5107,5107,5,1,100.00,100.00
5108,5108,6,1,100.00,100.00
5109,5109,8,1,50.00,50.00
5110,5110,6,1,100.00,100.00
5111,5111,10,1,50.00,50.00
5112,5112,10,1,50.00,50.00
5113,5113,8,1,50.00,50.00
5114,5114,8,1,50.00,50.00
5115,5115,8,1,50.00,50.00
5116,5116,1,1,100.00,100.00
5117,5117,6,1,100.00,100.00
5118,5118,3,1,100.00,100.00
5119,5119,4,1,100.00,100.00
5120,5120,7,1,50.00,50.00
5121,5121,3,1,100.00,100.00
5122,5122,7,1,50.00,50.00
5123,5123,5,1,100.00,100.00
5124,5124,5,1,100.00,100.00
5125,5125,8,1,50.00,50.00
5126,5126,12,1,50.00,50.00
5127,5127,1,1,100.00,100.00
5128,5128,11,1,50.00,50.00
5129,5129,12,1,50.00,50.00
5130,5130,4,1,100.00,100.00
5131,5131,5,1,100.00,100.00
5132,5132,2,1,100.00,100.00
5133,5133,4,1,100.00,100.00
5134,5134,7,1,50.00,50.00
5135,5135,4,1,100.00,100.00
5136,5136,6,1,100.00,100.00
5137,5137,3,1,100.00,100.00
5138,5138,5,1,100.00,100.00
5139,5139,2,1,100.00,100.00
5140,5140,4,1,100.00,100.00
5141,5141,10,1,50.00,50.00
5142,5142,7,1,50.00,50.00
5143,5143,2,1,100.00,100.00
5144,5144,12,1,50.00,50.00
5145,5145,3,1,100.00,100.00
5146,5146,12,1,50.00,50.00
5147,5147,3,1,100.00,100.00
5148,5148,8,1,50.00,50.00
5149,5149,4,1,100.00,100.00
5150,5150,5,1,100.00,100.00
5151,5151,3,1,100.00,100.00
5152,5152,9,1,50.00,50.00
5153,5153,1,1,100.00,100.00
5154,5154,5,1,100.00,100.00
5155,5155,12,1,50.00,50.00
5156,5156,10,1,50.00,50.00
5157,5157,11,1,50.00,50.00
5158,5158,7,1,50.00,50.00
5159,5159,1,1,100.00,100.00
5160,5160,2,1,100.00,100.00
5161,5161,4,1,100.00,100.00
5162,5162,6,1,100.00,100.00
5163,5163,12,1,50.00,50.00
5164,5164,7,1,50.00,50.00
5165,5165,1,1,100.00,100.00
5166,5166,11,1,50.00,50.00
5167,5167,3,1,100.00,100.00
5168,5168,2,1,100.00,100.00
5169,5169,7,1,50.00,50.00
5170,5170,12,1,50.00,50.00
5171,5171,2,1,100.00,100.00
5172,5172,11,1,50.00,50.00
5173,5173,11,1,50.00,50.00
5174,5174,2,1,100.00,100.00
5175,5175,11,1,50.00,50.00
5176,5176,10,1,50.00,50.00
5177,5177,2,1,100.00,100.00
5178,5178,2,1,100.00,100.00
5179,5179,2,1,100.00,100.00
5180,5180,1,1,100.00,100.00
5181,5181,8,1,50.00,50.00
5182,5182,9,1,50.00,50.00
5183,5183,2,1,100.00,100.00
5184,5184,2,1,100.00,100.00
5185,5185,2,1,100.00,100.00
5186,5186,7,1,50.00,50.00
5187,5187,6,1,100.00,100.00
5188,5188,3,1,100.00,100.00
5189,5189,6,1,100.00,100.00
5190,5190,6,1,100.00,100.00
5191,5191,8,1,50.00,50.00
5192,5192,10,1,50.00,50.00
5193,5193,6,1,100.00,100.00
5194,5194,3,1,100.00,100.00
5195,5195,1,1,100.00,100.00
5196,5196,11,1,50.00,50.00
5197,5197,2,1,100.00,100.00
5198,5198,11,1,50.00,50.00
5199,5199,6,1,100.00,100.00
5200,5200,4,1,100.00,100.00
5201,5201,2,1,100.00,100.00
5202,5202,9,1,50.00,50.00
5203,5203,7,1,50.00,50.00
5204,5204,9,1,50.00,50.00
5205,5205,10,1,50.00,50.00
5206,5206,6,1,100.00,100.00
5207,5207,10,1,50.00,50.00
5208,5208,2,1,100.00,100.00
5209,5209,2,1,100.00,100.00
5210,5210,3,1,100.00,100.00
5211,5211,5,1,100.00,100.00
5212,5212,12,1,50.00,50.00
5213,5213,10,1,50.00,50.00
5214,5214,2,1,100.00,100.00
5215,5215,1,1,100.00,100.00
5216,5216,4,1,100.00,100.00
5217,5217,12,1,50.00,50.00
5218,5218,2,1,100.00,100.00
5219,5219,9,1,50.00,50.00
5220,5220,10,1,50.00,50.00
5221,5221,6,1,100.00,100.00
5222,5222,5,1,100.00,100.00
5223,5223,11,1,50.00,50.00
5224,5224,9,1,50.00,50.00
5225,5225,11,1,50.00,50.00
5226,5226,5,1,100.00,100.00
5227,5227,4,1,100.00,100.00
5228,5228,11,1,50.00,50.00
5229,5229,6,1,100.00,100.00
5230,5230,5,1,100.00,100.00
5231,5231,4,1,100.00,100.00
5232,5232,12,1,50.00,50.00
5233,5233,3,1,100.00,100.00
5234,5234,4,1,100.00,100.00
5235,5235,9,1,50.00,50.00
5236,5236,9,1,50.00,50.00
5237,5237,12,1,50.00,50.00
5238,5238,8,1,50.00,50.00
5239,5239,9,1,50.00,50.00
5240,5240,8,1,50.00,50.00
5241,5241,1,1,100.00,100.00
5242,5242,12,1,50.00,50.00
5243,5243,9,1,50.00,50.00
5244,5244,6,1,100.00,100.00
5245,5245,1,1,100.00,100.00
5246,5246,2,1,100.00,100.00
5247,5247,11,1,50.00,50.00
5248,5248,3,1,100.00,100.00
5249,5249,3,1,100.00,100.00
5250,5250,9,1,50.00,50.00
5251,5251,11,1,50.00,50.00
5252,5252,1,1,100.00,100.00
5253,5253,3,1,100.00,100.00
5254,5254,6,1,100.00,100.00
5255,5255,9,1,50.00,50.00
5256,5256,4,1,100.00,100.00
5257,5257,9,1,50.00,50.00
5258,5258,11,1,50.00,50.00
5259,5259,1,1,100.00,100.00
5260,5260,11,1,50.00,50.00
5261,5261,4,1,100.00,100.00
5262,5262,2,1,100.00,100.00
5263,5263,7,1,50.00,50.00
5264,5264,9,1,50.00,50.00
5265,5265,1,1,100.00,100.00
5266,5266,3,1,100.00,100.00
5267,5267,12,1,50.00,50.00
5268,5268,10,1,50.00,50.00
5269,5269,11,1,50.00,50.00
5270,5270,1,1,100.00,100.00
5271,5271,11,1,50.00,50.00
5272,5272,4,1,100.00,100.00
5273,5273,4,1,100.00,100.00
5274,5274,4,1,100.00,100.00
5275,5275,2,1,100.00,100.00
5276,5276,3,1,100.00,100.00
5277,5277,11,1,50.00,50.00
5278,5278,12,1,50.00,50.00
5279,5279,5,1,100.00,100.00
5280,5280,9,1,50.00,50.00
5281,5281,11,1,50.00,50.00
5282,5282,12,1,50.00,50.00
5283,5283,10,1,50.00,50.00
5284,5284,11,1,50.00,50.00
5285,5285,4,1,100.00,100.00
5286,5286,11,1,50.00,50.00
5287,5287,7,1,50.00,50.00
5288,5288,4,1,100.00,100.00
5289,5289,8,1,50.00,50.00
5290,5290,10,1,50.00,50.00
5291,5291,6,1,100.00,100.00
5292,5292,3,1,100.00,100.00
5293,5293,9,1,50.00,50.00
5294,5294,1,1,100.00,100.00
5295,5295,6,1,100.00,100.00
5296,5296,11,1,50.00,50.00
5297,5297,7,1,50.00,50.00
5298,5298,12,1,50.00,50.00
5299,5299,2,1,100.00,100.00
5300,5300,2,1,100.00,100.00
5301,5301,4,1,100.00,100.00
5302,5302,4,1,100.00,100.00
5303,5303,12,1,50.00,50.00
5304,5304,3,1,100.00,100.00
5305,5305,7,1,50.00,50.00
5306,5306,12,1,50.00,50.00
5307,5307,4,1,100.00,100.00
5308,5308,9,1,50.00,50.00
5309,5309,5,1,100.00,100.00
5310,5310,2,1,100.00,100.00
5311,5311,11,1,50.00,50.00
5312,5312,11,1,50.00,50.00
5313,5313,11,1,50.00,50.00
5314,5314,5,1,100.00,100.00
5315,5315,4,1,100.00,100.00
5316,5316,3,1,100.00,100.00
5317,5317,2,1,100.00,100.00
5318,5318,8,1,50.00,50.00
5319,5319,6,1,100.00,100.00
5320,5320,2,1,100.00,100.00
5321,5321,12,1,50.00,50.00
5322,5322,2,1,100.00,100.00
5323,5323,5,1,100.00,100.00
5324,5324,10,1,50.00,50.00
5325,5325,1,1,100.00,100.00
5326,5326,7,1,50.00,50.00
5327,5327,12,1,50.00,50.00
5328,5328,4,1,100.00,100.00
5329,5329,2,1,100.00,100.00
5330,5330,2,1,100.00,100.00
5331,5331,5,1,100.00,100.00
5332,5332,3,1,100.00,100.00
5333,5333,10,1,50.00,50.00
5334,5334,10,1,50.00,50.00
5335,5335,11,1,50.00,50.00
5336,5336,10,1,50.00,50.00
5337,5337,2,1,100.00,100.00
5338,5338,4,1,100.00,100.00
5339,5339,4,1,100.00,100.00
5340,5340,8,1,50.00,50.00
5341,5341,4,1,100.00,100.00
5342,5342,4,1,100.00,100.00
5343,5343,11,1,50.00,50.00
5344,5344,4,1,100.00,100.00
5345,5345,7,1,50.00,50.00
5346,5346,4,1,100.00,100.00
5347,5347,3,1,100.00,100.00
5348,5348,9,1,50.00,50.00
5349,5349,2,1,100.00,100.00
5350,5350,1,1,100.00,100.00
5351,5351,6,1,100.00,100.00
5352,5352,1,1,100.00,100.00
5353,5353,8,1,50.00,50.00
5354,5354,4,1,100.00,100.00
5355,5355,11,1,50.00,50.00
5356,5356,9,1,50.00,50.00
5357,5357,1,1,100.00,100.00
5358,5358,2,1,100.00,100.00
5359,5359,1,1,100.00,100.00
5360,5360,6,1,100.00,100.00
5361,5361,11,1,50.00,50.00
5362,5362,2,1,100.00,100.00
5363,5363,12,1,50.00,50.00
5364,5364,4,1,100.00,100.00
5365,5365,5,1,100.00,100.00
5366,5366,2,1,100.00,100.00
5367,5367,1,1,100.00,100.00
5368,5368,7,1,50.00,50.00
5369,5369,4,1,100.00,100.00
5370,5370,11,1,50.00,50.00
5371,5371,3,1,100.00,100.00
5372,5372,2,1,100.00,100.00
5373,5373,11,1,50.00,50.00
5374,5374,5,1,100.00,100.00
5375,5375,8,1,50.00,50.00
5376,5376,7,1,50.00,50.00
5377,5377,8,1,50.00,50.00
5378,5378,3,1,100.00,100.00
5379,5379,2,1,100.00,100.00
5380,5380,3,1,100.00,100.00
5381,5381,6,1,100.00,100.00
5382,5382,8,1,50.00,50.00
5383,5383,7,1,50.00,50.00
5384,5384,9,1,50.00,50.00
5385,5385,2,1,100.00,100.00
5386,5386,6,1,100.00,100.00
5387,5387,9,1,50.00,50.00
5388,5388,6,1,100.00,100.00
5389,5389,3,1,100.00,100.00
5390,5390,6,1,100.00,100.00
5391,5391,8,1,50.00,50.00
5392,5392,2,1,100.00,100.00
5393,5393,10,1,50.00,50.00
5394,5394,1,1,100.00,100.00
5395,5395,3,1,100.00,100.00
5396,5396,4,1,100.00,100.00
5397,5397,12,1,50.00,50.00
5398,5398,6,1,100.00,100.00
5399,5399,10,1,50.00,50.00
5400,5400,2,1,100.00,100.00
5401,5401,3,1,100.00,100.00
5402,5402,10,1,50.00,50.00
5403,5403,5,1,100.00,100.00
5404,5404,9,1,50.00,50.00
5405,5405,3,1,100.00,100.00
5406,5406,8,1,50.00,50.00
5407,5407,5,1,100.00,100.00
5408,5408,2,1,100.00,100.00
5409,5409,2,1,100.00,100.00
5410,5410,11,1,50.00,50.00
5411,5411,10,1,50.00,50.00
5412,5412,8,1,50.00,50.00
5413,5413,4,1,100.00,100.00
5414,5414,3,1,100.00,100.00
5415,5415,9,1,50.00,50.00
5416,5416,4,1,100.00,100.00
5417,5417,4,1,100.00,100.00
5418,5418,7,1,50.00,50.00
5419,5419,4,1,100.00,100.00
5420,5420,8,1,50.00,50.00
5421,5421,10,1,50.00,50.00
5422,5422,10,1,50.00,50.00
5423,5423,3,1,100.00,100.00
5424,5424,7,1,50.00,50.00
5425,5425,10,1,50.00,50.00
5426,5426,8,1,50.00,50.00
5427,5427,2,1,100.00,100.00
5428,5428,3,1,100.00,100.00
5429,5429,9,1,50.00,50.00
5430,5430,7,1,50.00,50.00
5431,5431,3,1,100.00,100.00
5432,5432,1,1,100.00,100.00
5433,5433,2,1,100.00,100.00
5434,5434,6,1,100.00,100.00
5435,5435,4,1,100.00,100.00
5436,5436,2,1,100.00,100.00
5437,5437,1,1,100.00,100.00
5438,5438,8,1,50.00,50.00
5439,5439,3,1,100.00,100.00
5440,5440,9,1,50.00,50.00
5441,5441,4,1,100.00,100.00
5442,5442,4,1,100.00,100.00
5443,5443,11,1,50.00,50.00
5444,5444,2,1,100.00,100.00
5445,5445,3,1,100.00,100.00
5446,5446,3,1,100.00,100.00
5447,5447,12,1,50.00,50.00
5448,5448,1,1,100.00,100.00
5449,5449,4,1,100.00,100.00
5450,5450,11,1,50.00,50.00
5451,5451,9,1,50.00,50.00
5452,5452,7,1,50.00,50.00
5453,5453,2,1,100.00,100.00
5454,5454,3,1,100.00,100.00
5455,5455,5,1,100.00,100.00
5456,5456,5,1,100.00,100.00
5457,5457,9,1,50.00,50.00
5458,5458,7,1,50.00,50.00
5459,5459,12,1,50.00,50.00
5460,5460,7,1,50.00,50.00
5461,5461,4,1,100.00,100.00
5462,5462,12,1,50.00,50.00
5463,5463,3,1,100.00,100.00
5464,5464,9,1,50.00,50.00
5465,5465,2,1,100.00,100.00
5466,5466,8,1,50.00,50.00
5467,5467,6,1,100.00,100.00
5468,5468,11,1,50.00,50.00
5469,5469,7,1,50.00,50.00
5470,5470,7,1,50.00,50.00
5471,5471,10,1,50.00,50.00
5472,5472,3,1,100.00,100.00
5473,5473,3,1,100.00,100.00
5474,5474,12,1,50.00,50.00
5475,5475,4,1,100.00,100.00
5476,5476,10,1,50.00,50.00
5477,5477,9,1,50.00,50.00
5478,5478,5,1,100.00,100.00
5479,5479,3,1,100.00,100.00
5480,5480,9,1,50.00,50.00
5481,5481,7,1,50.00,50.00
5482,5482,6,1,100.00,100.00
5483,5483,8,1,50.00,50.00
5484,5484,11,1,50.00,50.00
5485,5485,1,1,100.00,100.00
5486,5486,8,1,50.00,50.00
5487,5487,5,1,100.00,100.00
5488,5488,4,1,100.00,100.00
5489,5489,4,1,100.00,100.00
5490,5490,9,1,50.00,50.00
5491,5491,10,1,50.00,50.00
5492,5492,1,1,100.00,100.00
5493,5493,8,1,50.00,50.00
5494,5494,8,1,50.00,50.00
5495,5495,11,1,50.00,50.00
5496,5496,3,1,100.00,100.00
5497,5497,5,1,100.00,100.00
5498,5498,10,1,50.00,50.00
5499,5499,10,1,50.00,50.00
5500,5500,3,1,100.00,100.00
5501,5501,12,1,50.00,50.00
5502,5502,5,1,100.00,100.00
5503,5503,12,1,50.00,50.00
5504,5504,9,1,50.00,50.00
5505,5505,1,1,100.00,100.00
5506,5506,8,1,50.00,50.00
5507,5507,1,1,100.00,100.00
5508,5508,5,1,100.00,100.00
5509,5509,9,1,50.00,50.00
5510,5510,1,1,100.00,100.00
5511,5511,3,1,100.00,100.00
5512,5512,5,1,100.00,100.00
5513,5513,10,1,50.00,50.00
5514,5514,11,1,50.00,50.00
5515,5515,4,1,100.00,100.00
5516,5516,1,1,100.00,100.00
5517,5517,11,1,50.00,50.00
5518,5518,3,1,100.00,100.00
5519,5519,7,1,50.00,50.00
5520,5520,11,1,50.00,50.00
5521,5521,2,1,100.00,100.00
5522,5522,7,1,50.00,50.00
5523,5523,5,1,100.00,100.00
5524,5524,7,1,50.00,50.00
5525,5525,11,1,50.00,50.00
5526,5526,11,1,50.00,50.00
5527,5527,4,1,100.00,100.00
5528,5528,9,1,50.00,50.00
5529,5529,8,1,50.00,50.00
5530,5530,4,1,100.00,100.00
5531,5531,10,1,50.00,50.00
5532,5532,11,1,50.00,50.00
5533,5533,6,1,100.00,100.00
5534,5534,7,1,50.00,50.00
5535,5535,3,1,100.00,100.00
5536,5536,6,1,100.00,100.00
5537,5537,7,1,50.00,50.00
5538,5538,4,1,100.00,100.00
5539,5539,9,1,50.00,50.00
5540,5540,12,1,50.00,50.00
5541,5541,6,1,100.00,100.00
5542,5542,8,1,50.00,50.00
5543,5543,9,1,50.00,50.00
5544,5544,2,1,100.00,100.00
5545,5545,9,1,50.00,50.00
5546,5546,11,1,50.00,50.00
5547,5547,7,1,50.00,50.00
5548,5548,11,1,50.00,50.00
5549,5549,10,1,50.00,50.00
5550,5550,12,1,50.00,50.00
5551,5551,8,1,50.00,50.00
5552,5552,7,1,50.00,50.00
5553,5553,10,1,50.00,50.00
5554,5554,2,1,100.00,100.00
5555,5555,8,1,50.00,50.00
5556,5556,12,1,50.00,50.00
5557,5557,3,1,100.00,100.00
5558,5558,7,1,50.00,50.00
5559,5559,5,1,100.00,100.00
5560,5560,4,1,100.00,100.00
5561,5561,7,1,50.00,50.00
5562,5562,3,1,100.00,100.00
5563,5563,1,1,100.00,100.00
5564,5564,2,1,100.00,100.00
5565,5565,1,1,100.00,100.00
5566,5566,9,1,50.00,50.00
5567,5567,10,1,50.00,50.00
5568,5568,8,1,50.00,50.00
5569,5569,6,1,100.00,100.00
5570,5570,4,1,100.00,100.00
5571,5571,4,1,100.00,100.00
5572,5572,6,1,100.00,100.00
5573,5573,3,1,100.00,100.00
5574,5574,6,1,100.00,100.00
5575,5575,3,1,100.00,100.00
5576,5576,5,1,100.00,100.00
5577,5577,5,1,100.00,100.00
5578,5578,7,1,50.00,50.00
5579,5579,8,1,50.00,50.00
5580,5580,6,1,100.00,100.00
5581,5581,9,1,50.00,50.00
5582,5582,7,1,50.00,50.00
5583,5583,8,1,50.00,50.00
5584,5584,6,1,100.00,100.00
5585,5585,9,1,50.00,50.00
5586,5586,2,1,100.00,100.00
5587,5587,11,1,50.00,50.00
5588,5588,10,1,50.00,50.00
5589,5589,4,1,100.00,100.00
5590,5590,8,1,50.00,50.00
5591,5591,12,1,50.00,50.00
5592,5592,9,1,50.00,50.00
5593,5593,8,1,50.00,50.00
5594,5594,10,1,50.00,50.00
5595,5595,9,1,50.00,50.00
5596,5596,6,1,100.00,100.00
5597,5597,5,1,100.00,100.00
5598,5598,7,1,50.00,50.00
5599,5599,2,1,100.00,100.00
5600,5600,12,1,50.00,50.00
5601,5601,11,1,50.00,50.00
5602,5602,7,1,50.00,50.00
5603,5603,7,1,50.00,50.00
5604,5604,12,1,50.00,50.00
5605,5605,1,1,100.00,100.00
5606,5606,6,1,100.00,100.00
5607,5607,12,1,50.00,50.00
5608,5608,2,1,100.00,100.00
5609,5609,3,1,100.00,100.00
5610,5610,3,1,100.00,100.00
5611,5611,1,1,100.00,100.00
5612,5612,9,1,50.00,50.00
5613,5613,2,1,100.00,100.00
5614,5614,11,1,50.00,50.00
5615,5615,6,1,100.00,100.00
5616,5616,8,1,50.00,50.00
5617,5617,11,1,50.00,50.00
5618,5618,6,1,100.00,100.00
5619,5619,6,1,100.00,100.00
5620,5620,2,1,100.00,100.00
5621,5621,6,1,100.00,100.00
5622,5622,5,1,100.00,100.00
5623,5623,12,1,50.00,50.00
5624,5624,10,1,50.00,50.00
5625,5625,4,1,100.00,100.00
5626,5626,8,1,50.00,50.00
5627,5627,11,1,50.00,50.00
5628,5628,3,1,100.00,100.00
5629,5629,1,1,100.00,100.00
5630,5630,10,1,50.00,50.00
5631,5631,1,1,100.00,100.00
5632,5632,8,1,50.00,50.00
5633,5633,4,1,100.00,100.00
5634,5634,5,1,100.00,100.00
5635,5635,5,1,100.00,100.00
5636,5636,10,1,50.00,50.00
5637,5637,3,1,100.00,100.00
5638,5638,10,1,50.00,50.00
5639,5639,9,1,50.00,50.00
5640,5640,8,1,50.00,50.00
5641,5641,2,1,100.00,100.00
5642,5642,10,1,50.00,50.00
5643,5643,8,1,50.00,50.00
5644,5644,3,1,100.00,100.00
5645,5645,7,1,50.00,50.00
5646,5646,3,1,100.00,100.00
5647,5647,8,1,50.00,50.00
5648,5648,3,1,100.00,100.00
5649,5649,4,1,100.00,100.00
5650,5650,12,1,50.00,50.00
5651,5651,11,1,50.00,50.00
5652,5652,10,1,50.00,50.00
5653,5653,10,1,50.00,50.00
5654,5654,3,1,100.00,100.00
5655,5655,8,1,50.00,50.00
5656,5656,11,1,50.00,50.00
5657,5657,9,1,50.00,50.00
5658,5658,11,1,50.00,50.00
5659,5659,10,1,50.00,50.00
5660,5660,11,1,50.00,50.00
5661,5661,5,1,100.00,100.00
5662,5662,3,1,100.00,100.00
5663,5663,7,1,50.00,50.00
5664,5664,8,1,50.00,50.00
5665,5665,3,1,100.00,100.00
5666,5666,7,1,50.00,50.00
5667,5667,7,1,50.00,50.00
5668,5668,8,1,50.00,50.00
5669,5669,9,1,50.00,50.00
5670,5670,8,1,50.00,50.00
5671,5671,7,1,50.00,50.00
5672,5672,12,1,50.00,50.00
5673,5673,6,1,100.00,100.00
5674,5674,3,1,100.00,100.00
5675,5675,11,1,50.00,50.00
5676,5676,1,1,100.00,100.00
5677,5677,3,1,100.00,100.00
5678,5678,12,1,50.00,50.00
5679,5679,8,1,50.00,50.00
5680,5680,10,1,50.00,50.00
5681,5681,11,1,50.00,50.00
5682,5682,10,1,50.00,50.00
5683,5683,12,1,50.00,50.00
5684,5684,11,1,50.00,50.00
5685,5685,3,1,100.00,100.00
5686,5686,8,1,50.00,50.00
5687,5687,3,1,100.00,100.00
5688,5688,9,1,50.00,50.00
5689,5689,1,1,100.00,100.00
5690,5690,9,1,50.00,50.00
5691,5691,6,1,100.00,100.00
5692,5692,6,1,100.00,100.00
5693,5693,9,1,50.00,50.00
5694,5694,8,1,50.00,50.00
5695,5695,10,1,50.00,50.00
5696,5696,3,1,100.00,100.00
5697,5697,8,1,50.00,50.00
5698,5698,9,1,50.00,50.00
5699,5699,10,1,50.00,50.00
5700,5700,7,1,50.00,50.00
5701,5701,9,1,50.00,50.00
5702,5702,8,1,50.00,50.00
5703,5703,11,1,50.00,50.00
5704,5704,11,1,50.00,50.00
5705,5705,6,1,100.00,100.00
5706,5706,4,1,100.00,100.00
5707,5707,4,1,100.00,100.00
5708,5708,12,1,50.00,50.00
5709,5709,10,1,50.00,50.00
5710,5710,10,1,50.00,50.00
5711,5711,5,1,100.00,100.00
5712,5712,12,1,50.00,50.00
5713,5713,8,1,50.00,50.00
5714,5714,9,1,50.00,50.00
5715,5715,7,1,50.00,50.00
5716,5716,9,1,50.00,50.00
5717,5717,8,1,50.00,50.00
5718,5718,9,1,50.00,50.00
5719,5719,3,1,100.00,100.00
5720,5720,8,1,50.00,50.00
5721,5721,4,1,100.00,100.00
5722,5722,1,1,100.00,100.00
5723,5723,12,1,50.00,50.00
5724,5724,9,1,50.00,50.00
5725,5725,6,1,100.00,100.00
5726,5726,3,1,100.00,100.00
5727,5727,5,1,100.00,100.00
5728,5728,12,1,50.00,50.00
5729,5729,2,1,100.00,100.00
5730,5730,5,1,100.00,100.00
5731,5731,11,1,50.00,50.00
5732,5732,12,1,50.00,50.00
5733,5733,3,1,100.00,100.00
5734,5734,11,1,50.00,50.00
5735,5735,8,1,50.00,50.00
5736,5736,10,1,50.00,50.00
5737,5737,10,1,50.00,50.00
5738,5738,5,1,100.00,100.00
5739,5739,7,1,50.00,50.00
5740,5740,2,1,100.00,100.00
5741,5741,3,1,100.00,100.00
5742,5742,10,1,50.00,50.00
5743,5743,9,1,50.00,50.00
5744,5744,10,1,50.00,50.00
5745,5745,7,1,50.00,50.00
5746,5746,12,1,50.00,50.00
5747,5747,7,1,50.00,50.00
5748,5748,6,1,100.00,100.00
5749,5749,7,1,50.00,50.00
5750,5750,7,1,50.00,50.00
5751,5751,4,1,100.00,100.00
5752,5752,4,1,100.00,100.00
5753,5753,5,1,100.00,100.00
5754,5754,5,1,100.00,100.00
5755,5755,4,1,100.00,100.00
5756,5756,11,1,50.00,50.00
5757,5757,10,1,50.00,50.00
5758,5758,11,1,50.00,50.00
5759,5759,9,1,50.00,50.00
5760,5760,6,1,100.00,100.00
5761,5761,11,1,50.00,50.00
5762,5762,3,1,100.00,100.00
5763,5763,7,1,50.00,50.00
5764,5764,6,1,100.00,100.00
5765,5765,9,1,50.00,50.00
5766,5766,8,1,50.00,50.00
5767,5767,12,1,50.00,50.00
5768,5768,8,1,50.00,50.00
5769,5769,4,1,100.00,100.00
5770,5770,10,1,50.00,50.00
5771,5771,4,1,100.00,100.00
5772,5772,10,1,50.00,50.00
5773,5773,12,1,50.00,50.00
5774,5774,1,1,100.00,100.00
5775,5775,2,1,100.00,100.00
5776,5776,2,1,100.00,100.00
5777,5777,7,1,50.00,50.00
5778,5778,9,1,50.00,50.00
5779,5779,7,1,50.00,50.00
5780,5780,7,1,50.00,50.00
5781,5781,4,1,100.00,100.00
5782,5782,4,1,100.00,100.00
5783,5783,6,1,100.00,100.00
5784,5784,4,1,100.00,100.00
5785,5785,10,1,50.00,50.00
5786,5786,8,1,50.00,50.00
5787,5787,11,1,50.00,50.00
5788,5788,10,1,50.00,50.00
5789,5789,1,1,100.00,100.00
5790,5790,8,1,50.00,50.00
5791,5791,2,1,100.00,100.00
5792,5792,12,1,50.00,50.00
5793,5793,9,1,50.00,50.00
5794,5794,5,1,100.00,100.00
5795,5795,9,1,50.00,50.00
5796,5796,4,1,100.00,100.00
5797,5797,11,1,50.00,50.00
5798,5798,7,1,50.00,50.00
5799,5799,5,1,100.00,100.00
5800,5800,1,1,100.00,100.00
5801,5801,3,1,100.00,100.00
5802,5802,7,1,50.00,50.00
5803,5803,11,1,50.00,50.00
5804,5804,12,1,50.00,50.00
5805,5805,8,1,50.00,50.00
5806,5806,10,1,50.00,50.00
5807,5807,12,1,50.00,50.00
5808,5808,11,1,50.00,50.00
5809,5809,9,1,50.00,50.00
5810,5810,9,1,50.00,50.00
5811,5811,3,1,100.00,100.00
5812,5812,1,1,100.00,100.00
5813,5813,6,1,100.00,100.00
5814,5814,7,1,50.00,50.00
5815,5815,8,1,50.00,50.00
5816,5816,8,1,50.00,50.00
5817,5817,12,1,50.00,50.00
5818,5818,8,1,50.00,50.00
5819,5819,7,1,50.00,50.00
5820,5820,8,1,50.00,50.00
5821,5821,1,1,100.00,100.00
5822,5822,11,1,50.00,50.00
5823,5823,6,1,100.00,100.00
5824,5824,3,1,100.00,100.00
5825,5825,7,1,50.00,50.00
5826,5826,8,1,50.00,50.00
5827,5827,9,1,50.00,50.00
5828,5828,4,1,100.00,100.00
5829,5829,10,1,50.00,50.00
5830,5830,8,1,50.00,50.00
5831,5831,12,1,50.00,50.00
5832,5832,2,1,100.00,100.00
5833,5833,2,1,100.00,100.00
5834,5834,9,1,50.00,50.00
5835,5835,11,1,50.00,50.00
5836,5836,2,1,100.00,100.00
5837,5837,7,1,50.00,50.00
5838,5838,6,1,100.00,100.00
5839,5839,7,1,50.00,50.00
5840,5840,2,1,100.00,100.00
5841,5841,1,1,100.00,100.00
5842,5842,6,1,100.00,100.00
5843,5843,9,1,50.00,50.00
5844,5844,10,1,50.00,50.00
5845,5845,9,1,50.00,50.00
5846,5846,2,1,100.00,100.00
5847,5847,11,1,50.00,50.00
5848,5848,11,1,50.00,50.00
5849,5849,4,1,100.00,100.00
5850,5850,9,1,50.00,50.00
5851,5851,5,1,100.00,100.00
5852,5852,9,1,50.00,50.00
5853,5853,8,1,50.00,50.00
5854,5854,6,1,100.00,100.00
5855,5855,1,1,100.00,100.00
5856,5856,7,1,50.00,50.00
5857,5857,4,1,100.00,100.00
5858,5858,7,1,50.00,50.00
5859,5859,4,1,100.00,100.00
5860,5860,3,1,100.00,100.00
5861,5861,12,1,50.00,50.00
5862,5862,11,1,50.00,50.00
5863,5863,12,1,50.00,50.00
5864,5864,7,1,50.00,50.00
5865,5865,8,1,50.00,50.00
5866,5866,11,1,50.00,50.00
5867,5867,11,1,50.00,50.00
5868,5868,9,1,50.00,50.00
5869,5869,10,1,50.00,50.00
5870,5870,1,1,100.00,100.00
5871,5871,3,1,100.00,100.00
5872,5872,1,1,100.00,100.00
5873,5873,4,1,100.00,100.00
5874,5874,8,1,50.00,50.00
5875,5875,11,1,50.00,50.00
5876,5876,11,1,50.00,50.00
5877,5877,7,1,50.00,50.00
5878,5878,10,1,50.00,50.00
5879,5879,6,1,100.00,100.00
5880,5880,7,1,50.00,50.00
5881,5881,9,1,50.00,50.00
5882,5882,4,1,100.00,100.00
5883,5883,11,1,50.00,50.00
5884,5884,5,1,100.00,100.00
5885,5885,8,1,50.00,50.00
5886,5886,11,1,50.00,50.00
5887,5887,10,1,50.00,50.00
5888,5888,12,1,50.00,50.00
5889,5889,9,1,50.00,50.00
5890,5890,7,1,50.00,50.00
5891,5891,7,1,50.00,50.00
5892,5892,11,1,50.00,50.00
5893,5893,2,1,100.00,100.00
5894,5894,10,1,50.00,50.00
5895,5895,9,1,50.00,50.00
5896,5896,10,1,50.00,50.00
5897,5897,12,1,50.00,50.00
5898,5898,7,1,50.00,50.00
5899,5899,10,1,50.00,50.00
5900,5900,10,1,50.00,50.00
5901,5901,11,1,50.00,50.00
5902,5902,5,1,100.00,100.00
5903,5903,11,1,50.00,50.00
5904,5904,8,1,50.00,50.00
5905,5905,7,1,50.00,50.00
5906,5906,9,1,50.00,50.00
5907,5907,3,1,100.00,100.00
5908,5908,4,1,100.00,100.00
5909,5909,12,1,50.00,50.00
5910,5910,12,1,50.00,50.00
5911,5911,6,1,100.00,100.00
5912,5912,4,1,100.00,100.00
5913,5913,12,1,50.00,50.00
5914,5914,9,1,50.00,50.00
5915,5915,3,1,100.00,100.00
5916,5916,12,1,50.00,50.00
5917,5917,11,1,50.00,50.00
5918,5918,4,1,100.00,100.00
5919,5919,7,1,50.00,50.00
5920,5920,5,1,100.00,100.00
5921,5921,2,1,100.00,100.00
5922,5922,11,1,50.00,50.00
5923,5923,11,1,50.00,50.00
5924,5924,6,1,100.00,100.00
5925,5925,3,1,100.00,100.00
5926,5926,8,1,50.00,50.00
5927,5927,8,1,50.00,50.00
5928,5928,10,1,50.00,50.00
5929,5929,9,1,50.00,50.00
5930,5930,9,1,50.00,50.00
5931,5931,7,1,50.00,50.00
5932,5932,11,1,50.00,50.00
5933,5933,10,1,50.00,50.00
5934,5934,7,1,50.00,50.00
5935,5935,6,1,100.00,100.00
5936,5936,12,1,50.00,50.00
5937,5937,9,1,50.00,50.00
5938,5938,10,1,50.00,50.00
5939,5939,9,1,50.00,50.00
5940,5940,2,1,100.00,100.00
5941,5941,9,1,50.00,50.00
5942,5942,9,1,50.00,50.00
5943,5943,8,1,50.00,50.00
5944,5944,6,1,100.00,100.00
5945,5945,5,1,100.00,100.00
5946,5946,8,1,50.00,50.00
5947,5947,2,1,100.00,100.00
5948,5948,12,1,50.00,50.00
5949,5949,7,1,50.00,50.00
5950,5950,2,1,100.00,100.00
5951,5951,12,1,50.00,50.00
5952,5952,9,1,50.00,50.00
5953,5953,8,1,50.00,50.00
5954,5954,6,1,100.00,100.00
5955,5955,6,1,100.00,100.00
5956,5956,9,1,50.00,50.00
5957,5957,7,1,50.00,50.00
5958,5958,11,1,50.00,50.00
5959,5959,6,1,100.00,100.00
5960,5960,8,1,50.00,50.00
5961,5961,8,1,50.00,50.00
5962,5962,5,1,100.00,100.00
5963,5963,10,1,50.00,50.00
5964,5964,8,1,50.00,50.00
5965,5965,9,1,50.00,50.00
5966,5966,2,1,100.00,100.00
5967,5967,12,1,50.00,50.00
5968,5968,5,1,100.00,100.00
5969,5969,8,1,50.00,50.00
5970,5970,2,1,100.00,100.00
5971,5971,2,1,100.00,100.00
5972,5972,5,1,100.00,100.00
5973,5973,11,1,50.00,50.00
5974,5974,6,1,100.00,100.00
5975,5975,3,1,100.00,100.00
5976,5976,5,1,100.00,100.00
5977,5977,12,1,50.00,50.00
5978,5978,12,1,50.00,50.00
5979,5979,12,1,50.00,50.00
5980,5980,10,1,50.00,50.00
5981,5981,1,1,100.00,100.00
5982,5982,12,1,50.00,50.00
5983,5983,10,1,50.00,50.00
5984,5984,10,1,50.00,50.00
5985,5985,8,1,50.00,50.00
5986,5986,2,1,100.00,100.00
5987,5987,12,1,50.00,50.00
5988,5988,7,1,50.00,50.00
5989,5989,2,1,100.00,100.00
5990,5990,2,1,100.00,100.00
5991,5991,10,1,50.00,50.00
5992,5992,6,1,100.00,100.00
5993,5993,12,1,50.00,50.00
5994,5994,11,1,50.00,50.00
5995,5995,12,1,50.00,50.00
5996,5996,3,1,100.00,100.00
5997,5997,10,1,50.00,50.00
5998,5998,4,1,100.00,100.00
5999,5999,10,1,50.00,50.00
6000,6000,7,1,50.00,50.00
6001,6001,9,1,50.00,50.00
6002,6002,10,1,50.00,50.00
6003,6003,1,1,100.00,100.00
6004,6004,8,1,50.00,50.00
6005,6005,6,1,100.00,100.00
6006,6006,12,1,50.00,50.00
6007,6007,9,1,50.00,50.00
6008,6008,7,1,50.00,50.00
6009,6009,3,1,100.00,100.00
6010,6010,11,1,50.00,50.00
6011,6011,2,1,100.00,100.00
6012,6012,12,1,50.00,50.00
6013,6013,4,1,100.00,100.00
6014,6014,9,1,50.00,50.00
6015,6015,8,1,50.00,50.00
6016,6016,8,1,50.00,50.00
6017,6017,3,1,100.00,100.00
6018,6018,9,1,50.00,50.00
6019,6019,3,1,100.00,100.00
6020,6020,2,1,100.00,100.00
6021,6021,6,1,100.00,100.00
6022,6022,5,1,100.00,100.00
6023,6023,9,1,50.00,50.00
6024,6024,5,1,100.00,100.00
6025,6025,7,1,50.00,50.00
6026,6026,9,1,50.00,50.00
6027,6027,2,1,100.00,100.00
6028,6028,2,1,100.00,100.00
6029,6029,11,1,50.00,50.00
6030,6030,10,1,50.00,50.00
6031,6031,12,1,50.00,50.00
6032,6032,3,1,100.00,100.00
6033,6033,5,1,100.00,100.00
6034,6034,8,1,50.00,50.00
6035,6035,1,1,100.00,100.00
6036,6036,11,1,50.00,50.00
6037,6037,5,1,100.00,100.00
6038,6038,9,1,50.00,50.00
6039,6039,5,1,100.00,100.00
6040,6040,2,1,100.00,100.00
6041,6041,11,1,50.00,50.00
6042,6042,12,1,50.00,50.00
6043,6043,9,1,50.00,50.00
6044,6044,11,1,50.00,50.00
6045,6045,3,1,100.00,100.00
6046,6046,12,1,50.00,50.00
6047,6047,1,1,100.00,100.00
6048,6048,11,1,50.00,50.00
6049,6049,8,1,50.00,50.00
6050,6050,3,1,100.00,100.00
6051,6051,10,1,50.00,50.00
6052,6052,11,1,50.00,50.00
6053,6053,9,1,50.00,50.00
6054,6054,6,1,100.00,100.00
6055,6055,8,1,50.00,50.00
6056,6056,1,1,100.00,100.00
6057,6057,12,1,50.00,50.00
6058,6058,8,1,50.00,50.00
6059,6059,10,1,50.00,50.00
6060,6060,12,1,50.00,50.00
6061,6061,12,1,50.00,50.00
6062,6062,2,1,100.00,100.00
6063,6063,9,1,50.00,50.00
6064,6064,4,1,100.00,100.00
6065,6065,11,1,50.00,50.00
6066,6066,9,1,50.00,50.00
6067,6067,9,1,50.00,50.00
6068,6068,12,1,50.00,50.00
6069,6069,7,1,50.00,50.00
6070,6070,8,1,50.00,50.00
6071,6071,12,1,50.00,50.00
6072,6072,12,1,50.00,50.00
6073,6073,8,1,50.00,50.00
6074,6074,7,1,50.00,50.00
6075,6075,1,1,100.00,100.00
6076,6076,10,1,50.00,50.00
6077,6077,9,1,50.00,50.00
6078,6078,9,1,50.00,50.00
6079,6079,3,1,100.00,100.00
6080,6080,12,1,50.00,50.00
6081,6081,9,1,50.00,50.00
6082,6082,11,1,50.00,50.00
6083,6083,12,1,50.00,50.00
6084,6084,5,1,100.00,100.00
6085,6085,7,1,50.00,50.00
6086,6086,4,1,100.00,100.00
6087,6087,2,1,100.00,100.00
6088,6088,11,1,50.00,50.00
6089,6089,10,1,50.00,50.00
6090,6090,7,1,50.00,50.00
6091,6091,12,1,50.00,50.00
6092,6092,3,1,100.00,100.00
6093,6093,6,1,100.00,100.00
6094,6094,10,1,50.00,50.00
6095,6095,11,1,50.00,50.00
6096,6096,12,1,50.00,50.00
6097,6097,11,1,50.00,50.00
6098,6098,5,1,100.00,100.00
6099,6099,5,1,100.00,100.00
6100,6100,12,1,50.00,50.00
6101,6101,8,1,50.00,50.00
6102,6102,1,1,100.00,100.00
6103,6103,3,1,100.00,100.00
6104,6104,7,1,50.00,50.00
6105,6105,11,1,50.00,50.00
6106,6106,12,1,50.00,50.00
6107,6107,6,1,100.00,100.00
6108,6108,6,1,100.00,100.00
6109,6109,10,1,50.00,50.00
6110,6110,6,1,100.00,100.00
6111,6111,7,1,50.00,50.00
6112,6112,4,1,100.00,100.00
6113,6113,10,1,50.00,50.00
6114,6114,5,1,100.00,100.00
6115,6115,6,1,100.00,100.00
6116,6116,5,1,100.00,100.00
6117,6117,11,1,50.00,50.00
6118,6118,7,1,50.00,50.00
6119,6119,6,1,100.00,100.00
6120,6120,3,1,100.00,100.00
6121,6121,10,1,50.00,50.00
6122,6122,10,1,50.00,50.00
6123,6123,9,1,50.00,50.00
6124,6124,12,1,50.00,50.00
6125,6125,1,1,100.00,100.00
6126,6126,5,1,100.00,100.00
6127,6127,11,1,50.00,50.00
6128,6128,5,1,100.00,100.00
6129,6129,7,1,50.00,50.00
6130,6130,10,1,50.00,50.00
6131,6131,5,1,100.00,100.00
6132,6132,10,1,50.00,50.00
6133,6133,4,1,100.00,100.00
6134,6134,5,1,100.00,100.00
6135,6135,9,1,50.00,50.00
6136,6136,10,1,50.00,50.00
6137,6137,3,1,100.00,100.00
6138,6138,5,1,100.00,100.00
6139,6139,5,1,100.00,100.00
6140,6140,12,1,50.00,50.00
6141,6141,11,1,50.00,50.00
6142,6142,2,1,100.00,100.00
6143,6143,7,1,50.00,50.00
6144,6144,10,1,50.00,50.00
6145,6145,4,1,100.00,100.00
6146,6146,12,1,50.00,50.00
6147,6147,2,1,100.00,100.00
6148,6148,6,1,100.00,100.00
6149,6149,9,1,50.00,50.00
6150,6150,9,1,50.00,50.00
6151,6151,6,1,100.00,100.00
6152,6152,12,1,50.00,50.00
6153,6153,9,1,50.00,50.00
6154,6154,10,1,50.00,50.00
6155,6155,2,1,100.00,100.00
6156,6156,11,1,50.00,50.00
6157,6157,7,1,50.00,50.00
6158,6158,9,1,50.00,50.00
6159,6159,8,1,50.00,50.00
6160,6160,9,1,50.00,50.00
6161,6161,7,1,50.00,50.00
6162,6162,1,1,100.00,100.00
6163,6163,7,1,50.00,50.00
6164,6164,8,1,50.00,50.00
6165,6165,12,1,50.00,50.00
6166,6166,5,1,100.00,100.00
6167,6167,1,1,100.00,100.00
6168,6168,7,1,50.00,50.00
6169,6169,9,1,50.00,50.00
6170,6170,4,1,100.00,100.00
6171,6171,1,1,100.00,100.00
6172,6172,8,1,50.00,50.00
6173,6173,4,1,100.00,100.00
6174,6174,10,1,50.00,50.00
6175,6175,12,1,50.00,50.00
6176,6176,8,1,50.00,50.00
6177,6177,11,1,50.00,50.00
6178,6178,9,1,50.00,50.00
6179,6179,10,1,50.00,50.00
6180,6180,12,1,50.00,50.00
6181,6181,5,1,100.00,100.00
6182,6182,2,1,100.00,100.00
6183,6183,8,1,50.00,50.00
6184,6184,8,1,50.00,50.00
6185,6185,12,1,50.00,50.00
6186,6186,12,1,50.00,50.00
6187,6187,10,1,50.00,50.00
6188,6188,12,1,50.00,50.00
6189,6189,2,1,100.00,100.00
6190,6190,3,1,100.00,100.00
6191,6191,1,1,100.00,100.00
6192,6192,10,1,50.00,50.00
6193,6193,2,1,100.00,100.00
6194,6194,11,1,50.00,50.00
6195,6195,11,1,50.00,50.00
6196,6196,10,1,50.00,50.00
6197,6197,8,1,50.00,50.00
6198,6198,8,1,50.00,50.00
6199,6199,5,1,100.00,100.00
6200,6200,11,1,50.00,50.00
6201,6201,3,1,100.00,100.00
6202,6202,10,1,50.00,50.00
6203,6203,5,1,100.00,100.00
6204,6204,9,1,50.00,50.00
6205,6205,9,1,50.00,50.00
6206,6206,4,1,100.00,100.00
6207,6207,11,1,50.00,50.00
6208,6208,3,1,100.00,100.00
6209,6209,5,1,100.00,100.00
6210,6210,11,1,50.00,50.00
6211,6211,10,1,50.00,50.00
6212,6212,7,1,50.00,50.00
6213,6213,7,1,50.00,50.00
6214,6214,7,1,50.00,50.00
6215,6215,1,1,100.00,100.00
6216,6216,10,1,50.00,50.00
6217,6217,9,1,50.00,50.00
6218,6218,3,1,100.00,100.00
6219,6219,8,1,50.00,50.00
6220,6220,1,1,100.00,100.00
6221,6221,7,1,50.00,50.00
6222,6222,11,1,50.00,50.00
6223,6223,3,1,100.00,100.00
6224,6224,1,1,100.00,100.00
6225,6225,4,1,100.00,100.00
6226,6226,10,1,50.00,50.00
6227,6227,5,1,100.00,100.00
6228,6228,2,1,100.00,100.00
6229,6229,12,1,50.00,50.00
6230,6230,4,1,100.00,100.00
6231,6231,3,1,100.00,100.00
6232,6232,4,1,100.00,100.00
6233,6233,3,1,100.00,100.00
6234,6234,2,1,100.00,100.00
6235,6235,8,1,50.00,50.00
6236,6236,3,1,100.00,100.00
6237,6237,11,1,50.00,50.00
6238,6238,11,1,50.00,50.00
6239,6239,9,1,50.00,50.00
6240,6240,1,2,100.00,100.00
6241,6241,2,1,100.00,100.00
6242,6242,3,1,100.00,100.00
6243,6243,4,1,100.00,100.00
6244,6244,5,1,100.00,100.00
6245,6245,6,2,100.00,100.00
6246,6246,9,2,50.00,50.00
6247,6247,10,2,50.00,50.00
6248,6248,7,2,50.00,50.00
6249,6249,8,2,50.00,50.00
6250,6250,10,1,50.00,50.00
6251,6251,6,1,100.00,100.00
6252,6252,10,1,50.00,50.00
6253,6253,9,1,50.00,50.00
6254,6254,5,1,100.00,100.00
6255,6255,12,1,50.00,50.00
6256,6256,6,1,100.00,100.00
6257,6257,11,1,50.00,50.00
6258,6258,7,1,50.00,50.00
6259,6259,11,1,50.00,50.00
6260,6260,11,1,50.00,50.00
6261,6261,10,1,50.00,50.00
6262,6262,8,1,50.00,50.00
6263,6263,9,1,50.00,50.00
6264,6264,7,1,50.00,50.00
6265,6265,7,1,50.00,50.00
6266,6266,10,1,50.00,50.00
6267,6267,12,1,50.00,50.00
6268,6268,2,1,100.00,100.00
6269,6269,2,1,100.00,100.00
6270,6270,8,1,50.00,50.00
6271,6271,3,1,100.00,100.00
6272,6272,1,1,100.00,100.00
6273,6273,6,1,100.00,100.00
6274,6274,1,1,100.00,100.00
6275,6275,1,1,100.00,100.00
6276,6276,5,1,100.00,100.00
6277,6277,7,1,50.00,50.00
6278,6278,7,1,50.00,50.00
6279,6279,9,1,50.00,50.00
6280,6280,2,1,100.00,100.00
6281,6281,5,1,100.00,100.00
6282,6282,10,1,50.00,50.00
6283,6283,3,1,100.00,100.00
6284,6284,4,1,100.00,100.00
6285,6285,10,1,50.00,50.00
6286,6286,4,1,100.00,100.00
6287,6287,1,2,100.00,100.00
6288,6288,3,2,100.00,100.00
6289,6289,4,1,100.00,100.00
6290,6290,5,3,100.00,100.00
6291,6291,6,1,100.00,100.00
6292,6292,8,1,50.00,50.00
6293,6293,10,1,50.00,50.00
6294,6294,9,2,50.00,50.00
6295,6295,12,2,50.00,50.00
6296,6296,11,1,50.00,50.00
6297,6297,7,1,50.00,50.00
6298,6298,1,1,100.00,100.00
6299,6299,2,3,100.00,100.00
6300,6300,3,1,100.00,100.00
6301,6301,4,1,100.00,100.00
6302,6302,5,3,100.00,100.00
6303,6303,6,1,100.00,100.00
6304,6304,8,1,50.00,50.00
6305,6305,10,1,50.00,50.00
6306,6306,9,1,50.00,50.00
6307,6307,12,1,50.00,50.00
6308,6308,5,1,100.00,100.00
6309,6309,8,1,50.00,50.00
6310,6310,1,1,100.00,100.00
6311,6311,2,1,100.00,100.00
6312,6312,7,1,50.00,50.00
6313,6313,10,1,50.00,50.00
6314,6314,12,1,50.00,50.00
6315,6315,7,1,50.00,50.00
6316,6316,1,1,100.00,100.00
6317,6317,2,1,100.00,100.00
6318,6318,6,1,100.00,100.00
6319,6319,9,1,50.00,50.00
6320,6320,8,1,50.00,50.00
6321,6321,2,1,100.00,100.00
6322,6322,12,1,50.00,50.00
6323,6323,6,1,100.00,100.00
6324,6324,8,1,50.00,50.00
6325,6325,7,1,50.00,50.00
6326,6326,11,1,50.00,50.00
6327,6327,1,1,100.00,100.00
6328,6328,4,1,100.00,100.00
6329,6329,6,1,100.00,100.00
6330,6330,5,1,100.00,100.00
6331,6331,10,1,50.00,50.00
6332,6332,7,1,50.00,50.00
6333,6333,10,1,50.00,50.00
6334,6334,8,1,50.00,50.00
6335,6335,7,1,50.00,50.00
6336,6336,9,1,50.00,50.00
6337,6337,1,1,100.00,100.00
6338,6338,10,1,50.00,50.00
6339,6339,3,1,100.00,100.00
6340,6340,9,1,50.00,50.00
6341,6341,3,1,100.00,100.00
6342,6342,3,1,100.00,100.00
6343,6343,4,1,100.00,100.00
6344,6344,10,1,50.00,50.00
6345,6345,3,1,100.00,100.00
6346,6346,6,1,100.00,100.00
6347,6347,7,1,50.00,50.00
6348,6348,2,1,100.00,100.00
6349,6349,11,1,50.00,50.00
6350,6350,9,1,50.00,50.00
6351,6351,6,1,100.00,100.00
6352,6352,6,1,100.00,100.00
6353,6353,9,1,50.00,50.00
6354,6354,3,1,100.00,100.00
6355,6355,12,1,50.00,50.00
6356,6356,7,1,50.00,50.00
6357,6357,1,1,100.00,100.00
6358,6358,5,1,100.00,100.00
6359,6359,4,1,100.00,100.00
6360,6360,10,1,50.00,50.00
6361,6361,7,1,50.00,50.00
6362,6362,2,1,100.00,100.00
6363,6363,1,1,100.00,100.00
6364,6364,3,1,100.00,100.00
6365,6365,10,1,50.00,50.00
6366,6366,3,1,100.00,100.00
6367,6367,5,1,100.00,100.00
6368,6368,2,1,100.00,100.00
6369,6369,5,1,100.00,100.00
6370,6370,11,1,50.00,50.00
6371,6371,8,1,50.00,50.00
6372,6372,10,1,50.00,50.00
6373,6373,3,1,100.00,100.00
6374,6374,3,1,100.00,100.00
6375,6375,4,1,100.00,100.00
6376,6376,12,1,50.00,50.00
6377,6377,6,1,100.00,100.00
6378,6378,9,1,50.00,50.00
6379,6379,5,1,100.00,100.00
6380,6380,9,1,50.00,50.00
6381,6381,12,1,50.00,50.00
6382,6382,5,1,100.00,100.00
6383,6383,4,1,100.00,100.00
6384,6384,4,1,100.00,100.00
6385,6385,1,1,100.00,100.00
6386,6386,8,1,50.00,50.00
6387,6387,10,1,50.00,50.00
6388,6388,1,1,100.00,100.00
6389,6389,2,1,100.00,100.00
6390,6390,4,1,100.00,100.00
6391,6391,4,1,100.00,100.00
6392,6392,4,1,100.00,100.00
6393,6393,10,1,50.00,50.00
6394,6394,2,1,100.00,100.00
6395,6395,7,1,50.00,50.00
6396,6396,3,1,100.00,100.00
6397,6397,4,1,100.00,100.00
6398,6398,1,1,100.00,100.00
6399,6399,7,1,50.00,50.00
6400,6400,10,1,50.00,50.00
6401,6401,12,1,50.00,50.00
6402,6402,10,1,50.00,50.00
6403,6403,7,1,50.00,50.00
6404,6404,7,1,50.00,50.00
6405,6405,11,1,50.00,50.00
6406,6406,4,1,100.00,100.00
6407,6407,12,1,50.00,50.00
6408,6408,3,1,100.00,100.00
6409,6409,3,1,100.00,100.00
6410,6410,2,1,100.00,100.00
6411,6411,11,1,50.00,50.00
6412,6412,1,1,100.00,100.00
6413,6413,8,1,50.00,50.00
6414,6414,8,1,50.00,50.00
6415,6415,3,1,100.00,100.00
6416,6416,8,1,50.00,50.00
6417,6417,3,1,100.00,100.00
6418,6418,11,1,50.00,50.00
6419,6419,2,1,100.00,100.00
6420,6420,5,1,100.00,100.00
6421,6421,1,1,100.00,100.00
6422,6422,2,1,100.00,100.00
6423,6423,3,1,100.00,100.00
6424,6424,5,1,100.00,100.00
6425,6425,8,1,50.00,50.00
6426,6426,4,1,100.00,100.00
6427,6427,8,1,50.00,50.00
6428,6428,9,1,50.00,50.00
6429,6429,4,1,100.00,100.00
6430,6430,6,1,100.00,100.00
6431,6431,6,1,100.00,100.00
6432,6432,12,1,50.00,50.00
6433,6433,2,1,100.00,100.00
6434,6434,8,1,50.00,50.00
6435,6435,4,1,100.00,100.00
6436,6436,7,1,50.00,50.00
6437,6437,1,1,100.00,100.00
6438,6438,9,1,50.00,50.00
6439,6439,12,1,50.00,50.00
6440,6440,5,1,100.00,100.00
6441,6441,1,1,100.00,100.00
6442,6442,9,1,50.00,50.00
6443,6443,5,1,100.00,100.00
6444,6444,6,1,100.00,100.00
6445,6445,2,1,100.00,100.00
6446,6446,4,1,100.00,100.00
6447,6447,6,1,100.00,100.00
6448,6448,6,1,100.00,100.00
6449,6449,8,1,50.00,50.00
6450,6450,3,1,100.00,100.00
6451,6451,1,1,100.00,100.00
6452,6452,6,1,100.00,100.00
6453,6453,2,1,100.00,100.00
6454,6454,3,1,100.00,100.00
6455,6455,12,1,50.00,50.00
6456,6456,5,1,100.00,100.00
6457,6457,5,1,100.00,100.00
6458,6458,6,1,100.00,100.00
6459,6459,2,1,100.00,100.00
6460,6460,12,1,50.00,50.00
6461,6461,12,1,50.00,50.00
6462,6462,8,1,50.00,50.00
6463,6463,1,1,100.00,100.00
6464,6464,9,1,50.00,50.00
6465,6465,6,1,100.00,100.00
6466,6466,1,1,100.00,100.00
6467,6467,8,1,50.00,50.00
6468,6468,1,1,100.00,100.00
6469,6469,4,1,100.00,100.00
6470,6470,4,1,100.00,100.00
6471,6471,11,1,50.00,50.00
6472,6472,3,1,100.00,100.00
6473,6473,2,1,100.00,100.00
6474,6474,5,1,100.00,100.00
6475,6475,3,1,100.00,100.00
6476,6476,7,1,50.00,50.00
6477,6477,10,1,50.00,50.00
6478,6478,8,1,50.00,50.00
6479,6479,3,1,100.00,100.00
6480,6480,3,1,100.00,100.00
6481,6481,6,1,100.00,100.00
6482,6482,4,1,100.00,100.00
6483,6483,3,1,100.00,100.00
6484,6484,4,1,100.00,100.00
6485,6485,1,1,100.00,100.00
6486,6486,2,1,100.00,100.00
6487,6487,10,1,50.00,50.00
6488,6488,9,1,50.00,50.00
6489,6489,11,1,50.00,50.00
6490,6490,10,1,50.00,50.00
6491,6491,5,1,100.00,100.00
6492,6492,7,1,50.00,50.00
6493,6493,10,1,50.00,50.00
6494,6494,8,1,50.00,50.00
6495,6495,8,1,50.00,50.00
6496,6496,5,1,100.00,100.00
6497,6497,9,1,50.00,50.00
6498,6498,2,1,100.00,100.00
6499,6499,12,1,50.00,50.00
6500,6500,7,1,50.00,50.00
6501,6501,6,1,100.00,100.00
6502,6502,9,1,50.00,50.00
6503,6503,1,1,100.00,100.00
6504,6504,3,1,100.00,100.00
6505,6505,1,1,100.00,100.00
6506,6506,2,1,100.00,100.00
6507,6507,4,3,100.00,100.00
6508,6508,5,3,100.00,100.00
6509,6509,6,3,100.00,100.00
6510,6510,10,2,50.00,50.00
6511,6511,12,1,50.00,50.00
6512,6512,8,2,50.00,50.00
6513,6513,11,2,50.00,50.00
6514,6514,9,2,50.00,50.00
6515,6515,2,1,100.00,100.00
6516,6516,9,1,50.00,50.00
6517,6517,8,1,50.00,50.00
6518,6518,11,1,50.00,50.00
6519,6519,5,1,100.00,100.00
6520,6520,3,1,100.00,100.00
6521,6521,6,1,100.00,100.00
6522,6522,1,3,100.00,100.00
6523,6523,2,2,100.00,100.00
6524,6524,3,1,100.00,100.00
6525,6525,5,3,100.00,100.00
6526,6526,6,1,100.00,100.00
6527,6527,12,2,50.00,50.00
6528,6528,8,1,50.00,50.00
6529,6529,10,2,50.00,50.00
6530,6530,1,1,100.00,100.00
6531,6531,2,1,100.00,100.00
6532,6532,5,1,100.00,100.00
6533,6533,7,1,50.00,50.00
6534,6534,6,1,100.00,100.00
6535,6535,1,1,100.00,100.00
6536,6536,5,1,100.00,100.00
6537,6537,3,1,100.00,100.00
6538,6538,1,1,100.00,100.00
6539,6539,10,1,50.00,50.00
6540,6540,8,1,50.00,50.00
6541,6541,3,1,100.00,100.00
6542,6542,1,2,100.00,100.00
6543,6543,2,1,100.00,100.00
6544,6544,3,1,100.00,100.00
6545,6545,4,2,100.00,100.00
6546,6546,5,3,100.00,100.00
6547,6547,6,3,100.00,100.00
6548,6548,9,2,50.00,50.00
6549,6549,10,2,50.00,50.00
6550,6550,12,1,50.00,50.00
6551,6551,7,1,50.00,50.00
6552,6552,8,2,50.00,50.00
6553,6553,1,1,100.00,100.00
6554,6554,4,1,100.00,100.00
6555,6555,6,1,100.00,100.00
6556,6556,8,1,50.00,50.00
6557,6557,1,1,100.00,100.00
6558,6558,9,1,50.00,50.00
6559,6559,3,1,100.00,100.00
6560,6560,11,1,50.00,50.00
6561,6561,1,1,100.00,100.00
6562,6562,9,1,50.00,50.00
6563,6563,2,1,100.00,100.00
6564,6564,7,1,50.00,50.00
6565,6565,1,1,100.00,100.00
6566,6566,8,1,50.00,50.00
6567,6567,8,1,50.00,50.00
6568,6568,2,1,100.00,100.00
6569,6569,5,1,100.00,100.00
6570,6570,7,1,50.00,50.00
6571,6571,2,1,100.00,100.00
6572,6572,10,1,50.00,50.00
6573,6573,1,1,100.00,100.00
6574,6574,9,1,50.00,50.00
6575,6575,1,3,100.00,100.00
6576,6576,2,2,100.00,100.00
6577,6577,3,2,100.00,100.00
6578,6578,4,1,100.00,100.00
6579,6579,5,2,100.00,100.00
6580,6580,6,1,100.00,100.00
6581,6581,11,2,50.00,50.00
6582,6582,8,1,50.00,50.00
6583,6583,9,1,50.00,50.00
6584,6584,10,1,50.00,50.00
6585,6585,9,1,50.00,50.00
6586,6586,4,1,100.00,100.00
6587,6587,11,1,50.00,50.00
6588,6588,6,1,100.00,100.00
6589,6589,9,1,50.00,50.00
6590,6590,11,1,50.00,50.00
6591,6591,6,1,100.00,100.00
6592,6592,3,1,100.00,100.00
6593,6593,5,1,100.00,100.00
6594,6594,2,1,100.00,100.00
6595,6595,1,1,100.00,100.00
6596,6596,4,1,100.00,100.00
6597,6597,1,1,100.00,100.00
6598,6598,4,1,100.00,100.00
6599,6599,9,1,50.00,50.00
6600,6600,3,1,100.00,100.00
6601,6601,10,1,50.00,50.00
6602,6602,2,1,100.00,100.00
6603,6603,2,1,100.00,100.00
6604,6604,8,1,50.00,50.00
6605,6605,11,1,50.00,50.00
6606,6606,11,1,50.00,50.00
6607,6607,8,1,50.00,50.00
6608,6608,9,1,50.00,50.00
6609,6609,7,1,50.00,50.00
6610,6610,10,1,50.00,50.00
6611,6611,10,1,50.00,50.00
6612,6612,1,1,100.00,100.00
6613,6613,7,1,50.00,50.00
6614,6614,8,1,50.00,50.00
6615,6615,5,1,100.00,100.00
6616,6616,3,1,100.00,100.00
6617,6617,8,1,50.00,50.00
6618,6618,5,1,100.00,100.00
6619,6619,9,1,50.00,50.00
6620,6620,4,1,100.00,100.00
6621,6621,6,1,100.00,100.00
6622,6622,10,1,50.00,50.00
6623,6623,7,1,50.00,50.00
6624,6624,3,1,100.00,100.00
6625,6625,3,1,100.00,100.00
6626,6626,3,1,100.00,100.00
6627,6627,9,1,50.00,50.00
6628,6628,10,1,50.00,50.00
6629,6629,9,1,50.00,50.00
6630,6630,8,1,50.00,50.00
6631,6631,3,1,100.00,100.00
6632,6632,6,1,100.00,100.00
6633,6633,6,1,100.00,100.00
6634,6634,12,1,50.00,50.00
6635,6635,8,1,50.00,50.00
6636,6636,10,1,50.00,50.00
6637,6637,4,1,100.00,100.00
6638,6638,1,1,100.00,100.00
6639,6639,1,1,100.00,100.00
6640,6640,11,1,50.00,50.00
6641,6641,8,1,50.00,50.00
6642,6642,9,1,50.00,50.00
6643,6643,4,1,100.00,100.00
6644,6644,8,1,50.00,50.00
6645,6645,12,1,50.00,50.00
6646,6646,8,1,50.00,50.00
6647,6647,4,1,100.00,100.00
6648,6648,5,1,100.00,100.00
6649,6649,2,1,100.00,100.00
6650,6650,7,1,50.00,50.00
6651,6651,4,1,100.00,100.00
6652,6652,3,1,100.00,100.00
6653,6653,2,1,100.00,100.00
6654,6654,12,1,50.00,50.00
6655,6655,3,1,100.00,100.00
6656,6656,4,1,100.00,100.00
6657,6657,9,1,50.00,50.00
6658,6658,1,1,100.00,100.00
6659,6659,6,1,100.00,100.00
6660,6660,4,1,100.00,100.00
6661,6661,2,1,100.00,100.00
6662,6662,6,1,100.00,100.00
6663,6663,9,1,50.00,50.00
6664,6664,6,1,100.00,100.00
6665,6665,6,1,100.00,100.00
6666,6666,3,1,100.00,100.00
6667,6667,12,1,50.00,50.00
6668,6668,5,1,100.00,100.00
6669,6669,11,1,50.00,50.00
6670,6670,9,1,50.00,50.00
6671,6671,2,1,100.00,100.00
6672,6672,11,1,50.00,50.00
6673,6673,11,1,50.00,50.00
6674,6674,1,1,100.00,100.00
6675,6675,3,1,100.00,100.00
6676,6676,6,1,100.00,100.00
6677,6677,2,1,100.00,100.00
6678,6678,8,1,50.00,50.00
6679,6679,7,1,50.00,50.00
6680,6680,11,1,50.00,50.00
6681,6681,8,1,50.00,50.00
6682,6682,7,1,50.00,50.00
6683,6683,9,1,50.00,50.00
6684,6684,1,1,100.00,100.00
6685,6685,8,1,50.00,50.00
6686,6686,7,1,50.00,50.00
6687,6687,3,1,100.00,100.00
6688,6688,6,1,100.00,100.00
6689,6689,6,1,100.00,100.00
6690,6690,12,1,50.00,50.00
6691,6691,4,1,100.00,100.00
6692,6692,7,1,50.00,50.00
6693,6693,9,1,50.00,50.00
6694,6694,12,1,50.00,50.00
6695,6695,12,1,50.00,50.00
6696,6696,12,1,50.00,50.00
6697,6697,7,1,50.00,50.00
6698,6698,10,1,50.00,50.00
6699,6699,1,1,100.00,100.00
6700,6700,1,1,100.00,100.00
6701,6701,5,1,100.00,100.00
6702,6702,11,1,50.00,50.00
6703,6703,12,1,50.00,50.00
6704,6704,9,1,50.00,50.00
6705,6705,4,1,100.00,100.00
6706,6706,10,1,50.00,50.00
6707,6707,1,1,100.00,100.00
6708,6708,2,2,100.00,100.00
6709,6709,3,1,100.00,100.00
6710,6710,4,1,100.00,100.00
6711,6711,5,1,100.00,100.00
6712,6712,6,1,100.00,100.00
6713,6713,8,1,50.00,50.00
6714,6714,7,1,50.00,50.00
6715,6715,9,2,50.00,50.00
6716,6716,12,2,50.00,50.00
6717,6717,11,1,50.00,50.00
6718,6718,1,1,100.00,100.00
6719,6719,8,1,50.00,50.00
6720,6720,3,1,100.00,100.00
6721,6721,7,1,50.00,50.00
6722,6722,6,1,100.00,100.00
6723,6723,3,1,100.00,100.00
6724,6724,11,1,50.00,50.00
6725,6725,2,1,100.00,100.00
6726,6726,6,1,100.00,100.00
6727,6727,6,1,100.00,100.00
6728,6728,3,1,100.00,100.00
6729,6729,6,1,100.00,100.00
6730,6730,5,1,100.00,100.00
6731,6731,3,1,100.00,100.00
6732,6732,6,1,100.00,100.00
6733,6733,5,1,100.00,100.00
6734,6734,2,1,100.00,100.00
6735,6735,3,1,100.00,100.00
6736,6736,5,1,100.00,100.00
6737,6737,2,1,100.00,100.00
6738,6738,3,1,100.00,100.00
6739,6739,2,1,100.00,100.00
6740,6740,1,1,100.00,100.00
6741,6741,11,1,50.00,50.00
6742,6742,7,1,50.00,50.00
6743,6743,1,1,100.00,100.00
6744,6744,6,1,100.00,100.00
6745,6745,9,1,50.00,50.00
6746,6746,12,1,50.00,50.00
6747,6747,9,1,50.00,50.00
6748,6748,7,1,50.00,50.00
6749,6749,3,1,100.00,100.00
6750,6750,10,1,50.00,50.00
6751,6751,5,1,100.00,100.00
6752,6752,1,1,100.00,100.00
6753,6753,3,1,100.00,100.00
6754,6754,12,1,50.00,50.00
6755,6755,9,1,50.00,50.00
6756,6756,1,3,100.00,100.00
6757,6757,2,2,100.00,100.00
6758,6758,3,2,100.00,100.00
6759,6759,4,3,100.00,100.00
6760,6760,5,1,100.00,100.00
6761,6761,6,3,100.00,100.00
6762,6762,12,1,50.00,50.00
6763,6763,7,2,50.00,50.00
6764,6764,9,2,50.00,50.00
6765,6765,8,1,50.00,50.00
6766,6766,1,1,100.00,100.00
6767,6767,1,1,100.00,100.00
6768,6768,1,1,100.00,100.00
6769,6769,11,1,50.00,50.00
6770,6770,2,1,100.00,100.00
6771,6771,10,1,50.00,50.00
6772,6772,8,1,50.00,50.00
6773,6773,5,1,100.00,100.00
6774,6774,1,1,100.00,100.00
6775,6775,1,1,100.00,100.00
6776,6776,1,3,100.00,100.00
6777,6777,2,3,100.00,100.00
6778,6778,3,3,100.00,100.00
6779,6779,4,1,100.00,100.00
6780,6780,5,3,100.00,100.00
6781,6781,6,3,100.00,100.00
6782,6782,12,1,50.00,50.00
6783,6783,10,2,50.00,50.00
6784,6784,11,1,50.00,50.00
6785,6785,7,2,50.00,50.00
6786,6786,9,1,50.00,50.00
6787,6787,11,1,50.00,50.00
6788,6788,11,1,50.00,50.00
6789,6789,7,1,50.00,50.00
6790,6790,6,1,100.00,100.00
6791,6791,7,1,50.00,50.00
6792,6792,1,1,100.00,100.00
6793,6793,3,1,100.00,100.00
6794,6794,3,1,100.00,100.00
6795,6795,1,1,100.00,100.00
6796,6796,4,1,100.00,100.00
6797,6797,9,1,50.00,50.00
6798,6798,8,1,50.00,50.00
6799,6799,5,1,100.00,100.00
6800,6800,9,1,50.00,50.00
6801,6801,10,1,50.00,50.00
6802,6802,1,1,100.00,100.00
6803,6803,1,1,100.00,100.00
6804,6804,11,1,50.00,50.00
6805,6805,3,1,100.00,100.00
6806,6806,3,1,100.00,100.00
6807,6807,12,1,50.00,50.00
6808,6808,3,1,100.00,100.00
6809,6809,6,1,100.00,100.00
6810,6810,3,1,100.00,100.00
6811,6811,6,1,100.00,100.00
6812,6812,2,1,100.00,100.00
6813,6813,7,1,50.00,50.00
6814,6814,12,1,50.00,50.00
6815,6815,2,1,100.00,100.00
6816,6816,1,1,100.00,100.00
6817,6817,9,1,50.00,50.00
6818,6818,6,1,100.00,100.00
6819,6819,1,1,100.00,100.00
6820,6820,12,1,50.00,50.00
6821,6821,4,1,100.00,100.00
6822,6822,12,1,50.00,50.00
6823,6823,1,1,100.00,100.00
6824,6824,7,1,50.00,50.00
6825,6825,10,1,50.00,50.00
6826,6826,9,1,50.00,50.00
6827,6827,10,1,50.00,50.00
6828,6828,11,1,50.00,50.00
6829,6829,5,1,100.00,100.00
6830,6830,1,1,100.00,100.00
6831,6831,12,1,50.00,50.00
6832,6832,9,1,50.00,50.00
6833,6833,4,1,100.00,100.00
6834,6834,6,1,100.00,100.00
6835,6835,2,1,100.00,100.00
6836,6836,1,1,100.00,100.00
6837,6837,4,1,100.00,100.00
6838,6838,11,1,50.00,50.00
6839,6839,7,1,50.00,50.00
6840,6840,8,1,50.00,50.00
6841,6841,5,1,100.00,100.00
6842,6842,6,1,100.00,100.00
6843,6843,10,1,50.00,50.00
6844,6844,4,1,100.00,100.00
6845,6845,2,1,100.00,100.00
6846,6846,2,1,100.00,100.00
6847,6847,1,1,100.00,100.00
6848,6848,3,2,100.00,100.00
6849,6849,4,3,100.00,100.00
6850,6850,5,2,100.00,100.00
6851,6851,6,3,100.00,100.00
6852,6852,11,1,50.00,50.00
6853,6853,10,2,50.00,50.00
6854,6854,9,1,50.00,50.00
6855,6855,8,2,50.00,50.00
6856,6856,7,1,50.00,50.00
6857,6857,12,2,50.00,50.00
6858,6858,9,1,50.00,50.00
6859,6859,12,1,50.00,50.00
6860,6860,1,1,100.00,100.00
6861,6861,5,1,100.00,100.00
6862,6862,9,1,50.00,50.00
6863,6863,2,1,100.00,100.00
6864,6864,8,1,50.00,50.00
6865,6865,11,1,50.00,50.00
6866,6866,4,1,100.00,100.00
6867,6867,2,1,100.00,100.00
6868,6868,9,1,50.00,50.00
6869,6869,11,1,50.00,50.00
6870,6870,2,1,100.00,100.00
6871,6871,1,1,100.00,100.00
6872,6872,9,1,50.00,50.00
6873,6873,4,1,100.00,100.00
6874,6874,5,1,100.00,100.00
6875,6875,9,1,50.00,50.00
6876,6876,11,1,50.00,50.00
6877,6877,3,1,100.00,100.00
6878,6878,10,1,50.00,50.00
6879,6879,10,1,50.00,50.00
6880,6880,10,1,50.00,50.00
6881,6881,7,1,50.00,50.00
6882,6882,7,1,50.00,50.00
6883,6883,2,1,100.00,100.00
6884,6884,1,1,100.00,100.00
6885,6885,6,1,100.00,100.00
6886,6886,9,1,50.00,50.00
6887,6887,5,1,100.00,100.00
6888,6888,10,1,50.00,50.00
6889,6889,4,1,100.00,100.00
6890,6890,7,1,50.00,50.00
6891,6891,11,1,50.00,50.00
6892,6892,7,1,50.00,50.00
6893,6893,9,1,50.00,50.00
6894,6894,2,1,100.00,100.00
6895,6895,7,1,50.00,50.00
6896,6896,3,1,100.00,100.00
6897,6897,1,2,100.00,100.00
6898,6898,3,3,100.00,100.00
6899,6899,4,2,100.00,100.00
6900,6900,5,2,100.00,100.00
6901,6901,6,2,100.00,100.00
6902,6902,10,2,50.00,50.00
6903,6903,12,2,50.00,50.00
6904,6904,8,2,50.00,50.00
6905,6905,4,1,100.00,100.00
6906,6906,4,1,100.00,100.00
6907,6907,10,1,50.00,50.00
6908,6908,3,1,100.00,100.00
6909,6909,8,1,50.00,50.00
6910,6910,4,1,100.00,100.00
6911,6911,7,1,50.00,50.00
6912,6912,7,1,50.00,50.00
6913,6913,5,1,100.00,100.00
6914,6914,12,1,50.00,50.00
6915,6915,5,1,100.00,100.00
6916,6916,6,1,100.00,100.00
6917,6917,8,1,50.00,50.00
6918,6918,6,1,100.00,100.00
6919,6919,10,1,50.00,50.00
6920,6920,10,1,50.00,50.00
6921,6921,8,1,50.00,50.00
6922,6922,8,1,50.00,50.00
6923,6923,8,1,50.00,50.00
6924,6924,1,1,100.00,100.00
6925,6925,6,1,100.00,100.00
6926,6926,3,1,100.00,100.00
6927,6927,4,1,100.00,100.00
6928,6928,7,1,50.00,50.00
6929,6929,3,1,100.00,100.00
6930,6930,7,1,50.00,50.00
6931,6931,5,1,100.00,100.00
6932,6932,5,1,100.00,100.00
6933,6933,8,1,50.00,50.00
6934,6934,12,1,50.00,50.00
6935,6935,1,1,100.00,100.00
6936,6936,11,1,50.00,50.00
6937,6937,12,1,50.00,50.00
6938,6938,4,1,100.00,100.00
6939,6939,5,1,100.00,100.00
6940,6940,2,1,100.00,100.00
6941,6941,4,1,100.00,100.00
6942,6942,7,1,50.00,50.00
6943,6943,4,1,100.00,100.00
6944,6944,6,1,100.00,100.00
6945,6945,3,1,100.00,100.00
6946,6946,5,1,100.00,100.00
6947,6947,2,1,100.00,100.00
6948,6948,4,1,100.00,100.00
6949,6949,10,1,50.00,50.00
6950,6950,7,1,50.00,50.00
6951,6951,2,1,100.00,100.00
6952,6952,12,1,50.00,50.00
6953,6953,3,1,100.00,100.00
6954,6954,12,1,50.00,50.00
6955,6955,2,1,100.00,100.00
6956,6956,9,1,50.00,50.00
6957,6957,3,1,100.00,100.00
6958,6958,8,1,50.00,50.00
6959,6959,4,1,100.00,100.00
6960,6960,5,1,100.00,100.00
6961,6961,3,1,100.00,100.00
6962,6962,9,1,50.00,50.00
6963,6963,1,1,100.00,100.00
6964,6964,5,1,100.00,100.00
6965,6965,12,1,50.00,50.00
6966,6966,10,1,50.00,50.00
6967,6967,11,1,50.00,50.00
6968,6968,7,1,50.00,50.00
6969,6969,1,1,100.00,100.00
6970,6970,2,1,100.00,100.00
6971,6971,4,1,100.00,100.00
6972,6972,6,1,100.00,100.00
6973,6973,12,1,50.00,50.00
6974,6974,7,1,50.00,50.00
6975,6975,1,1,100.00,100.00
6976,6976,11,1,50.00,50.00
6977,6977,3,1,100.00,100.00
6978,6978,2,1,100.00,100.00
6979,6979,7,1,50.00,50.00
6980,6980,5,1,100.00,100.00
6981,6981,12,1,50.00,50.00
6982,6982,2,1,100.00,100.00
6983,6983,11,1,50.00,50.00
6984,6984,11,1,50.00,50.00
6985,6985,2,1,100.00,100.00
6986,6986,11,1,50.00,50.00
6987,6987,10,1,50.00,50.00
6988,6988,2,1,100.00,100.00
6989,6989,2,1,100.00,100.00
6990,6990,2,1,100.00,100.00
6991,6991,1,1,100.00,100.00
6992,6992,8,1,50.00,50.00
6993,6993,9,1,50.00,50.00
6994,6994,2,1,100.00,100.00
6995,6995,2,1,100.00,100.00
6996,6996,2,1,100.00,100.00
6997,6997,7,1,50.00,50.00
6998,6998,4,1,100.00,100.00
6999,6999,6,1,100.00,100.00
7000,7000,3,1,100.00,100.00
7001,7001,6,1,100.00,100.00
7002,7002,6,1,100.00,100.00
7003,7003,8,1,50.00,50.00
7004,7004,10,1,50.00,50.00
7005,7005,6,1,100.00,100.00
7006,7006,3,1,100.00,100.00
7007,7007,1,1,100.00,100.00
7008,7008,11,1,50.00,50.00
7009,7009,11,1,50.00,50.00
7010,7010,6,1,100.00,100.00
7011,7011,4,1,100.00,100.00
7012,7012,9,1,50.00,50.00
7013,7013,7,1,50.00,50.00
7014,7014,9,1,50.00,50.00
7015,7015,10,1,50.00,50.00
7016,7016,6,1,100.00,100.00
7017,7017,10,1,50.00,50.00
7018,7018,9,1,50.00,50.00
7019,7019,2,1,100.00,100.00
7020,7020,2,1,100.00,100.00
7021,7021,3,1,100.00,100.00
7022,7022,5,1,100.00,100.00
7023,7023,12,1,50.00,50.00
7024,7024,10,1,50.00,50.00
7025,7025,2,1,100.00,100.00
7026,7026,1,1,100.00,100.00
7027,7027,4,1,100.00,100.00
7028,7028,12,1,50.00,50.00
7029,7029,2,1,100.00,100.00
7030,7030,9,1,50.00,50.00
7031,7031,10,1,50.00,50.00
7032,7032,6,1,100.00,100.00
7033,7033,5,1,100.00,100.00
7034,7034,11,1,50.00,50.00
7035,7035,9,1,50.00,50.00
7036,7036,11,1,50.00,50.00
7037,7037,5,1,100.00,100.00
7038,7038,4,1,100.00,100.00
7039,7039,11,1,50.00,50.00
7040,7040,5,1,100.00,100.00
7041,7041,4,1,100.00,100.00
7042,7042,12,1,50.00,50.00
7043,7043,3,1,100.00,100.00
7044,7044,4,1,100.00,100.00
7045,7045,9,1,50.00,50.00
7046,7046,9,1,50.00,50.00
7047,7047,12,1,50.00,50.00
7048,7048,8,1,50.00,50.00
7049,7049,9,1,50.00,50.00
7050,7050,9,1,50.00,50.00
7051,7051,8,1,50.00,50.00
7052,7052,1,1,100.00,100.00
7053,7053,12,1,50.00,50.00
7054,7054,9,1,50.00,50.00
7055,7055,6,1,100.00,100.00
7056,7056,1,1,100.00,100.00
7057,7057,2,1,100.00,100.00
7058,7058,11,1,50.00,50.00
7059,7059,3,1,100.00,100.00
7060,7060,3,1,100.00,100.00
7061,7061,9,1,50.00,50.00
7062,7062,11,1,50.00,50.00
7063,7063,3,1,100.00,100.00
7064,7064,6,1,100.00,100.00
7065,7065,9,1,50.00,50.00
7066,7066,4,1,100.00,100.00
7067,7067,9,1,50.00,50.00
7068,7068,11,1,50.00,50.00
7069,7069,4,1,100.00,100.00
7070,7070,2,1,100.00,100.00
7071,7071,7,1,50.00,50.00
7072,7072,9,1,50.00,50.00
7073,7073,1,1,100.00,100.00
7074,7074,3,1,100.00,100.00
7075,7075,12,1,50.00,50.00
7076,7076,11,1,50.00,50.00
7077,7077,1,1,100.00,100.00
7078,7078,11,1,50.00,50.00
7079,7079,4,1,100.00,100.00
7080,7080,4,1,100.00,100.00
7081,7081,4,1,100.00,100.00
7082,7082,2,1,100.00,100.00
7083,7083,3,1,100.00,100.00
7084,7084,11,1,50.00,50.00
7085,7085,12,1,50.00,50.00
7086,7086,5,1,100.00,100.00
7087,7087,9,1,50.00,50.00
7088,7088,11,1,50.00,50.00
7089,7089,12,1,50.00,50.00
7090,7090,10,1,50.00,50.00
7091,7091,11,1,50.00,50.00
7092,7092,4,1,100.00,100.00
7093,7093,11,1,50.00,50.00
7094,7094,7,1,50.00,50.00
7095,7095,4,1,100.00,100.00
7096,7096,8,1,50.00,50.00
7097,7097,10,1,50.00,50.00
7098,7098,6,1,100.00,100.00
7099,7099,3,1,100.00,100.00
7100,7100,9,1,50.00,50.00
7101,7101,1,1,100.00,100.00
7102,7102,6,1,100.00,100.00
7103,7103,11,1,50.00,50.00
7104,7104,7,1,50.00,50.00
7105,7105,2,1,100.00,100.00
7106,7106,8,1,50.00,50.00
7107,7107,2,1,100.00,100.00
7108,7108,4,1,100.00,100.00
7109,7109,4,1,100.00,100.00
7110,7110,12,1,50.00,50.00
7111,7111,3,1,100.00,100.00
7112,7112,7,1,50.00,50.00
7113,7113,12,1,50.00,50.00
7114,7114,4,1,100.00,100.00
7115,7115,9,1,50.00,50.00
7116,7116,5,1,100.00,100.00
7117,7117,2,1,100.00,100.00
7118,7118,11,1,50.00,50.00
7119,7119,11,1,50.00,50.00
7120,7120,11,1,50.00,50.00
7121,7121,5,1,100.00,100.00
7122,7122,4,1,100.00,100.00
7123,7123,3,1,100.00,100.00
7124,7124,8,1,50.00,50.00
7125,7125,6,1,100.00,100.00
7126,7126,2,1,100.00,100.00
7127,7127,12,1,50.00,50.00
7128,7128,2,1,100.00,100.00
7129,7129,5,1,100.00,100.00
7130,7130,2,1,100.00,100.00
7131,7131,10,1,50.00,50.00
7132,7132,1,1,100.00,100.00
7133,7133,7,1,50.00,50.00
7134,7134,12,1,50.00,50.00
7135,7135,4,1,100.00,100.00
7136,7136,2,1,100.00,100.00
7137,7137,2,1,100.00,100.00
7138,7138,5,1,100.00,100.00
7139,7139,3,1,100.00,100.00
7140,7140,10,1,50.00,50.00
7141,7141,8,1,50.00,50.00
7142,7142,10,1,50.00,50.00
7143,7143,2,1,100.00,100.00
7144,7144,4,1,100.00,100.00
7145,7145,4,1,100.00,100.00
7146,7146,8,1,50.00,50.00
7147,7147,4,1,100.00,100.00
7148,7148,4,1,100.00,100.00
7149,7149,5,1,100.00,100.00
7150,7150,11,1,50.00,50.00
7151,7151,4,1,100.00,100.00
7152,7152,7,1,50.00,50.00
7153,7153,4,1,100.00,100.00
7154,7154,12,1,50.00,50.00
7155,7155,3,1,100.00,100.00
7156,7156,9,1,50.00,50.00
7157,7157,2,1,100.00,100.00
7158,7158,1,1,100.00,100.00
7159,7159,6,1,100.00,100.00
7160,7160,1,1,100.00,100.00
7161,7161,8,1,50.00,50.00
7162,7162,4,1,100.00,100.00
7163,7163,11,1,50.00,50.00
7164,7164,9,1,50.00,50.00
7165,7165,1,1,100.00,100.00
7166,7166,2,1,100.00,100.00
7167,7167,1,1,100.00,100.00
7168,7168,6,1,100.00,100.00
7169,7169,11,1,50.00,50.00
7170,7170,2,1,100.00,100.00
7171,7171,12,1,50.00,50.00
7172,7172,4,1,100.00,100.00
7173,7173,5,1,100.00,100.00
7174,7174,2,1,100.00,100.00
7175,7175,1,1,100.00,100.00
7176,7176,7,1,50.00,50.00
7177,7177,4,1,100.00,100.00
7178,7178,11,1,50.00,50.00
7179,7179,3,1,100.00,100.00
7180,7180,2,1,100.00,100.00
7181,7181,11,1,50.00,50.00
7182,7182,5,1,100.00,100.00
7183,7183,8,1,50.00,50.00
7184,7184,7,1,50.00,50.00
7185,7185,8,1,50.00,50.00
7186,7186,3,1,100.00,100.00
7187,7187,3,1,100.00,100.00
7188,7188,6,1,100.00,100.00
7189,7189,8,1,50.00,50.00
7190,7190,7,1,50.00,50.00
7191,7191,9,1,50.00,50.00
7192,7192,2,1,100.00,100.00
7193,7193,6,1,100.00,100.00
7194,7194,9,1,50.00,50.00
7195,7195,6,1,100.00,100.00
7196,7196,3,1,100.00,100.00
7197,7197,6,1,100.00,100.00
7198,7198,8,1,50.00,50.00
7199,7199,2,1,100.00,100.00
7200,7200,10,1,50.00,50.00
7201,7201,1,1,100.00,100.00
7202,7202,3,1,100.00,100.00
7203,7203,4,1,100.00,100.00
7204,7204,12,1,50.00,50.00
7205,7205,6,1,100.00,100.00
7206,7206,9,1,50.00,50.00
7207,7207,10,1,50.00,50.00
7208,7208,2,1,100.00,100.00
7209,7209,3,1,100.00,100.00
7210,7210,10,1,50.00,50.00
7211,7211,5,1,100.00,100.00
7212,7212,9,1,50.00,50.00
7213,7213,3,1,100.00,100.00
7214,7214,8,1,50.00,50.00
7215,7215,5,1,100.00,100.00
7216,7216,2,1,100.00,100.00
7217,7217,2,1,100.00,100.00
7218,7218,11,1,50.00,50.00
7219,7219,10,1,50.00,50.00
7220,7220,8,1,50.00,50.00
7221,7221,4,1,100.00,100.00
7222,7222,3,1,100.00,100.00
7223,7223,4,1,100.00,100.00
7224,7224,4,1,100.00,100.00
7225,7225,7,1,50.00,50.00
7226,7226,4,1,100.00,100.00
7227,7227,8,1,50.00,50.00
7228,7228,10,1,50.00,50.00
7229,7229,10,1,50.00,50.00
7230,7230,3,1,100.00,100.00
7231,7231,7,1,50.00,50.00
7232,7232,10,1,50.00,50.00
7233,7233,8,1,50.00,50.00
7234,7234,2,1,100.00,100.00
7235,7235,3,1,100.00,100.00
7236,7236,1,1,100.00,100.00
7237,7237,9,1,50.00,50.00
7238,7238,7,1,50.00,50.00
7239,7239,3,1,100.00,100.00
7240,7240,1,1,100.00,100.00
7241,7241,2,1,100.00,100.00
7242,7242,6,1,100.00,100.00
7243,7243,4,1,100.00,100.00
7244,7244,2,1,100.00,100.00
7245,7245,5,1,100.00,100.00
7246,7246,1,1,100.00,100.00
7247,7247,8,1,50.00,50.00
7248,7248,3,1,100.00,100.00
7249,7249,9,1,50.00,50.00
7250,7250,4,1,100.00,100.00
7251,7251,4,1,100.00,100.00
7252,7252,11,1,50.00,50.00
7253,7253,2,1,100.00,100.00
7254,7254,3,1,100.00,100.00
7255,7255,3,1,100.00,100.00
7256,7256,1,1,100.00,100.00
7257,7257,4,1,100.00,100.00
7258,7258,11,1,50.00,50.00
7259,7259,9,1,50.00,50.00
7260,7260,7,1,50.00,50.00
7261,7261,2,1,100.00,100.00
7262,7262,3,1,100.00,100.00
7263,7263,5,1,100.00,100.00
7264,7264,5,1,100.00,100.00
7265,7265,9,1,50.00,50.00
7266,7266,7,1,50.00,50.00
7267,7267,12,1,50.00,50.00
7268,7268,7,1,50.00,50.00
7269,7269,4,1,100.00,100.00
7270,7270,12,1,50.00,50.00
7271,7271,3,1,100.00,100.00
7272,7272,9,1,50.00,50.00
7273,7273,2,1,100.00,100.00
7274,7274,8,1,50.00,50.00
7275,7275,6,1,100.00,100.00
7276,7276,11,1,50.00,50.00
7277,7277,7,1,50.00,50.00
7278,7278,7,1,50.00,50.00
7279,7279,10,1,50.00,50.00
7280,7280,3,1,100.00,100.00
7281,7281,3,1,100.00,100.00
7282,7282,12,1,50.00,50.00
7283,7283,4,1,100.00,100.00
7284,7284,10,1,50.00,50.00
7285,7285,7,1,50.00,50.00
7286,7286,9,1,50.00,50.00
7287,7287,5,1,100.00,100.00
7288,7288,3,1,100.00,100.00
7289,7289,9,1,50.00,50.00
7290,7290,7,1,50.00,50.00
7291,7291,6,1,100.00,100.00
7292,7292,8,1,50.00,50.00
7293,7293,11,1,50.00,50.00
7294,7294,1,1,100.00,100.00
7295,7295,5,1,100.00,100.00
7296,7296,8,1,50.00,50.00
7297,7297,5,1,100.00,100.00
7298,7298,4,1,100.00,100.00
7299,7299,11,1,50.00,50.00
7300,7300,9,1,50.00,50.00
7301,7301,1,1,100.00,100.00
7302,7302,8,1,50.00,50.00
7303,7303,8,1,50.00,50.00
7304,7304,11,1,50.00,50.00
7305,7305,3,1,100.00,100.00
7306,7306,5,1,100.00,100.00
7307,7307,10,1,50.00,50.00
7308,7308,10,1,50.00,50.00
7309,7309,10,1,50.00,50.00
7310,7310,3,1,100.00,100.00
7311,7311,12,1,50.00,50.00
7312,7312,5,1,100.00,100.00
7313,7313,1,1,100.00,100.00
7314,7314,12,1,50.00,50.00
7315,7315,9,1,50.00,50.00
7316,7316,1,1,100.00,100.00
7317,7317,5,1,100.00,100.00
7318,7318,8,1,50.00,50.00
7319,7319,1,1,100.00,100.00
7320,7320,5,1,100.00,100.00
7321,7321,9,1,50.00,50.00
7322,7322,4,1,100.00,100.00
7323,7323,1,1,100.00,100.00
7324,7324,3,1,100.00,100.00
7325,7325,5,1,100.00,100.00
7326,7326,10,1,50.00,50.00
7327,7327,11,1,50.00,50.00
7328,7328,4,1,100.00,100.00
7329,7329,11,1,50.00,50.00
7330,7330,3,1,100.00,100.00
7331,7331,7,1,50.00,50.00
7332,7332,11,1,50.00,50.00
7333,7333,2,1,100.00,100.00
7334,7334,7,1,50.00,50.00
7335,7335,5,1,100.00,100.00
7336,7336,7,1,50.00,50.00
7337,7337,11,1,50.00,50.00
7338,7338,4,1,100.00,100.00
7339,7339,9,1,50.00,50.00
7340,7340,8,1,50.00,50.00
7341,7341,4,1,100.00,100.00
7342,7342,10,1,50.00,50.00
7343,7343,11,1,50.00,50.00
7344,7344,6,1,100.00,100.00
7345,7345,7,1,50.00,50.00
7346,7346,3,1,100.00,100.00
7347,7347,6,1,100.00,100.00
7348,7348,7,1,50.00,50.00
7349,7349,4,1,100.00,100.00
7350,7350,9,1,50.00,50.00
7351,7351,12,1,50.00,50.00
7352,7352,6,1,100.00,100.00
7353,7353,8,1,50.00,50.00
7354,7354,9,1,50.00,50.00
7355,7355,2,1,100.00,100.00
7356,7356,11,1,50.00,50.00
7357,7357,7,1,50.00,50.00
7358,7358,11,1,50.00,50.00
7359,7359,10,1,50.00,50.00
7360,7360,12,1,50.00,50.00
7361,7361,8,1,50.00,50.00
7362,7362,7,1,50.00,50.00
7363,7363,10,1,50.00,50.00
7364,7364,2,1,100.00,100.00
7365,7365,8,1,50.00,50.00
7366,7366,2,1,100.00,100.00
7367,7367,12,1,50.00,50.00
7368,7368,3,1,100.00,100.00
7369,7369,7,1,50.00,50.00
7370,7370,5,1,100.00,100.00
7371,7371,4,1,100.00,100.00
7372,7372,7,1,50.00,50.00
7373,7373,3,1,100.00,100.00
7374,7374,3,1,100.00,100.00
7375,7375,1,1,100.00,100.00
7376,7376,2,1,100.00,100.00
7377,7377,1,1,100.00,100.00
7378,7378,9,1,50.00,50.00
7379,7379,10,1,50.00,50.00
7380,7380,8,1,50.00,50.00
7381,7381,6,1,100.00,100.00
7382,7382,4,1,100.00,100.00
7383,7383,4,1,100.00,100.00
7384,7384,1,1,100.00,100.00
7385,7385,6,1,100.00,100.00
7386,7386,3,1,100.00,100.00
7387,7387,6,1,100.00,100.00
7388,7388,3,1,100.00,100.00
7389,7389,5,1,100.00,100.00
7390,7390,5,1,100.00,100.00
7391,7391,7,1,50.00,50.00
7392,7392,8,1,50.00,50.00
7393,7393,6,1,100.00,100.00
7394,7394,9,1,50.00,50.00
7395,7395,7,1,50.00,50.00
7396,7396,8,1,50.00,50.00
7397,7397,6,1,100.00,100.00
7398,7398,9,1,50.00,50.00
7399,7399,2,1,100.00,100.00
7400,7400,11,1,50.00,50.00
7401,7401,10,1,50.00,50.00
7402,7402,4,1,100.00,100.00
7403,7403,8,1,50.00,50.00
7404,7404,12,1,50.00,50.00
7405,7405,9,1,50.00,50.00
7406,7406,8,1,50.00,50.00
7407,7407,9,1,50.00,50.00
7408,7408,5,1,100.00,100.00
7409,7409,7,1,50.00,50.00
7410,7410,2,1,100.00,100.00
7411,7411,8,1,50.00,50.00
7412,7412,12,1,50.00,50.00
7413,7413,11,1,50.00,50.00
7414,7414,7,1,50.00,50.00
7415,7415,7,1,50.00,50.00
7416,7416,12,1,50.00,50.00
7417,7417,1,1,100.00,100.00
7418,7418,6,1,100.00,100.00
7419,7419,12,1,50.00,50.00
7420,7420,2,1,100.00,100.00
7421,7421,2,1,100.00,100.00
7422,7422,3,1,100.00,100.00
7423,7423,3,1,100.00,100.00
7424,7424,1,1,100.00,100.00
7425,7425,9,1,50.00,50.00
7426,7426,2,1,100.00,100.00
7427,7427,11,1,50.00,50.00
7428,7428,1,1,100.00,100.00
7429,7429,6,1,100.00,100.00
7430,7430,8,1,50.00,50.00
7431,7431,11,1,50.00,50.00
7432,7432,6,1,100.00,100.00
7433,7433,6,1,100.00,100.00
7434,7434,2,1,100.00,100.00
7435,7435,6,1,100.00,100.00
7436,7436,5,1,100.00,100.00
7437,7437,12,1,50.00,50.00
7438,7438,10,1,50.00,50.00
7439,7439,4,1,100.00,100.00
7440,7440,8,1,50.00,50.00
7441,7441,11,1,50.00,50.00
7442,7442,3,1,100.00,100.00
7443,7443,1,1,100.00,100.00
7444,7444,10,1,50.00,50.00
7445,7445,8,1,50.00,50.00
7446,7446,4,1,100.00,100.00
7447,7447,5,1,100.00,100.00
7448,7448,5,1,100.00,100.00
7449,7449,10,1,50.00,50.00
7450,7450,3,1,100.00,100.00
7451,7451,10,1,50.00,50.00
7452,7452,9,1,50.00,50.00
7453,7453,9,1,50.00,50.00
7454,7454,8,1,50.00,50.00
7455,7455,2,1,100.00,100.00
7456,7456,8,1,50.00,50.00
7457,7457,1,1,100.00,100.00
7458,7458,8,1,50.00,50.00
7459,7459,12,1,50.00,50.00
7460,7460,12,1,50.00,50.00
7461,7461,2,1,100.00,100.00
7462,7462,3,1,100.00,100.00
7463,7463,2,1,100.00,100.00
7464,7464,4,1,100.00,100.00
7465,7465,5,1,100.00,100.00
7466,7466,11,1,50.00,50.00
7467,7467,7,1,50.00,50.00
7468,7468,3,1,100.00,100.00
7469,7469,4,1,100.00,100.00
7470,7470,3,1,100.00,100.00
7471,7471,5,1,100.00,100.00
7472,7472,6,1,100.00,100.00
7473,7473,4,1,100.00,100.00
7474,7474,8,1,50.00,50.00
7475,7475,8,1,50.00,50.00
7476,7476,5,1,100.00,100.00
7477,7477,7,1,50.00,50.00
7478,7478,8,1,50.00,50.00
7479,7479,8,1,50.00,50.00
7480,7480,1,1,100.00,100.00
7481,7481,10,1,50.00,50.00
7482,7482,5,1,100.00,100.00
7483,7483,12,1,50.00,50.00
7484,7484,11,1,50.00,50.00
7485,7485,6,1,100.00,100.00
7486,7486,9,1,50.00,50.00
7487,7487,10,1,50.00,50.00
7488,7488,10,1,50.00,50.00
7489,7489,8,1,50.00,50.00
7490,7490,10,1,50.00,50.00
7491,7491,2,1,100.00,100.00
7492,7492,9,1,50.00,50.00
7493,7493,10,1,50.00,50.00
7494,7494,8,1,50.00,50.00
7495,7495,10,1,50.00,50.00
7496,7496,3,1,100.00,100.00
7497,7497,1,1,100.00,100.00
7498,7498,1,1,100.00,100.00
7499,7499,10,1,50.00,50.00
7500,7500,8,1,50.00,50.00
7501,7501,1,1,100.00,100.00
7502,7502,7,1,50.00,50.00
7503,7503,7,1,50.00,50.00
7504,7504,10,1,50.00,50.00
7505,7505,10,1,50.00,50.00
7506,7506,8,1,50.00,50.00
7507,7507,3,1,100.00,100.00
7508,7508,7,1,50.00,50.00
7509,7509,3,1,100.00,100.00
7510,7510,8,1,50.00,50.00
7511,7511,3,1,100.00,100.00
7512,7512,4,1,100.00,100.00
7513,7513,12,1,50.00,50.00
7514,7514,11,1,50.00,50.00
7515,7515,10,1,50.00,50.00
7516,7516,10,1,50.00,50.00
7517,7517,3,1,100.00,100.00
7518,7518,8,1,50.00,50.00
7519,7519,11,1,50.00,50.00
7520,7520,9,1,50.00,50.00
7521,7521,11,1,50.00,50.00
7522,7522,10,1,50.00,50.00
7523,7523,3,1,100.00,100.00
7524,7524,7,1,50.00,50.00
7525,7525,8,1,50.00,50.00
7526,7526,3,1,100.00,100.00
7527,7527,7,1,50.00,50.00
7528,7528,7,1,50.00,50.00
7529,7529,8,1,50.00,50.00
7530,7530,9,1,50.00,50.00
7531,7531,8,1,50.00,50.00
7532,7532,7,1,50.00,50.00
7533,7533,12,1,50.00,50.00
7534,7534,6,1,100.00,100.00
7535,7535,3,1,100.00,100.00
7536,7536,5,1,100.00,100.00
7537,7537,11,1,50.00,50.00
7538,7538,1,1,100.00,100.00
7539,7539,3,1,100.00,100.00
7540,7540,12,1,50.00,50.00
7541,7541,8,1,50.00,50.00
7542,7542,10,1,50.00,50.00
7543,7543,11,1,50.00,50.00
7544,7544,10,1,50.00,50.00
7545,7545,12,1,50.00,50.00
7546,7546,11,1,50.00,50.00
7547,7547,5,1,100.00,100.00
7548,7548,3,1,100.00,100.00
7549,7549,8,1,50.00,50.00
7550,7550,3,1,100.00,100.00
7551,7551,11,1,50.00,50.00
7552,7552,9,1,50.00,50.00
7553,7553,1,1,100.00,100.00
7554,7554,9,1,50.00,50.00
7555,7555,6,1,100.00,100.00
7556,7556,6,1,100.00,100.00
7557,7557,3,1,100.00,100.00
7558,7558,9,1,50.00,50.00
7559,7559,8,1,50.00,50.00
7560,7560,10,1,50.00,50.00
7561,7561,3,1,100.00,100.00
7562,7562,5,1,100.00,100.00
7563,7563,8,1,50.00,50.00
7564,7564,9,1,50.00,50.00
7565,7565,10,1,50.00,50.00
7566,7566,7,1,50.00,50.00
7567,7567,7,1,50.00,50.00
7568,7568,9,1,50.00,50.00
7569,7569,8,1,50.00,50.00
7570,7570,11,1,50.00,50.00
7571,7571,11,1,50.00,50.00
7572,7572,6,1,100.00,100.00
7573,7573,4,1,100.00,100.00
7574,7574,6,1,100.00,100.00
7575,7575,4,1,100.00,100.00
7576,7576,12,1,50.00,50.00
7577,7577,10,1,50.00,50.00
7578,7578,10,1,50.00,50.00
7579,7579,5,1,100.00,100.00
7580,7580,12,1,50.00,50.00
7581,7581,8,1,50.00,50.00
7582,7582,9,1,50.00,50.00
7583,7583,7,1,50.00,50.00
7584,7584,9,1,50.00,50.00
7585,7585,8,1,50.00,50.00
7586,7586,9,1,50.00,50.00
7587,7587,3,1,100.00,100.00
7588,7588,9,1,50.00,50.00
7589,7589,8,1,50.00,50.00
7590,7590,4,1,100.00,100.00
7591,7591,1,1,100.00,100.00
7592,7592,12,1,50.00,50.00
7593,7593,9,1,50.00,50.00
7594,7594,6,1,100.00,100.00
7595,7595,3,1,100.00,100.00
7596,7596,5,1,100.00,100.00
7597,7597,12,1,50.00,50.00
7598,7598,2,1,100.00,100.00
7599,7599,5,1,100.00,100.00
7600,7600,11,1,50.00,50.00
7601,7601,10,1,50.00,50.00
7602,7602,11,1,50.00,50.00
7603,7603,12,1,50.00,50.00
7604,7604,3,1,100.00,100.00
7605,7605,10,1,50.00,50.00
7606,7606,10,1,50.00,50.00
7607,7607,5,1,100.00,100.00
7608,7608,7,1,50.00,50.00
7609,7609,2,1,100.00,100.00
7610,7610,3,1,100.00,100.00
7611,7611,10,1,50.00,50.00
7612,7612,9,1,50.00,50.00
7613,7613,10,1,50.00,50.00
7614,7614,7,1,50.00,50.00
7615,7615,12,1,50.00,50.00
7616,7616,7,1,50.00,50.00
7617,7617,6,1,100.00,100.00
7618,7618,7,1,50.00,50.00
7619,7619,7,1,50.00,50.00
7620,7620,4,1,100.00,100.00
7621,7621,4,1,100.00,100.00
7622,7622,4,1,100.00,100.00
7623,7623,5,1,100.00,100.00
7624,7624,5,1,100.00,100.00
7625,7625,4,1,100.00,100.00
7626,7626,11,1,50.00,50.00
7627,7627,10,1,50.00,50.00
7628,7628,11,1,50.00,50.00
7629,7629,9,1,50.00,50.00
7630,7630,2,1,100.00,100.00
7631,7631,6,1,100.00,100.00
7632,7632,11,1,50.00,50.00
7633,7633,3,1,100.00,100.00
7634,7634,7,1,50.00,50.00
7635,7635,6,1,100.00,100.00
7636,7636,9,1,50.00,50.00
7637,7637,8,1,50.00,50.00
7638,7638,12,1,50.00,50.00
7639,7639,8,1,50.00,50.00
7640,7640,4,1,100.00,100.00
7641,7641,6,1,100.00,100.00
7642,7642,10,1,50.00,50.00
7643,7643,4,1,100.00,100.00
7644,7644,10,1,50.00,50.00
7645,7645,12,1,50.00,50.00
7646,7646,1,1,100.00,100.00
7647,7647,2,1,100.00,100.00
7648,7648,2,1,100.00,100.00
7649,7649,3,1,100.00,100.00
7650,7650,7,1,50.00,50.00
7651,7651,9,1,50.00,50.00
7652,7652,7,1,50.00,50.00
7653,7653,7,1,50.00,50.00
7654,7654,6,1,100.00,100.00
7655,7655,4,1,100.00,100.00
7656,7656,10,1,50.00,50.00
7657,7657,8,1,50.00,50.00
7658,7658,10,1,50.00,50.00
7659,7659,1,1,100.00,100.00
7660,7660,8,1,50.00,50.00
7661,7661,2,1,100.00,100.00
7662,7662,12,1,50.00,50.00
7663,7663,9,1,50.00,50.00
7664,7664,5,1,100.00,100.00
7665,7665,9,1,50.00,50.00
7666,7666,4,1,100.00,100.00
7667,7667,11,1,50.00,50.00
7668,7668,7,1,50.00,50.00
7669,7669,5,1,100.00,100.00
7670,7670,1,1,100.00,100.00
7671,7671,3,1,100.00,100.00
7672,7672,7,1,50.00,50.00
7673,7673,11,1,50.00,50.00
7674,7674,12,1,50.00,50.00
7675,7675,8,1,50.00,50.00
7676,7676,2,1,100.00,100.00
7677,7677,1,1,100.00,100.00
7678,7678,10,1,50.00,50.00
7679,7679,12,1,50.00,50.00
7680,7680,11,1,50.00,50.00
7681,7681,9,1,50.00,50.00
7682,7682,9,1,50.00,50.00
7683,7683,3,1,100.00,100.00
7684,7684,1,1,100.00,100.00
7685,7685,6,1,100.00,100.00
7686,7686,7,1,50.00,50.00
7687,7687,8,1,50.00,50.00
7688,7688,8,1,50.00,50.00
7689,7689,12,1,50.00,50.00
7690,7690,8,1,50.00,50.00
7691,7691,7,1,50.00,50.00
7692,7692,8,1,50.00,50.00
7693,7693,8,1,50.00,50.00
7694,7694,1,1,100.00,100.00
7695,7695,11,1,50.00,50.00
7696,7696,6,1,100.00,100.00
7697,7697,3,1,100.00,100.00
7698,7698,7,1,50.00,50.00
7699,7699,8,1,50.00,50.00
7700,7700,9,1,50.00,50.00
7701,7701,4,1,100.00,100.00
7702,7702,10,1,50.00,50.00
7703,7703,8,1,50.00,50.00
7704,7704,9,1,50.00,50.00
7705,7705,12,1,50.00,50.00
7706,7706,2,1,100.00,100.00
7707,7707,2,1,100.00,100.00
7708,7708,11,1,50.00,50.00
7709,7709,5,1,100.00,100.00
7710,7710,9,1,50.00,50.00
7711,7711,11,1,50.00,50.00
7712,7712,2,1,100.00,100.00
7713,7713,7,1,50.00,50.00
7714,7714,11,1,50.00,50.00
7715,7715,6,1,100.00,100.00
7716,7716,7,1,50.00,50.00
7717,7717,2,1,100.00,100.00
7718,7718,1,1,100.00,100.00
7719,7719,6,1,100.00,100.00
7720,7720,9,1,50.00,50.00
7721,7721,10,1,50.00,50.00
7722,7722,9,1,50.00,50.00
7723,7723,2,1,100.00,100.00
7724,7724,11,1,50.00,50.00
7725,7725,11,1,50.00,50.00
7726,7726,4,1,100.00,100.00
7727,7727,9,1,50.00,50.00
7728,7728,9,1,50.00,50.00
7729,7729,4,1,100.00,100.00
7730,7730,10,1,50.00,50.00
7731,7731,8,1,50.00,50.00
7732,7732,6,1,100.00,100.00
7733,7733,1,1,100.00,100.00
7734,7734,7,1,50.00,50.00
7735,7735,4,1,100.00,100.00
7736,7736,3,1,100.00,100.00
7737,7737,12,1,50.00,50.00
7738,7738,11,1,50.00,50.00
7739,7739,12,1,50.00,50.00
7740,7740,7,1,50.00,50.00
7741,7741,8,1,50.00,50.00
7742,7742,11,1,50.00,50.00
7743,7743,11,1,50.00,50.00
7744,7744,12,1,50.00,50.00
7745,7745,12,1,50.00,50.00
7746,7746,1,1,100.00,100.00
7747,7747,2,1,100.00,100.00
7748,7748,9,1,50.00,50.00
7749,7749,10,1,50.00,50.00
7750,7750,1,1,100.00,100.00
7751,7751,3,1,100.00,100.00
7752,7752,1,1,100.00,100.00
7753,7753,4,1,100.00,100.00
7754,7754,8,1,50.00,50.00
7755,7755,9,1,50.00,50.00
7756,7756,11,1,50.00,50.00
7757,7757,11,1,50.00,50.00
7758,7758,7,1,50.00,50.00
7759,7759,10,1,50.00,50.00
7760,7760,11,1,50.00,50.00
7761,7761,6,1,100.00,100.00
7762,7762,7,1,50.00,50.00
7763,7763,12,1,50.00,50.00
7764,7764,12,1,50.00,50.00
7765,7765,4,1,100.00,100.00
7766,7766,11,1,50.00,50.00
7767,7767,5,1,100.00,100.00
7768,7768,8,1,50.00,50.00
7769,7769,11,1,50.00,50.00
7770,7770,10,1,50.00,50.00
7771,7771,12,1,50.00,50.00
7772,7772,9,1,50.00,50.00
7773,7773,7,1,50.00,50.00
7774,7774,7,1,50.00,50.00
7775,7775,11,1,50.00,50.00
7776,7776,2,1,100.00,100.00
7777,7777,10,1,50.00,50.00
7778,7778,9,1,50.00,50.00
7779,7779,10,1,50.00,50.00
7780,7780,12,1,50.00,50.00
7781,7781,7,1,50.00,50.00
7782,7782,10,1,50.00,50.00
7783,7783,10,1,50.00,50.00
7784,7784,11,1,50.00,50.00
7785,7785,5,1,100.00,100.00
7786,7786,11,1,50.00,50.00
7787,7787,8,1,50.00,50.00
7788,7788,7,1,50.00,50.00
7789,7789,4,1,100.00,100.00
7790,7790,9,1,50.00,50.00
7791,7791,3,1,100.00,100.00
7792,7792,4,1,100.00,100.00
7793,7793,12,1,50.00,50.00
7794,7794,12,1,50.00,50.00
7795,7795,6,1,100.00,100.00
7796,7796,4,1,100.00,100.00
7797,7797,12,1,50.00,50.00
7798,7798,9,1,50.00,50.00
7799,7799,3,1,100.00,100.00
7800,7800,6,1,100.00,100.00
7801,7801,8,1,50.00,50.00
7802,7802,12,1,50.00,50.00
7803,7803,11,1,50.00,50.00
7804,7804,4,1,100.00,100.00
7805,7805,7,1,50.00,50.00
7806,7806,2,1,100.00,100.00
7807,7807,11,1,50.00,50.00
7808,7808,11,1,50.00,50.00
7809,7809,6,1,100.00,100.00
7810,7810,3,1,100.00,100.00
7811,7811,8,1,50.00,50.00
7812,7812,8,1,50.00,50.00
7813,7813,10,1,50.00,50.00
7814,7814,9,1,50.00,50.00
7815,7815,9,1,50.00,50.00
7816,7816,7,1,50.00,50.00
7817,7817,5,1,100.00,100.00
7818,7818,11,1,50.00,50.00
7819,7819,10,1,50.00,50.00
7820,7820,7,1,50.00,50.00
7821,7821,6,1,100.00,100.00
7822,7822,12,1,50.00,50.00
7823,7823,9,1,50.00,50.00
7824,7824,10,1,50.00,50.00
7825,7825,9,1,50.00,50.00
7826,7826,2,1,100.00,100.00
7827,7827,9,1,50.00,50.00
7828,7828,9,1,50.00,50.00
7829,7829,8,1,50.00,50.00
7830,7830,6,1,100.00,100.00
7831,7831,5,1,100.00,100.00
7832,7832,5,1,100.00,100.00
7833,7833,8,1,50.00,50.00
7834,7834,2,1,100.00,100.00
7835,7835,12,1,50.00,50.00
7836,7836,7,1,50.00,50.00
7837,7837,2,1,100.00,100.00
7838,7838,12,1,50.00,50.00
7839,7839,9,1,50.00,50.00
7840,7840,5,1,100.00,100.00
7841,7841,8,1,50.00,50.00
7842,7842,6,1,100.00,100.00
7843,7843,3,1,100.00,100.00
7844,7844,6,1,100.00,100.00
7845,7845,9,1,50.00,50.00
7846,7846,7,1,50.00,50.00
7847,7847,11,1,50.00,50.00
7848,7848,8,1,50.00,50.00
7849,7849,9,1,50.00,50.00
7850,7850,6,1,100.00,100.00
7851,7851,8,1,50.00,50.00
7852,7852,8,1,50.00,50.00
7853,7853,5,1,100.00,100.00
7854,7854,10,1,50.00,50.00
7855,7855,8,1,50.00,50.00
7856,7856,9,1,50.00,50.00
7857,7857,2,1,100.00,100.00
7858,7858,12,1,50.00,50.00
7859,7859,5,1,100.00,100.00
7860,7860,8,1,50.00,50.00
7861,7861,2,1,100.00,100.00
7862,7862,2,1,100.00,100.00
7863,7863,5,1,100.00,100.00
7864,7864,11,1,50.00,50.00
7865,7865,6,1,100.00,100.00
7866,7866,3,1,100.00,100.00
7867,7867,5,1,100.00,100.00
7868,7868,12,1,50.00,50.00
7869,7869,12,1,50.00,50.00
7870,7870,12,1,50.00,50.00
7871,7871,10,1,50.00,50.00
7872,7872,1,1,100.00,100.00
7873,7873,12,1,50.00,50.00
7874,7874,10,1,50.00,50.00
7875,7875,10,1,50.00,50.00
7876,7876,8,1,50.00,50.00
7877,7877,2,1,100.00,100.00
7878,7878,12,1,50.00,50.00
7879,7879,7,1,50.00,50.00
7880,7880,2,1,100.00,100.00
7881,7881,2,1,100.00,100.00
7882,7882,2,1,100.00,100.00
7883,7883,10,1,50.00,50.00
7884,7884,6,1,100.00,100.00
7885,7885,12,1,50.00,50.00
7886,7886,11,1,50.00,50.00
7887,7887,12,1,50.00,50.00
7888,7888,3,1,100.00,100.00
7889,7889,8,1,50.00,50.00
7890,7890,10,1,50.00,50.00
7891,7891,4,1,100.00,100.00
7892,7892,10,1,50.00,50.00
7893,7893,7,1,50.00,50.00
7894,7894,10,1,50.00,50.00
7895,7895,1,1,100.00,100.00
7896,7896,8,1,50.00,50.00
7897,7897,6,1,100.00,100.00
7898,7898,12,1,50.00,50.00
7899,7899,9,1,50.00,50.00
7900,7900,7,1,50.00,50.00
7901,7901,3,1,100.00,100.00
7902,7902,11,1,50.00,50.00
7903,7903,2,1,100.00,100.00
7904,7904,12,1,50.00,50.00
7905,7905,4,1,100.00,100.00
7906,7906,9,1,50.00,50.00
7907,7907,8,1,50.00,50.00
7908,7908,8,1,50.00,50.00
7909,7909,3,1,100.00,100.00
7910,7910,9,1,50.00,50.00
7911,7911,3,1,100.00,100.00
7912,7912,2,1,100.00,100.00
7913,7913,6,1,100.00,100.00
7914,7914,5,1,100.00,100.00
7915,7915,9,1,50.00,50.00
7916,7916,5,1,100.00,100.00
7917,7917,7,1,50.00,50.00
7918,7918,2,1,100.00,100.00
7919,7919,2,1,100.00,100.00
7920,7920,11,1,50.00,50.00
7921,7921,9,1,50.00,50.00
7922,7922,10,1,50.00,50.00
7923,7923,12,1,50.00,50.00
7924,7924,3,1,100.00,100.00
7925,7925,3,1,100.00,100.00
7926,7926,8,1,50.00,50.00
7927,7927,5,1,100.00,100.00
7928,7928,10,1,50.00,50.00
7929,7929,11,1,50.00,50.00
7930,7930,8,1,50.00,50.00
7931,7931,1,1,100.00,100.00
7932,7932,11,1,50.00,50.00
7933,7933,10,1,50.00,50.00
7934,7934,5,1,100.00,100.00
7935,7935,9,1,50.00,50.00
7936,7936,5,1,100.00,100.00
7937,7937,2,1,100.00,100.00
7938,7938,11,1,50.00,50.00
7939,7939,5,1,100.00,100.00
7940,7940,12,1,50.00,50.00
7941,7941,9,1,50.00,50.00
7942,7942,11,1,50.00,50.00
7943,7943,3,1,100.00,100.00
7944,7944,12,1,50.00,50.00
7945,7945,2,1,100.00,100.00
7946,7946,1,1,100.00,100.00
7947,7947,11,1,50.00,50.00
7948,7948,8,1,50.00,50.00
7949,7949,3,1,100.00,100.00
7950,7950,10,1,50.00,50.00
7951,7951,11,1,50.00,50.00
7952,7952,9,1,50.00,50.00
7953,7953,1,1,100.00,100.00
7954,7954,6,1,100.00,100.00
7955,7955,8,1,50.00,50.00
7956,7956,1,1,100.00,100.00
7957,7957,12,1,50.00,50.00
7958,7958,8,1,50.00,50.00
7959,7959,2,1,100.00,100.00
7960,7960,10,1,50.00,50.00
7961,7961,12,1,50.00,50.00
7962,7962,12,1,50.00,50.00
7963,7963,2,1,100.00,100.00
7964,7964,9,1,50.00,50.00
7965,7965,4,1,100.00,100.00
7966,7966,11,1,50.00,50.00
7967,7967,9,1,50.00,50.00
7968,7968,9,1,50.00,50.00
7969,7969,12,1,50.00,50.00
7970,7970,7,1,50.00,50.00
7971,7971,8,1,50.00,50.00
7972,7972,12,1,50.00,50.00
7973,7973,12,1,50.00,50.00
7974,7974,8,1,50.00,50.00
7975,7975,7,1,50.00,50.00
7976,7976,1,1,100.00,100.00
7977,7977,10,1,50.00,50.00
7978,7978,9,1,50.00,50.00
7979,7979,10,1,50.00,50.00
7980,7980,3,1,100.00,100.00
7981,7981,12,1,50.00,50.00
7982,7982,9,1,50.00,50.00
7983,7983,11,1,50.00,50.00
7984,7984,12,1,50.00,50.00
7985,7985,5,1,100.00,100.00
7986,7986,7,1,50.00,50.00
7987,7987,4,1,100.00,100.00
7988,7988,2,1,100.00,100.00
7989,7989,11,1,50.00,50.00
7990,7990,10,1,50.00,50.00
7991,7991,7,1,50.00,50.00
7992,7992,12,1,50.00,50.00
7993,7993,3,1,100.00,100.00
7994,7994,6,1,100.00,100.00
7995,7995,10,1,50.00,50.00
7996,7996,11,1,50.00,50.00
7997,7997,12,1,50.00,50.00
7998,7998,11,1,50.00,50.00
7999,7999,5,1,100.00,100.00
8000,8000,5,1,100.00,100.00
8001,8001,10,1,50.00,50.00
8002,8002,12,1,50.00,50.00
8003,8003,8,1,50.00,50.00
8004,8004,1,1,100.00,100.00
8005,8005,3,1,100.00,100.00
8006,8006,7,1,50.00,50.00
8007,8007,11,1,50.00,50.00
8008,8008,12,1,50.00,50.00
8009,8009,6,1,100.00,100.00
8010,8010,6,1,100.00,100.00
8011,8011,10,1,50.00,50.00
8012,8012,6,1,100.00,100.00
8013,8013,7,1,50.00,50.00
8014,8014,6,1,100.00,100.00
8015,8015,4,1,100.00,100.00
8016,8016,10,1,50.00,50.00
8017,8017,5,1,100.00,100.00
8018,8018,6,1,100.00,100.00
8019,8019,8,1,50.00,50.00
8020,8020,8,1,50.00,50.00
8021,8021,5,1,100.00,100.00
8022,8022,11,1,50.00,50.00
8023,8023,7,1,50.00,50.00
8024,8024,6,1,100.00,100.00
8025,8025,10,1,50.00,50.00
8026,8026,10,1,50.00,50.00
8027,8027,2,1,100.00,100.00
8028,8028,9,1,50.00,50.00
8029,8029,12,1,50.00,50.00
8030,8030,1,1,100.00,100.00
8031,8031,5,1,100.00,100.00
8032,8032,5,1,100.00,100.00
8033,8033,7,1,50.00,50.00
8034,8034,10,1,50.00,50.00
8035,8035,5,1,100.00,100.00
8036,8036,10,1,50.00,50.00
8037,8037,8,1,50.00,50.00
8038,8038,4,1,100.00,100.00
8039,8039,5,1,100.00,100.00
8040,8040,11,1,50.00,50.00
8041,8041,9,1,50.00,50.00
8042,8042,9,1,50.00,50.00
8043,8043,10,1,50.00,50.00
8044,8044,3,1,100.00,100.00
8045,8045,5,1,100.00,100.00
8046,8046,10,1,50.00,50.00
8047,8047,5,1,100.00,100.00
8048,8048,12,1,50.00,50.00
8049,8049,11,1,50.00,50.00
8050,8050,2,1,100.00,100.00
8051,8051,7,1,50.00,50.00
8052,8052,10,1,50.00,50.00
8053,8053,4,1,100.00,100.00
8054,8054,10,1,50.00,50.00
8055,8055,8,1,50.00,50.00
8056,8056,12,1,50.00,50.00
8057,8057,11,1,50.00,50.00
8058,8058,2,1,100.00,100.00
8059,8059,8,1,50.00,50.00
8060,8060,6,1,100.00,100.00
8061,8061,9,1,50.00,50.00
8062,8062,9,1,50.00,50.00
8063,8063,12,1,50.00,50.00
8064,8064,6,1,100.00,100.00
8065,8065,12,1,50.00,50.00
8066,8066,11,1,50.00,50.00
8067,8067,1,1,100.00,100.00
8068,8068,11,1,50.00,50.00
8069,8069,9,1,50.00,50.00
8070,8070,10,1,50.00,50.00
8071,8071,2,1,100.00,100.00
8072,8072,11,1,50.00,50.00
8073,8073,7,1,50.00,50.00
8074,8074,9,1,50.00,50.00
8075,8075,8,1,50.00,50.00
8076,8076,9,1,50.00,50.00
8077,8077,7,1,50.00,50.00
8078,8078,1,1,100.00,100.00
8079,8079,7,1,50.00,50.00
8080,8080,8,1,50.00,50.00
8081,8081,12,1,50.00,50.00
8082,8082,7,1,50.00,50.00
8083,8083,9,1,50.00,50.00
8084,8084,7,1,50.00,50.00
8085,8085,8,1,50.00,50.00
8086,8086,12,1,50.00,50.00
8087,8087,5,1,100.00,100.00
8088,8088,1,1,100.00,100.00
8089,8089,7,1,50.00,50.00
8090,8090,1,1,100.00,100.00
8091,8091,11,1,50.00,50.00
8092,8092,9,1,50.00,50.00
8093,8093,8,1,50.00,50.00
8094,8094,4,1,100.00,100.00
8095,8095,10,1,50.00,50.00
8096,8096,10,1,50.00,50.00
8097,8097,12,1,50.00,50.00
8098,8098,12,1,50.00,50.00
8099,8099,8,1,50.00,50.00
8100,8100,11,1,50.00,50.00
8101,8101,8,1,50.00,50.00
8102,8102,9,1,50.00,50.00
8103,8103,10,1,50.00,50.00
8104,8104,12,1,50.00,50.00
8105,8105,5,1,100.00,100.00
8106,8106,2,1,100.00,100.00
8107,8107,8,1,50.00,50.00
8108,8108,1,1,100.00,100.00
8109,8109,8,1,50.00,50.00
8110,8110,12,1,50.00,50.00
8111,8111,7,1,50.00,50.00
8112,8112,5,1,100.00,100.00
8113,8113,4,1,100.00,100.00
8114,8114,12,1,50.00,50.00
8115,8115,7,1,50.00,50.00
8116,8116,10,1,50.00,50.00
8117,8117,12,1,50.00,50.00
8118,8118,2,1,100.00,100.00
8119,8119,3,1,100.00,100.00
8120,8120,1,1,100.00,100.00
8121,8121,6,1,100.00,100.00
8122,8122,10,1,50.00,50.00
8123,8123,2,1,100.00,100.00
8124,8124,11,1,50.00,50.00
8125,8125,11,1,50.00,50.00
8126,8126,11,1,50.00,50.00
8127,8127,10,1,50.00,50.00
8128,8128,8,1,50.00,50.00
8129,8129,8,1,50.00,50.00
8130,8130,5,1,100.00,100.00
8131,8131,5,1,100.00,100.00
8132,8132,7,1,50.00,50.00
8133,8133,11,1,50.00,50.00
8134,8134,3,1,100.00,100.00
8135,8135,10,1,50.00,50.00
8136,8136,5,1,100.00,100.00
8137,8137,9,1,50.00,50.00
8138,8138,9,1,50.00,50.00
8139,8139,4,1,100.00,100.00
8140,8140,11,1,50.00,50.00
8141,8141,3,1,100.00,100.00
8142,8142,5,1,100.00,100.00
8143,8143,11,1,50.00,50.00
8144,8144,10,1,50.00,50.00
8145,8145,1,1,100.00,100.00
8146,8146,7,1,50.00,50.00
8147,8147,11,1,50.00,50.00
8148,8148,1,1,100.00,100.00
8149,8149,1,1,100.00,100.00
8150,8150,7,1,50.00,50.00
8151,8151,7,1,50.00,50.00
8152,8152,1,1,100.00,100.00
8153,8153,3,1,100.00,100.00
8154,8154,4,1,100.00,100.00
8155,8155,12,1,50.00,50.00
8156,8156,1,1,100.00,100.00
8157,8157,8,1,50.00,50.00
8158,8158,2,1,100.00,100.00
8159,8159,10,1,50.00,50.00
8160,8160,8,1,50.00,50.00
8161,8161,9,1,50.00,50.00
8162,8162,12,1,50.00,50.00
8163,8163,11,1,50.00,50.00
8164,8164,2,1,100.00,100.00
8165,8165,6,1,100.00,100.00
8166,8166,9,1,50.00,50.00
8167,8167,3,1,100.00,100.00
8168,8168,3,1,100.00,100.00
8169,8169,8,1,50.00,50.00
8170,8170,11,1,50.00,50.00
8171,8171,3,1,100.00,100.00
8172,8172,8,1,50.00,50.00
8173,8173,10,1,50.00,50.00
8174,8174,4,1,100.00,100.00
8175,8175,8,1,50.00,50.00
8176,8176,5,1,100.00,100.00
8177,8177,7,1,50.00,50.00
8178,8178,2,1,100.00,100.00
8179,8179,1,1,100.00,100.00
8180,8180,7,1,50.00,50.00
8181,8181,11,1,50.00,50.00
8182,8182,3,1,100.00,100.00
8183,8183,1,1,100.00,100.00
8184,8184,4,1,100.00,100.00
8185,8185,10,1,50.00,50.00
8186,8186,5,1,100.00,100.00
8187,8187,2,1,100.00,100.00
8188,8188,12,1,50.00,50.00
8189,8189,4,1,100.00,100.00
8190,8190,3,1,100.00,100.00
8191,8191,4,1,100.00,100.00
8192,8192,3,1,100.00,100.00
8193,8193,2,1,100.00,100.00
8194,8194,8,1,50.00,50.00
8195,8195,3,1,100.00,100.00
8196,8196,11,1,50.00,50.00
8197,8197,11,1,50.00,50.00
8198,8198,9,1,50.00,50.00
8199,8199,1,2,100.00,100.00
8200,8200,2,1,100.00,100.00
8201,8201,3,1,100.00,100.00
8202,8202,4,1,100.00,100.00
8203,8203,5,1,100.00,100.00
8204,8204,6,2,100.00,100.00
8205,8205,9,2,50.00,50.00
8206,8206,10,2,50.00,50.00
8207,8207,7,2,50.00,50.00
8208,8208,8,2,50.00,50.00
8209,8209,10,1,50.00,50.00
8210,8210,6,1,100.00,100.00
8211,8211,10,1,50.00,50.00
8212,8212,9,1,50.00,50.00
8213,8213,5,1,100.00,100.00
8214,8214,12,1,50.00,50.00
8215,8215,6,1,100.00,100.00
8216,8216,11,1,50.00,50.00
8217,8217,7,1,50.00,50.00
8218,8218,11,1,50.00,50.00
8219,8219,11,1,50.00,50.00
8220,8220,10,1,50.00,50.00
8221,8221,8,1,50.00,50.00
8222,8222,9,1,50.00,50.00
8223,8223,7,1,50.00,50.00
8224,8224,7,1,50.00,50.00
8225,8225,10,1,50.00,50.00
8226,8226,12,1,50.00,50.00
8227,8227,2,1,100.00,100.00
8228,8228,2,1,100.00,100.00
8229,8229,8,1,50.00,50.00
8230,8230,3,1,100.00,100.00
8231,8231,1,1,100.00,100.00
8232,8232,6,1,100.00,100.00
8233,8233,1,1,100.00,100.00
8234,8234,1,1,100.00,100.00
8235,8235,5,1,100.00,100.00
8236,8236,7,1,50.00,50.00
8237,8237,7,1,50.00,50.00
8238,8238,9,1,50.00,50.00
8239,8239,2,1,100.00,100.00
8240,8240,5,1,100.00,100.00
8241,8241,10,1,50.00,50.00
8242,8242,3,1,100.00,100.00
8243,8243,4,1,100.00,100.00
8244,8244,10,1,50.00,50.00
8245,8245,4,1,100.00,100.00
8246,8246,1,2,100.00,100.00
8247,8247,3,2,100.00,100.00
8248,8248,4,1,100.00,100.00
8249,8249,5,3,100.00,100.00
8250,8250,6,1,100.00,100.00
8251,8251,8,1,50.00,50.00
8252,8252,10,1,50.00,50.00
8253,8253,9,2,50.00,50.00
8254,8254,12,2,50.00,50.00
8255,8255,11,1,50.00,50.00
8256,8256,7,1,50.00,50.00
8257,8257,1,1,100.00,100.00
8258,8258,2,3,100.00,100.00
8259,8259,3,1,100.00,100.00
8260,8260,4,1,100.00,100.00
8261,8261,5,3,100.00,100.00
8262,8262,6,1,100.00,100.00
8263,8263,8,1,50.00,50.00
8264,8264,10,1,50.00,50.00
8265,8265,9,1,50.00,50.00
8266,8266,12,1,50.00,50.00
8267,8267,5,1,100.00,100.00
8268,8268,8,1,50.00,50.00
8269,8269,1,1,100.00,100.00
8270,8270,2,1,100.00,100.00
8271,8271,7,1,50.00,50.00
8272,8272,10,1,50.00,50.00
8273,8273,12,1,50.00,50.00
8274,8274,7,1,50.00,50.00
8275,8275,1,1,100.00,100.00
8276,8276,2,1,100.00,100.00
8277,8277,6,1,100.00,100.00
8278,8278,9,1,50.00,50.00
8279,8279,8,1,50.00,50.00
8280,8280,2,1,100.00,100.00
8281,8281,6,1,100.00,100.00
8282,8282,8,1,50.00,50.00
8283,8283,7,1,50.00,50.00
8284,8284,11,1,50.00,50.00
8285,8285,1,1,100.00,100.00
8286,8286,4,1,100.00,100.00
8287,8287,6,1,100.00,100.00
8288,8288,5,1,100.00,100.00
8289,8289,10,1,50.00,50.00
8290,8290,7,1,50.00,50.00
8291,8291,10,1,50.00,50.00
8292,8292,8,1,50.00,50.00
8293,8293,7,1,50.00,50.00
8294,8294,9,1,50.00,50.00
8295,8295,1,1,100.00,100.00
8296,8296,10,1,50.00,50.00
8297,8297,3,1,100.00,100.00
8298,8298,9,1,50.00,50.00
8299,8299,3,1,100.00,100.00
8300,8300,3,1,100.00,100.00
8301,8301,4,1,100.00,100.00
8302,8302,10,1,50.00,50.00
8303,8303,3,1,100.00,100.00
8304,8304,6,1,100.00,100.00
8305,8305,7,1,50.00,50.00
8306,8306,2,1,100.00,100.00
8307,8307,11,1,50.00,50.00
8308,8308,9,1,50.00,50.00
8309,8309,6,1,100.00,100.00
8310,8310,6,1,100.00,100.00
8311,8311,9,1,50.00,50.00
8312,8312,3,1,100.00,100.00
8313,8313,12,1,50.00,50.00
8314,8314,7,1,50.00,50.00
8315,8315,1,1,100.00,100.00
8316,8316,5,1,100.00,100.00
8317,8317,4,1,100.00,100.00
8318,8318,10,1,50.00,50.00
8319,8319,7,1,50.00,50.00
8320,8320,2,1,100.00,100.00
8321,8321,1,1,100.00,100.00
8322,8322,3,1,100.00,100.00
8323,8323,10,1,50.00,50.00
8324,8324,3,1,100.00,100.00
8325,8325,5,1,100.00,100.00
8326,8326,2,1,100.00,100.00
8327,8327,5,1,100.00,100.00
8328,8328,11,1,50.00,50.00
8329,8329,8,1,50.00,50.00
8330,8330,10,1,50.00,50.00
8331,8331,3,1,100.00,100.00
8332,8332,3,1,100.00,100.00
8333,8333,4,1,100.00,100.00
8334,8334,6,1,100.00,100.00
8335,8335,9,1,50.00,50.00
8336,8336,5,1,100.00,100.00
8337,8337,9,1,50.00,50.00
8338,8338,12,1,50.00,50.00
8339,8339,5,1,100.00,100.00
8340,8340,4,1,100.00,100.00
8341,8341,4,1,100.00,100.00
8342,8342,1,1,100.00,100.00
8343,8343,8,1,50.00,50.00
8344,8344,10,1,50.00,50.00
8345,8345,1,1,100.00,100.00
8346,8346,2,1,100.00,100.00
8347,8347,4,1,100.00,100.00
8348,8348,4,1,100.00,100.00
8349,8349,4,1,100.00,100.00
8350,8350,10,1,50.00,50.00
8351,8351,2,1,100.00,100.00
8352,8352,7,1,50.00,50.00
8353,8353,3,1,100.00,100.00
8354,8354,4,1,100.00,100.00
8355,8355,1,1,100.00,100.00
8356,8356,7,1,50.00,50.00
8357,8357,10,1,50.00,50.00
8358,8358,12,1,50.00,50.00
8359,8359,10,1,50.00,50.00
8360,8360,7,1,50.00,50.00
8361,8361,7,1,50.00,50.00
8362,8362,11,1,50.00,50.00
8363,8363,4,1,100.00,100.00
8364,8364,12,1,50.00,50.00
8365,8365,3,1,100.00,100.00
8366,8366,3,1,100.00,100.00
8367,8367,2,1,100.00,100.00
8368,8368,11,1,50.00,50.00
8369,8369,1,1,100.00,100.00
8370,8370,8,1,50.00,50.00
8371,8371,8,1,50.00,50.00
8372,8372,3,1,100.00,100.00
8373,8373,8,1,50.00,50.00
8374,8374,3,1,100.00,100.00
8375,8375,11,1,50.00,50.00
8376,8376,2,1,100.00,100.00
8377,8377,5,1,100.00,100.00
8378,8378,1,1,100.00,100.00
8379,8379,2,1,100.00,100.00
8380,8380,3,1,100.00,100.00
8381,8381,5,1,100.00,100.00
8382,8382,8,1,50.00,50.00
8383,8383,4,1,100.00,100.00
8384,8384,8,1,50.00,50.00
8385,8385,9,1,50.00,50.00
8386,8386,4,1,100.00,100.00
8387,8387,6,1,100.00,100.00
8388,8388,6,1,100.00,100.00
8389,8389,12,1,50.00,50.00
8390,8390,2,1,100.00,100.00
8391,8391,8,1,50.00,50.00
8392,8392,4,1,100.00,100.00
8393,8393,7,1,50.00,50.00
8394,8394,1,1,100.00,100.00
8395,8395,9,1,50.00,50.00
8396,8396,12,1,50.00,50.00
8397,8397,5,1,100.00,100.00
8398,8398,1,1,100.00,100.00
8399,8399,9,1,50.00,50.00
8400,8400,5,1,100.00,100.00
8401,8401,6,1,100.00,100.00
8402,8402,2,1,100.00,100.00
8403,8403,4,1,100.00,100.00
8404,8404,6,1,100.00,100.00
8405,8405,8,1,50.00,50.00
8406,8406,3,1,100.00,100.00
8407,8407,1,1,100.00,100.00
8408,8408,6,1,100.00,100.00
8409,8409,2,1,100.00,100.00
8410,8410,3,1,100.00,100.00
8411,8411,12,1,50.00,50.00
8412,8412,5,1,100.00,100.00
8413,8413,5,1,100.00,100.00
8414,8414,6,1,100.00,100.00
8415,8415,2,1,100.00,100.00
8416,8416,12,1,50.00,50.00
8417,8417,12,1,50.00,50.00
8418,8418,8,1,50.00,50.00
8419,8419,1,1,100.00,100.00
8420,8420,9,1,50.00,50.00
8421,8421,6,1,100.00,100.00
8422,8422,1,1,100.00,100.00
8423,8423,8,1,50.00,50.00
8424,8424,1,1,100.00,100.00
8425,8425,4,1,100.00,100.00
8426,8426,4,1,100.00,100.00
8427,8427,11,1,50.00,50.00
8428,8428,3,1,100.00,100.00
8429,8429,2,1,100.00,100.00
8430,8430,5,1,100.00,100.00
8431,8431,3,1,100.00,100.00
8432,8432,7,1,50.00,50.00
8433,8433,10,1,50.00,50.00
8434,8434,8,1,50.00,50.00
8435,8435,3,1,100.00,100.00
8436,8436,3,1,100.00,100.00
8437,8437,6,1,100.00,100.00
8438,8438,4,1,100.00,100.00
8439,8439,3,1,100.00,100.00
8440,8440,4,1,100.00,100.00
8441,8441,1,1,100.00,100.00
8442,8442,2,1,100.00,100.00
8443,8443,10,1,50.00,50.00
8444,8444,9,1,50.00,50.00
8445,8445,11,1,50.00,50.00
8446,8446,10,1,50.00,50.00
8447,8447,5,1,100.00,100.00
8448,8448,7,1,50.00,50.00
8449,8449,10,1,50.00,50.00
8450,8450,8,1,50.00,50.00
8451,8451,8,1,50.00,50.00
8452,8452,5,1,100.00,100.00
8453,8453,9,1,50.00,50.00
8454,8454,2,1,100.00,100.00
8455,8455,12,1,50.00,50.00
8456,8456,7,1,50.00,50.00
8457,8457,6,1,100.00,100.00
8458,8458,9,1,50.00,50.00
8459,8459,1,1,100.00,100.00
8460,8460,3,1,100.00,100.00
8461,8461,1,1,100.00,100.00
8462,8462,2,1,100.00,100.00
8463,8463,4,3,100.00,100.00
8464,8464,5,3,100.00,100.00
8465,8465,6,3,100.00,100.00
8466,8466,10,2,50.00,50.00
8467,8467,12,1,50.00,50.00
8468,8468,8,2,50.00,50.00
8469,8469,11,2,50.00,50.00
8470,8470,9,2,50.00,50.00
8471,8471,2,1,100.00,100.00
8472,8472,9,1,50.00,50.00
8473,8473,8,1,50.00,50.00
8474,8474,11,1,50.00,50.00
8475,8475,5,1,100.00,100.00
8476,8476,3,1,100.00,100.00
8477,8477,6,1,100.00,100.00
8478,8478,1,3,100.00,100.00
8479,8479,2,2,100.00,100.00
8480,8480,3,1,100.00,100.00
8481,8481,5,3,100.00,100.00
8482,8482,6,1,100.00,100.00
8483,8483,12,2,50.00,50.00
8484,8484,8,1,50.00,50.00
8485,8485,10,2,50.00,50.00
8486,8486,1,1,100.00,100.00
8487,8487,2,1,100.00,100.00
8488,8488,5,1,100.00,100.00
8489,8489,7,1,50.00,50.00
8490,8490,6,1,100.00,100.00
8491,8491,1,1,100.00,100.00
8492,8492,5,1,100.00,100.00
8493,8493,3,1,100.00,100.00
8494,8494,1,1,100.00,100.00
8495,8495,10,1,50.00,50.00
8496,8496,8,1,50.00,50.00
8497,8497,3,1,100.00,100.00
8498,8498,1,2,100.00,100.00
8499,8499,2,1,100.00,100.00
8500,8500,3,1,100.00,100.00
8501,8501,4,2,100.00,100.00
8502,8502,5,3,100.00,100.00
8503,8503,6,3,100.00,100.00
8504,8504,9,2,50.00,50.00
8505,8505,10,2,50.00,50.00
8506,8506,12,1,50.00,50.00
8507,8507,7,1,50.00,50.00
8508,8508,8,2,50.00,50.00
8509,8509,1,1,100.00,100.00
8510,8510,4,1,100.00,100.00
8511,8511,6,1,100.00,100.00
8512,8512,8,1,50.00,50.00
8513,8513,1,1,100.00,100.00
8514,8514,9,1,50.00,50.00
8515,8515,3,1,100.00,100.00
8516,8516,11,1,50.00,50.00
8517,8517,1,1,100.00,100.00
8518,8518,9,1,50.00,50.00
8519,8519,2,1,100.00,100.00
8520,8520,7,1,50.00,50.00
8521,8521,1,1,100.00,100.00
8522,8522,8,1,50.00,50.00
8523,8523,8,1,50.00,50.00
8524,8524,2,1,100.00,100.00
8525,8525,5,1,100.00,100.00
8526,8526,7,1,50.00,50.00
8527,8527,2,1,100.00,100.00
8528,8528,10,1,50.00,50.00
8529,8529,1,1,100.00,100.00
8530,8530,9,1,50.00,50.00
8531,8531,1,3,100.00,100.00
8532,8532,2,2,100.00,100.00
8533,8533,3,2,100.00,100.00
8534,8534,4,1,100.00,100.00
8535,8535,5,2,100.00,100.00
8536,8536,6,1,100.00,100.00
8537,8537,11,2,50.00,50.00
8538,8538,8,1,50.00,50.00
8539,8539,9,1,50.00,50.00
8540,8540,10,1,50.00,50.00
8541,8541,9,1,50.00,50.00
8542,8542,4,1,100.00,100.00
8543,8543,11,1,50.00,50.00
8544,8544,6,1,100.00,100.00
8545,8545,9,1,50.00,50.00
8546,8546,11,1,50.00,50.00
8547,8547,6,1,100.00,100.00
8548,8548,3,1,100.00,100.00
8549,8549,5,1,100.00,100.00
8550,8550,2,1,100.00,100.00
8551,8551,1,1,100.00,100.00
8552,8552,4,1,100.00,100.00
8553,8553,1,1,100.00,100.00
8554,8554,4,1,100.00,100.00
8555,8555,9,1,50.00,50.00
8556,8556,3,1,100.00,100.00
8557,8557,10,1,50.00,50.00
8558,8558,2,1,100.00,100.00
8559,8559,2,1,100.00,100.00
8560,8560,8,1,50.00,50.00
8561,8561,11,1,50.00,50.00
8562,8562,11,1,50.00,50.00
8563,8563,8,1,50.00,50.00
8564,8564,9,1,50.00,50.00
8565,8565,7,1,50.00,50.00
8566,8566,10,1,50.00,50.00
8567,8567,10,1,50.00,50.00
8568,8568,1,1,100.00,100.00
8569,8569,7,1,50.00,50.00
8570,8570,8,1,50.00,50.00
8571,8571,3,1,100.00,100.00
8572,8572,8,1,50.00,50.00
8573,8573,5,1,100.00,100.00
8574,8574,9,1,50.00,50.00
8575,8575,4,1,100.00,100.00
8576,8576,6,1,100.00,100.00
8577,8577,10,1,50.00,50.00
8578,8578,7,1,50.00,50.00
8579,8579,3,1,100.00,100.00
8580,8580,3,1,100.00,100.00
8581,8581,3,1,100.00,100.00
8582,8582,9,1,50.00,50.00
8583,8583,10,1,50.00,50.00
8584,8584,9,1,50.00,50.00
8585,8585,8,1,50.00,50.00
8586,8586,3,1,100.00,100.00
8587,8587,6,1,100.00,100.00
8588,8588,6,1,100.00,100.00
8589,8589,12,1,50.00,50.00
8590,8590,8,1,50.00,50.00
8591,8591,10,1,50.00,50.00
8592,8592,4,1,100.00,100.00
8593,8593,1,1,100.00,100.00
8594,8594,1,1,100.00,100.00
8595,8595,11,1,50.00,50.00
8596,8596,8,1,50.00,50.00
8597,8597,9,1,50.00,50.00
8598,8598,4,1,100.00,100.00
8599,8599,8,1,50.00,50.00
8600,8600,12,1,50.00,50.00
8601,8601,8,1,50.00,50.00
8602,8602,4,1,100.00,100.00
8603,8603,5,1,100.00,100.00
8604,8604,2,1,100.00,100.00
8605,8605,7,1,50.00,50.00
8606,8606,4,1,100.00,100.00
8607,8607,3,1,100.00,100.00
8608,8608,2,1,100.00,100.00
8609,8609,12,1,50.00,50.00
8610,8610,3,1,100.00,100.00
8611,8611,4,1,100.00,100.00
8612,8612,9,1,50.00,50.00
8613,8613,1,1,100.00,100.00
8614,8614,6,1,100.00,100.00
8615,8615,4,1,100.00,100.00
8616,8616,2,1,100.00,100.00
8617,8617,6,1,100.00,100.00
8618,8618,9,1,50.00,50.00
8619,8619,6,1,100.00,100.00
8620,8620,6,1,100.00,100.00
8621,8621,3,1,100.00,100.00
8622,8622,12,1,50.00,50.00
8623,8623,5,1,100.00,100.00
8624,8624,11,1,50.00,50.00
8625,8625,9,1,50.00,50.00
8626,8626,2,1,100.00,100.00
8627,8627,11,1,50.00,50.00
8628,8628,11,1,50.00,50.00
8629,8629,1,1,100.00,100.00
8630,8630,3,1,100.00,100.00
8631,8631,6,1,100.00,100.00
8632,8632,2,1,100.00,100.00
8633,8633,8,1,50.00,50.00
8634,8634,7,1,50.00,50.00
8635,8635,11,1,50.00,50.00
8636,8636,8,1,50.00,50.00
8637,8637,7,1,50.00,50.00
8638,8638,9,1,50.00,50.00
8639,8639,1,1,100.00,100.00
8640,8640,8,1,50.00,50.00
8641,8641,7,1,50.00,50.00
8642,8642,3,1,100.00,100.00
8643,8643,6,1,100.00,100.00
8644,8644,6,1,100.00,100.00
8645,8645,12,1,50.00,50.00
8646,8646,4,1,100.00,100.00
8647,8647,7,1,50.00,50.00
8648,8648,9,1,50.00,50.00
8649,8649,12,1,50.00,50.00
8650,8650,12,1,50.00,50.00
8651,8651,12,1,50.00,50.00
8652,8652,7,1,50.00,50.00
8653,8653,10,1,50.00,50.00
8654,8654,1,1,100.00,100.00
8655,8655,1,1,100.00,100.00
8656,8656,5,1,100.00,100.00
8657,8657,11,1,50.00,50.00
8658,8658,12,1,50.00,50.00
8659,8659,9,1,50.00,50.00
8660,8660,4,1,100.00,100.00
8661,8661,10,1,50.00,50.00
8662,8662,1,1,100.00,100.00
8663,8663,2,2,100.00,100.00
8664,8664,3,1,100.00,100.00
8665,8665,4,1,100.00,100.00
8666,8666,5,1,100.00,100.00
8667,8667,6,1,100.00,100.00
8668,8668,8,1,50.00,50.00
8669,8669,7,1,50.00,50.00
8670,8670,9,2,50.00,50.00
8671,8671,12,2,50.00,50.00
8672,8672,11,1,50.00,50.00
8673,8673,1,1,100.00,100.00
8674,8674,8,1,50.00,50.00
8675,8675,3,1,100.00,100.00
8676,8676,7,1,50.00,50.00
8677,8677,6,1,100.00,100.00
8678,8678,3,1,100.00,100.00
8679,8679,2,1,100.00,100.00
8680,8680,6,1,100.00,100.00
8681,8681,6,1,100.00,100.00
8682,8682,3,1,100.00,100.00
8683,8683,6,1,100.00,100.00
8684,8684,5,1,100.00,100.00
8685,8685,3,1,100.00,100.00
8686,8686,6,1,100.00,100.00
8687,8687,5,1,100.00,100.00
8688,8688,2,1,100.00,100.00
8689,8689,3,1,100.00,100.00
8690,8690,5,1,100.00,100.00
8691,8691,2,1,100.00,100.00
8692,8692,3,1,100.00,100.00
8693,8693,2,1,100.00,100.00
8694,8694,1,1,100.00,100.00
8695,8695,11,1,50.00,50.00
8696,8696,7,1,50.00,50.00
8697,8697,1,1,100.00,100.00
8698,8698,6,1,100.00,100.00
8699,8699,9,1,50.00,50.00
8700,8700,12,1,50.00,50.00
8701,8701,9,1,50.00,50.00
8702,8702,7,1,50.00,50.00
8703,8703,3,1,100.00,100.00
8704,8704,10,1,50.00,50.00
8705,8705,5,1,100.00,100.00
8706,8706,1,1,100.00,100.00
8707,8707,3,1,100.00,100.00
8708,8708,12,1,50.00,50.00
8709,8709,9,1,50.00,50.00
8710,8710,1,3,100.00,100.00
8711,8711,2,2,100.00,100.00
8712,8712,3,2,100.00,100.00
8713,8713,4,3,100.00,100.00
8714,8714,5,1,100.00,100.00
8715,8715,6,3,100.00,100.00
8716,8716,12,1,50.00,50.00
8717,8717,7,2,50.00,50.00
8718,8718,9,2,50.00,50.00
8719,8719,8,1,50.00,50.00
8720,8720,1,1,100.00,100.00
8721,8721,1,1,100.00,100.00
8722,8722,1,1,100.00,100.00
8723,8723,11,1,50.00,50.00
8724,8724,2,1,100.00,100.00
8725,8725,10,1,50.00,50.00
8726,8726,8,1,50.00,50.00
8727,8727,5,1,100.00,100.00
8728,8728,1,1,100.00,100.00
8729,8729,1,1,100.00,100.00
8730,8730,1,3,100.00,100.00
8731,8731,2,3,100.00,100.00
8732,8732,3,3,100.00,100.00
8733,8733,4,1,100.00,100.00
8734,8734,5,3,100.00,100.00
8735,8735,6,3,100.00,100.00
8736,8736,12,1,50.00,50.00
8737,8737,10,2,50.00,50.00
8738,8738,11,1,50.00,50.00
8739,8739,7,2,50.00,50.00
8740,8740,9,1,50.00,50.00
8741,8741,11,1,50.00,50.00
8742,8742,11,1,50.00,50.00
8743,8743,6,1,100.00,100.00
8744,8744,7,1,50.00,50.00
8745,8745,1,1,100.00,100.00
8746,8746,3,1,100.00,100.00
8747,8747,3,1,100.00,100.00
8748,8748,1,1,100.00,100.00
8749,8749,4,1,100.00,100.00
8750,8750,9,1,50.00,50.00
8751,8751,8,1,50.00,50.00
8752,8752,5,1,100.00,100.00
8753,8753,9,1,50.00,50.00
8754,8754,10,1,50.00,50.00
8755,8755,1,1,100.00,100.00
8756,8756,1,1,100.00,100.00
8757,8757,11,1,50.00,50.00
8758,8758,3,1,100.00,100.00
8759,8759,3,1,100.00,100.00
8760,8760,12,1,50.00,50.00
8761,8761,3,1,100.00,100.00
8762,8762,6,1,100.00,100.00
8763,8763,3,1,100.00,100.00
8764,8764,6,1,100.00,100.00
8765,8765,2,1,100.00,100.00
8766,8766,7,1,50.00,50.00
8767,8767,12,1,50.00,50.00
8768,8768,2,1,100.00,100.00
8769,8769,1,1,100.00,100.00
8770,8770,9,1,50.00,50.00
8771,8771,6,1,100.00,100.00
8772,8772,1,1,100.00,100.00
8773,8773,12,1,50.00,50.00
8774,8774,4,1,100.00,100.00
8775,8775,12,1,50.00,50.00
8776,8776,1,1,100.00,100.00
8777,8777,7,1,50.00,50.00
8778,8778,10,1,50.00,50.00
8779,8779,9,1,50.00,50.00
8780,8780,10,1,50.00,50.00
8781,8781,11,1,50.00,50.00
8782,8782,5,1,100.00,100.00
8783,8783,1,1,100.00,100.00
8784,8784,12,1,50.00,50.00
8785,8785,9,1,50.00,50.00
8786,8786,4,1,100.00,100.00
8787,8787,6,1,100.00,100.00
8788,8788,2,1,100.00,100.00
8789,8789,1,1,100.00,100.00
8790,8790,4,1,100.00,100.00
8791,8791,11,1,50.00,50.00
8792,8792,7,1,50.00,50.00
8793,8793,8,1,50.00,50.00
8794,8794,5,1,100.00,100.00
8795,8795,6,1,100.00,100.00
8796,8796,10,1,50.00,50.00
8797,8797,4,1,100.00,100.00
8798,8798,2,1,100.00,100.00
8799,8799,2,1,100.00,100.00
8800,8800,1,1,100.00,100.00
8801,8801,3,2,100.00,100.00
8802,8802,4,3,100.00,100.00
8803,8803,5,2,100.00,100.00
8804,8804,6,3,100.00,100.00
8805,8805,11,1,50.00,50.00
8806,8806,10,2,50.00,50.00
8807,8807,9,1,50.00,50.00
8808,8808,8,2,50.00,50.00
8809,8809,7,1,50.00,50.00
8810,8810,12,2,50.00,50.00
8811,8811,9,1,50.00,50.00
8812,8812,12,1,50.00,50.00
8813,8813,1,1,100.00,100.00
8814,8814,5,1,100.00,100.00
8815,8815,9,1,50.00,50.00
8816,8816,2,1,100.00,100.00
8817,8817,8,1,50.00,50.00
8818,8818,11,1,50.00,50.00
8819,8819,4,1,100.00,100.00
8820,8820,2,1,100.00,100.00
8821,8821,9,1,50.00,50.00
8822,8822,11,1,50.00,50.00
8823,8823,2,1,100.00,100.00
8824,8824,1,1,100.00,100.00
8825,8825,9,1,50.00,50.00
8826,8826,4,1,100.00,100.00
8827,8827,5,1,100.00,100.00
8828,8828,9,1,50.00,50.00
8829,8829,11,1,50.00,50.00
8830,8830,9,1,50.00,50.00
8831,8831,3,1,100.00,100.00
8832,8832,10,1,50.00,50.00
8833,8833,10,1,50.00,50.00
8834,8834,10,1,50.00,50.00
8835,8835,7,1,50.00,50.00
8836,8836,7,1,50.00,50.00
8837,8837,2,1,100.00,100.00
8838,8838,1,1,100.00,100.00
8839,8839,6,1,100.00,100.00
8840,8840,9,1,50.00,50.00
8841,8841,5,1,100.00,100.00
8842,8842,10,1,50.00,50.00
8843,8843,9,1,50.00,50.00
8844,8844,4,1,100.00,100.00
8845,8845,7,1,50.00,50.00
8846,8846,11,1,50.00,50.00
8847,8847,7,1,50.00,50.00
8848,8848,9,1,50.00,50.00
8849,8849,2,1,100.00,100.00
8850,8850,7,1,50.00,50.00
8851,8851,3,1,100.00,100.00
8852,8852,1,2,100.00,100.00
8853,8853,3,3,100.00,100.00
8854,8854,4,2,100.00,100.00
8855,8855,5,2,100.00,100.00
8856,8856,6,2,100.00,100.00
8857,8857,10,2,50.00,50.00
8858,8858,12,2,50.00,50.00
8859,8859,8,2,50.00,50.00
8860,8860,4,1,100.00,100.00
8861,8861,4,1,100.00,100.00
8862,8862,10,1,50.00,50.00
8863,8863,3,1,100.00,100.00
8864,8864,8,1,50.00,50.00
8865,8865,4,1,100.00,100.00
8866,8866,7,1,50.00,50.00
8867,8867,5,1,100.00,100.00
8868,8868,12,1,50.00,50.00
8869,8869,5,1,100.00,100.00
8870,8870,6,1,100.00,100.00
8871,8871,8,1,50.00,50.00
8872,8872,6,1,100.00,100.00
8873,8873,10,1,50.00,50.00
8874,8874,6,1,100.00,100.00
8875,8875,10,1,50.00,50.00
8876,8876,8,1,50.00,50.00
8877,8877,8,1,50.00,50.00
8878,8878,8,1,50.00,50.00
8879,8879,1,1,100.00,100.00
8880,8880,6,1,100.00,100.00
8881,8881,3,1,100.00,100.00
8882,8882,4,1,100.00,100.00
8883,8883,7,1,50.00,50.00
8884,8884,3,1,100.00,100.00
8885,8885,7,1,50.00,50.00
8886,8886,5,1,100.00,100.00
8887,8887,5,1,100.00,100.00
8888,8888,8,1,50.00,50.00
8889,8889,12,1,50.00,50.00
8890,8890,1,1,100.00,100.00
8891,8891,11,1,50.00,50.00
8892,8892,12,1,50.00,50.00
8893,8893,4,1,100.00,100.00
8894,8894,5,1,100.00,100.00
8895,8895,2,1,100.00,100.00
8896,8896,4,1,100.00,100.00
8897,8897,7,1,50.00,50.00
8898,8898,4,1,100.00,100.00
8899,8899,6,1,100.00,100.00
8900,8900,3,1,100.00,100.00
8901,8901,5,1,100.00,100.00
8902,8902,2,1,100.00,100.00
8903,8903,4,1,100.00,100.00
8904,8904,7,1,50.00,50.00
8905,8905,2,1,100.00,100.00
8906,8906,12,1,50.00,50.00
8907,8907,3,1,100.00,100.00
8908,8908,12,1,50.00,50.00
8909,8909,2,1,100.00,100.00
8910,8910,9,1,50.00,50.00
8911,8911,3,1,100.00,100.00
8912,8912,8,1,50.00,50.00
8913,8913,4,1,100.00,100.00
8914,8914,5,1,100.00,100.00
8915,8915,3,1,100.00,100.00
8916,8916,9,1,50.00,50.00
8917,8917,1,1,100.00,100.00
8918,8918,5,1,100.00,100.00
8919,8919,12,1,50.00,50.00
8920,8920,11,1,50.00,50.00
8921,8921,7,1,50.00,50.00
8922,8922,1,1,100.00,100.00
8923,8923,2,1,100.00,100.00
8924,8924,4,1,100.00,100.00
8925,8925,6,1,100.00,100.00
8926,8926,12,1,50.00,50.00
8927,8927,7,1,50.00,50.00
8928,8928,1,1,100.00,100.00
8929,8929,11,1,50.00,50.00
8930,8930,3,1,100.00,100.00
8931,8931,2,1,100.00,100.00
8932,8932,7,1,50.00,50.00
8933,8933,5,1,100.00,100.00
8934,8934,12,1,50.00,50.00
8935,8935,2,1,100.00,100.00
8936,8936,11,1,50.00,50.00
8937,8937,11,1,50.00,50.00
8938,8938,2,1,100.00,100.00
8939,8939,11,1,50.00,50.00
8940,8940,10,1,50.00,50.00
8941,8941,2,1,100.00,100.00
8942,8942,2,1,100.00,100.00
8943,8943,2,1,100.00,100.00
8944,8944,1,1,100.00,100.00
8945,8945,8,1,50.00,50.00
8946,8946,9,1,50.00,50.00
8947,8947,2,1,100.00,100.00
8948,8948,2,1,100.00,100.00
8949,8949,2,1,100.00,100.00
8950,8950,7,1,50.00,50.00
8951,8951,4,1,100.00,100.00
8952,8952,6,1,100.00,100.00
8953,8953,3,1,100.00,100.00
8954,8954,6,1,100.00,100.00
8955,8955,6,1,100.00,100.00
8956,8956,8,1,50.00,50.00
8957,8957,10,1,50.00,50.00
8958,8958,6,1,100.00,100.00
8959,8959,3,1,100.00,100.00
8960,8960,1,1,100.00,100.00
8961,8961,11,1,50.00,50.00
8962,8962,6,1,100.00,100.00
8963,8963,11,1,50.00,50.00
8964,8964,6,1,100.00,100.00
8965,8965,4,1,100.00,100.00
8966,8966,9,1,50.00,50.00
8967,8967,7,1,50.00,50.00
8968,8968,9,1,50.00,50.00
8969,8969,10,1,50.00,50.00
8970,8970,6,1,100.00,100.00
8971,8971,10,1,50.00,50.00
8972,8972,9,1,50.00,50.00
8973,8973,2,1,100.00,100.00
8974,8974,2,1,100.00,100.00
8975,8975,3,1,100.00,100.00
8976,8976,5,1,100.00,100.00
8977,8977,12,1,50.00,50.00
8978,8978,7,1,50.00,50.00
8979,8979,10,1,50.00,50.00
8980,8980,2,1,100.00,100.00
8981,8981,1,1,100.00,100.00
8982,8982,4,1,100.00,100.00
8983,8983,12,1,50.00,50.00
8984,8984,2,1,100.00,100.00
8985,8985,9,1,50.00,50.00
8986,8986,10,1,50.00,50.00
8987,8987,6,1,100.00,100.00
8988,8988,5,1,100.00,100.00
8989,8989,7,1,50.00,50.00
8990,8990,6,1,100.00,100.00
8991,8991,11,1,50.00,50.00
8992,8992,9,1,50.00,50.00
8993,8993,4,1,100.00,100.00
8994,8994,11,1,50.00,50.00
8995,8995,5,1,100.00,100.00
8996,8996,4,1,100.00,100.00
8997,8997,12,1,50.00,50.00
8998,8998,3,1,100.00,100.00
8999,8999,4,1,100.00,100.00
9000,9000,9,1,50.00,50.00
9001,9001,9,1,50.00,50.00
9002,9002,12,1,50.00,50.00
9003,9003,8,1,50.00,50.00
9004,9004,9,1,50.00,50.00
9005,9005,9,1,50.00,50.00
9006,9006,8,1,50.00,50.00
9007,9007,1,1,100.00,100.00
9008,9008,12,1,50.00,50.00
9009,9009,9,1,50.00,50.00
9010,9010,6,1,100.00,100.00
9011,9011,1,1,100.00,100.00
9012,9012,2,1,100.00,100.00
9013,9013,11,1,50.00,50.00
9014,9014,3,1,100.00,100.00
9015,9015,3,1,100.00,100.00
9016,9016,9,1,50.00,50.00
9017,9017,11,1,50.00,50.00
9018,9018,3,1,100.00,100.00
9019,9019,5,1,100.00,100.00
9020,9020,6,1,100.00,100.00
9021,9021,9,1,50.00,50.00
9022,9022,4,1,100.00,100.00
9023,9023,9,1,50.00,50.00
9024,9024,11,1,50.00,50.00
9025,9025,4,1,100.00,100.00
9026,9026,2,1,100.00,100.00
9027,9027,7,1,50.00,50.00
9028,9028,9,1,50.00,50.00
9029,9029,1,1,100.00,100.00
9030,9030,3,1,100.00,100.00
9031,9031,12,1,50.00,50.00
9032,9032,11,1,50.00,50.00
9033,9033,1,1,100.00,100.00
9034,9034,11,1,50.00,50.00
9035,9035,4,1,100.00,100.00
9036,9036,4,1,100.00,100.00
9037,9037,4,1,100.00,100.00
9038,9038,11,1,50.00,50.00
9039,9039,4,1,100.00,100.00
9040,9040,2,1,100.00,100.00
9041,9041,3,1,100.00,100.00
9042,9042,11,1,50.00,50.00
9043,9043,12,1,50.00,50.00
9044,9044,5,1,100.00,100.00
9045,9045,9,1,50.00,50.00
9046,9046,11,1,50.00,50.00
9047,9047,10,1,50.00,50.00
9048,9048,11,1,50.00,50.00
9049,9049,4,1,100.00,100.00
9050,9050,11,1,50.00,50.00
9051,9051,7,1,50.00,50.00
9052,9052,4,1,100.00,100.00
9053,9053,8,1,50.00,50.00
9054,9054,10,1,50.00,50.00
9055,9055,6,1,100.00,100.00
9056,9056,3,1,100.00,100.00
9057,9057,9,1,50.00,50.00
9058,9058,1,1,100.00,100.00
9059,9059,6,1,100.00,100.00
9060,9060,11,1,50.00,50.00
9061,9061,7,1,50.00,50.00
9062,9062,2,1,100.00,100.00
9063,9063,8,1,50.00,50.00
9064,9064,2,1,100.00,100.00
9065,9065,4,1,100.00,100.00
9066,9066,4,1,100.00,100.00
9067,9067,12,1,50.00,50.00
9068,9068,3,1,100.00,100.00
9069,9069,7,1,50.00,50.00
9070,9070,2,1,100.00,100.00
9071,9071,12,1,50.00,50.00
9072,9072,11,1,50.00,50.00
9073,9073,12,1,50.00,50.00
9074,9074,4,1,100.00,100.00
9075,9075,9,1,50.00,50.00
9076,9076,2,1,100.00,100.00
9077,9077,5,1,100.00,100.00
9078,9078,2,1,100.00,100.00
9079,9079,11,1,50.00,50.00
9080,9080,11,1,50.00,50.00
9081,9081,11,1,50.00,50.00
9082,9082,5,1,100.00,100.00
9083,9083,4,1,100.00,100.00
9084,9084,3,1,100.00,100.00
9085,9085,9,1,50.00,50.00
9086,9086,8,1,50.00,50.00
9087,9087,6,1,100.00,100.00
9088,9088,2,1,100.00,100.00
9089,9089,12,1,50.00,50.00
9090,9090,2,1,100.00,100.00
9091,9091,5,1,100.00,100.00
9092,9092,2,1,100.00,100.00
9093,9093,10,1,50.00,50.00
9094,9094,1,1,100.00,100.00
9095,9095,7,1,50.00,50.00
9096,9096,12,1,50.00,50.00
9097,9097,4,1,100.00,100.00
9098,9098,2,1,100.00,100.00
9099,9099,2,1,100.00,100.00
9100,9100,5,1,100.00,100.00
9101,9101,3,1,100.00,100.00
9102,9102,10,1,50.00,50.00
9103,9103,8,1,50.00,50.00
9104,9104,10,1,50.00,50.00
9105,9105,2,1,100.00,100.00
9106,9106,4,1,100.00,100.00
9107,9107,4,1,100.00,100.00
9108,9108,8,1,50.00,50.00
9109,9109,4,1,100.00,100.00
9110,9110,4,1,100.00,100.00
9111,9111,5,1,100.00,100.00
9112,9112,11,1,50.00,50.00
9113,9113,4,1,100.00,100.00
9114,9114,7,1,50.00,50.00
9115,9115,12,1,50.00,50.00
9116,9116,2,1,100.00,100.00
9117,9117,11,1,50.00,50.00
9118,9118,4,1,100.00,100.00
9119,9119,12,1,50.00,50.00
9120,9120,3,1,100.00,100.00
9121,9121,9,1,50.00,50.00
9122,9122,4,1,100.00,100.00
9123,9123,2,1,100.00,100.00
9124,9124,1,1,100.00,100.00
9125,9125,6,1,100.00,100.00
9126,9126,1,1,100.00,100.00
9127,9127,8,1,50.00,50.00
9128,9128,4,1,100.00,100.00
9129,9129,11,1,50.00,50.00
9130,9130,9,1,50.00,50.00
9131,9131,1,1,100.00,100.00
9132,9132,2,1,100.00,100.00
9133,9133,1,1,100.00,100.00
9134,9134,6,1,100.00,100.00
9135,9135,10,1,50.00,50.00
9136,9136,3,1,100.00,100.00
9137,9137,11,1,50.00,50.00
9138,9138,2,1,100.00,100.00
9139,9139,12,1,50.00,50.00
9140,9140,4,1,100.00,100.00
9141,9141,5,1,100.00,100.00
9142,9142,2,1,100.00,100.00
9143,9143,1,1,100.00,100.00
9144,9144,7,1,50.00,50.00
9145,9145,4,1,100.00,100.00
9146,9146,3,1,100.00,100.00
9147,9147,11,1,50.00,50.00
9148,9148,3,1,100.00,100.00
9149,9149,2,1,100.00,100.00
9150,9150,11,1,50.00,50.00
9151,9151,5,1,100.00,100.00
9152,9152,8,1,50.00,50.00
9153,9153,7,1,50.00,50.00
9154,9154,8,1,50.00,50.00
9155,9155,3,1,100.00,100.00
9156,9156,3,1,100.00,100.00
9157,9157,6,1,100.00,100.00
9158,9158,8,1,50.00,50.00
9159,9159,2,1,100.00,100.00
9160,9160,7,1,50.00,50.00
9161,9161,9,1,50.00,50.00
9162,9162,2,1,100.00,100.00
9163,9163,6,1,100.00,100.00
9164,9164,9,1,50.00,50.00
9165,9165,6,1,100.00,100.00
9166,9166,3,1,100.00,100.00
9167,9167,6,1,100.00,100.00
9168,9168,1,1,100.00,100.00
9169,9169,7,1,50.00,50.00
9170,9170,8,1,50.00,50.00
9171,9171,2,1,100.00,100.00
9172,9172,10,1,50.00,50.00
9173,9173,1,1,100.00,100.00
9174,9174,9,1,50.00,50.00
9175,9175,3,1,100.00,100.00
9176,9176,4,1,100.00,100.00
9177,9177,12,1,50.00,50.00
9178,9178,6,1,100.00,100.00
9179,9179,6,1,100.00,100.00
9180,9180,9,1,50.00,50.00
9181,9181,3,1,100.00,100.00
9182,9182,10,1,50.00,50.00
9183,9183,2,1,100.00,100.00
9184,9184,3,1,100.00,100.00
9185,9185,10,1,50.00,50.00
9186,9186,3,1,100.00,100.00
9187,9187,4,1,100.00,100.00
9188,9188,5,1,100.00,100.00
9189,9189,9,1,50.00,50.00
9190,9190,3,1,100.00,100.00
9191,9191,8,1,50.00,50.00
9192,9192,5,1,100.00,100.00
9193,9193,2,1,100.00,100.00
9194,9194,2,1,100.00,100.00
9195,9195,11,1,50.00,50.00
9196,9196,1,1,100.00,100.00
9197,9197,4,1,100.00,100.00
9198,9198,10,1,50.00,50.00
9199,9199,8,1,50.00,50.00
9200,9200,4,1,100.00,100.00
9201,9201,3,1,100.00,100.00
9202,9202,4,1,100.00,100.00
9203,9203,4,1,100.00,100.00
9204,9204,7,1,50.00,50.00
9205,9205,4,1,100.00,100.00
9206,9206,8,1,50.00,50.00
9207,9207,10,1,50.00,50.00
9208,9208,10,1,50.00,50.00
9209,9209,10,1,50.00,50.00
9210,9210,3,1,100.00,100.00
9211,9211,7,1,50.00,50.00
9212,9212,10,1,50.00,50.00
9213,9213,8,1,50.00,50.00
9214,9214,2,1,100.00,100.00
9215,9215,3,1,100.00,100.00
9216,9216,1,1,100.00,100.00
9217,9217,9,1,50.00,50.00
9218,9218,7,1,50.00,50.00
9219,9219,3,1,100.00,100.00
9220,9220,4,1,100.00,100.00
9221,9221,1,1,100.00,100.00
9222,9222,2,1,100.00,100.00
9223,9223,6,1,100.00,100.00
9224,9224,4,1,100.00,100.00
9225,9225,7,1,50.00,50.00
9226,9226,1,1,100.00,100.00
9227,9227,2,1,100.00,100.00
9228,9228,6,1,100.00,100.00
9229,9229,5,1,100.00,100.00
9230,9230,1,1,100.00,100.00
9231,9231,8,1,50.00,50.00
9232,9232,3,1,100.00,100.00
9233,9233,9,1,50.00,50.00
9234,9234,4,1,100.00,100.00
9235,9235,4,1,100.00,100.00
9236,9236,11,1,50.00,50.00
9237,9237,2,1,100.00,100.00
9238,9238,3,1,100.00,100.00
9239,9239,3,1,100.00,100.00
9240,9240,1,1,100.00,100.00
9241,9241,4,1,100.00,100.00
9242,9242,11,1,50.00,50.00
9243,9243,9,1,50.00,50.00
9244,9244,7,1,50.00,50.00
9245,9245,2,1,100.00,100.00
9246,9246,3,1,100.00,100.00
9247,9247,5,1,100.00,100.00
9248,9248,5,1,100.00,100.00
9249,9249,9,1,50.00,50.00
9250,9250,2,1,100.00,100.00
9251,9251,7,1,50.00,50.00
9252,9252,12,1,50.00,50.00
9253,9253,12,1,50.00,50.00
9254,9254,7,1,50.00,50.00
9255,9255,4,1,100.00,100.00
9256,9256,12,1,50.00,50.00
9257,9257,3,1,100.00,100.00
9258,9258,9,1,50.00,50.00
9259,9259,4,1,100.00,100.00
9260,9260,2,1,100.00,100.00
9261,9261,8,1,50.00,50.00
9262,9262,6,1,100.00,100.00
9263,9263,11,1,50.00,50.00
9264,9264,12,1,50.00,50.00
9265,9265,7,1,50.00,50.00
9266,9266,7,1,50.00,50.00
9267,9267,10,1,50.00,50.00
9268,9268,3,1,100.00,100.00
9269,9269,3,1,100.00,100.00
9270,9270,12,1,50.00,50.00
9271,9271,4,1,100.00,100.00
9272,9272,10,1,50.00,50.00
9273,9273,7,1,50.00,50.00
9274,9274,9,1,50.00,50.00
9275,9275,5,1,100.00,100.00
9276,9276,3,1,100.00,100.00
9277,9277,9,1,50.00,50.00
9278,9278,5,1,100.00,100.00
9279,9279,2,1,100.00,100.00
9280,9280,7,1,50.00,50.00
9281,9281,6,1,100.00,100.00
9282,9282,8,1,50.00,50.00
9283,9283,8,1,50.00,50.00
9284,9284,9,1,50.00,50.00
9285,9285,11,1,50.00,50.00
9286,9286,4,1,100.00,100.00
9287,9287,8,1,50.00,50.00
9288,9288,1,1,100.00,100.00
9289,9289,5,1,100.00,100.00
9290,9290,8,1,50.00,50.00
9291,9291,6,1,100.00,100.00
9292,9292,5,1,100.00,100.00
9293,9293,1,1,100.00,100.00
9294,9294,4,1,100.00,100.00
9295,9295,11,1,50.00,50.00
9296,9296,9,1,50.00,50.00
9297,9297,1,1,100.00,100.00
9298,9298,8,1,50.00,50.00
9299,9299,11,1,50.00,50.00
9300,9300,3,1,100.00,100.00
9301,9301,5,1,100.00,100.00
9302,9302,6,1,100.00,100.00
9303,9303,8,1,50.00,50.00
9304,9304,10,1,50.00,50.00
9305,9305,10,1,50.00,50.00
9306,9306,10,1,50.00,50.00
9307,9307,3,1,100.00,100.00
9308,9308,12,1,50.00,50.00
9309,9309,5,1,100.00,100.00
9310,9310,1,1,100.00,100.00
9311,9311,12,1,50.00,50.00
9312,9312,9,1,50.00,50.00
9313,9313,1,1,100.00,100.00
9314,9314,5,1,100.00,100.00
9315,9315,8,1,50.00,50.00
9316,9316,1,1,100.00,100.00
9317,9317,5,1,100.00,100.00
9318,9318,9,1,50.00,50.00
9319,9319,4,1,100.00,100.00
9320,9320,1,1,100.00,100.00
9321,9321,3,1,100.00,100.00
9322,9322,5,1,100.00,100.00
9323,9323,10,1,50.00,50.00
9324,9324,11,1,50.00,50.00
9325,9325,4,1,100.00,100.00
9326,9326,11,1,50.00,50.00
9327,9327,3,1,100.00,100.00
9328,9328,7,1,50.00,50.00
9329,9329,11,1,50.00,50.00
9330,9330,2,1,100.00,100.00
9331,9331,11,1,50.00,50.00
9332,9332,7,1,50.00,50.00
9333,9333,5,1,100.00,100.00
9334,9334,7,1,50.00,50.00
9335,9335,11,1,50.00,50.00
9336,9336,4,1,100.00,100.00
9337,9337,9,1,50.00,50.00
9338,9338,9,1,50.00,50.00
9339,9339,8,1,50.00,50.00
9340,9340,4,1,100.00,100.00
9341,9341,10,1,50.00,50.00
9342,9342,11,1,50.00,50.00
9343,9343,6,1,100.00,100.00
9344,9344,7,1,50.00,50.00
9345,9345,3,1,100.00,100.00
9346,9346,5,1,100.00,100.00
9347,9347,6,1,100.00,100.00
9348,9348,4,1,100.00,100.00
9349,9349,7,1,50.00,50.00
9350,9350,4,1,100.00,100.00
9351,9351,3,1,100.00,100.00
9352,9352,9,1,50.00,50.00
9353,9353,12,1,50.00,50.00
9354,9354,6,1,100.00,100.00
9355,9355,8,1,50.00,50.00
9356,9356,9,1,50.00,50.00
9357,9357,5,1,100.00,100.00
9358,9358,2,1,100.00,100.00
9359,9359,1,1,100.00,100.00
9360,9360,12,1,50.00,50.00
9361,9361,6,1,100.00,100.00
9362,9362,11,1,50.00,50.00
9363,9363,7,1,50.00,50.00
9364,9364,11,1,50.00,50.00
9365,9365,10,1,50.00,50.00
9366,9366,12,1,50.00,50.00
9367,9367,1,1,100.00,100.00
9368,9368,8,1,50.00,50.00
9369,9369,7,1,50.00,50.00
9370,9370,10,1,50.00,50.00
9371,9371,2,1,100.00,100.00
9372,9372,8,1,50.00,50.00
9373,9373,2,1,100.00,100.00
9374,9374,12,1,50.00,50.00
9375,9375,3,1,100.00,100.00
9376,9376,7,1,50.00,50.00
9377,9377,5,1,100.00,100.00
9378,9378,4,1,100.00,100.00
9379,9379,7,1,50.00,50.00
9380,9380,5,1,100.00,100.00
9381,9381,3,1,100.00,100.00
9382,9382,3,1,100.00,100.00
9383,9383,1,1,100.00,100.00
9384,9384,1,1,100.00,100.00
9385,9385,2,1,100.00,100.00
9386,9386,1,1,100.00,100.00
9387,9387,2,1,100.00,100.00
9388,9388,11,1,50.00,50.00
9389,9389,9,1,50.00,50.00
9390,9390,10,1,50.00,50.00
9391,9391,8,1,50.00,50.00
9392,9392,6,1,100.00,100.00
9393,9393,4,1,100.00,100.00
9394,9394,3,1,100.00,100.00
9395,9395,4,1,100.00,100.00
9396,9396,1,1,100.00,100.00
9397,9397,2,1,100.00,100.00
9398,9398,6,1,100.00,100.00
9399,9399,3,1,100.00,100.00
9400,9400,6,1,100.00,100.00
9401,9401,5,1,100.00,100.00
9402,9402,3,1,100.00,100.00
9403,9403,5,1,100.00,100.00
9404,9404,9,1,50.00,50.00
9405,9405,5,1,100.00,100.00
9406,9406,5,1,100.00,100.00
9407,9407,7,1,50.00,50.00
9408,9408,8,1,50.00,50.00
9409,9409,8,1,50.00,50.00
9410,9410,6,1,100.00,100.00
9411,9411,9,1,50.00,50.00
9412,9412,9,1,50.00,50.00
9413,9413,4,1,100.00,100.00
9414,9414,3,1,100.00,100.00
9415,9415,7,1,50.00,50.00
9416,9416,8,1,50.00,50.00
9417,9417,6,1,100.00,100.00
9418,9418,9,1,50.00,50.00
9419,9419,2,1,100.00,100.00
9420,9420,11,1,50.00,50.00
9421,9421,7,1,50.00,50.00
9422,9422,12,1,50.00,50.00
9423,9423,11,1,50.00,50.00
9424,9424,10,1,50.00,50.00
9425,9425,4,1,100.00,100.00
9426,9426,8,1,50.00,50.00
9427,9427,9,1,50.00,50.00
9428,9428,8,1,50.00,50.00
9429,9429,5,1,100.00,100.00
9430,9430,7,1,50.00,50.00
9431,9431,2,1,100.00,100.00
9432,9432,8,1,50.00,50.00
9433,9433,8,1,50.00,50.00
9434,9434,12,1,50.00,50.00
9435,9435,11,1,50.00,50.00
9436,9436,7,1,50.00,50.00
9437,9437,7,1,50.00,50.00
9438,9438,12,1,50.00,50.00
9439,9439,1,1,100.00,100.00
9440,9440,8,1,50.00,50.00
9441,9441,6,1,100.00,100.00
9442,9442,12,1,50.00,50.00
9443,9443,8,1,50.00,50.00
9444,9444,2,1,100.00,100.00
9445,9445,2,1,100.00,100.00
9446,9446,3,1,100.00,100.00
9447,9447,1,1,100.00,100.00
9448,9448,9,1,50.00,50.00
9449,9449,9,1,50.00,50.00
9450,9450,1,1,100.00,100.00
9451,9451,2,1,100.00,100.00
9452,9452,7,1,50.00,50.00
9453,9453,11,1,50.00,50.00
9454,9454,12,1,50.00,50.00
9455,9455,1,1,100.00,100.00
9456,9456,6,1,100.00,100.00
9457,9457,8,1,50.00,50.00
9458,9458,11,1,50.00,50.00
9459,9459,6,1,100.00,100.00
9460,9460,6,1,100.00,100.00
9461,9461,6,1,100.00,100.00
9462,9462,2,1,100.00,100.00
9463,9463,6,1,100.00,100.00
9464,9464,5,1,100.00,100.00
9465,9465,6,1,100.00,100.00
9466,9466,8,1,50.00,50.00
9467,9467,5,1,100.00,100.00
9468,9468,12,1,50.00,50.00
9469,9469,2,1,100.00,100.00
9470,9470,10,1,50.00,50.00
9471,9471,4,1,100.00,100.00
9472,9472,8,1,50.00,50.00
9473,9473,11,1,50.00,50.00
9474,9474,3,1,100.00,100.00
9475,9475,1,1,100.00,100.00
9476,9476,12,1,50.00,50.00
9477,9477,10,1,50.00,50.00
9478,9478,8,1,50.00,50.00
9479,9479,12,1,50.00,50.00
9480,9480,5,1,100.00,100.00
9481,9481,5,1,100.00,100.00
9482,9482,10,1,50.00,50.00
9483,9483,3,1,100.00,100.00
9484,9484,10,1,50.00,50.00
9485,9485,10,1,50.00,50.00
9486,9486,9,1,50.00,50.00
9487,9487,9,1,50.00,50.00
9488,9488,6,1,100.00,100.00
9489,9489,8,1,50.00,50.00
9490,9490,2,1,100.00,100.00
9491,9491,3,1,100.00,100.00
9492,9492,8,1,50.00,50.00
9493,9493,8,1,50.00,50.00
9494,9494,1,1,100.00,100.00
9495,9495,3,1,100.00,100.00
9496,9496,8,1,50.00,50.00
9497,9497,12,1,50.00,50.00
9498,9498,1,1,100.00,100.00
9499,9499,2,1,100.00,100.00
9500,9500,4,1,100.00,100.00
9501,9501,3,1,100.00,100.00
9502,9502,2,1,100.00,100.00
9503,9503,4,1,100.00,100.00
9504,9504,5,1,100.00,100.00
9505,9505,5,1,100.00,100.00
9506,9506,11,1,50.00,50.00
9507,9507,7,1,50.00,50.00
9508,9508,4,1,100.00,100.00
9509,9509,3,1,100.00,100.00
9510,9510,4,1,100.00,100.00
9511,9511,5,1,100.00,100.00
9512,9512,11,1,50.00,50.00
9513,9513,6,1,100.00,100.00
9514,9514,4,1,100.00,100.00
9515,9515,8,1,50.00,50.00
9516,9516,8,1,50.00,50.00
9517,9517,5,1,100.00,100.00
9518,9518,3,1,100.00,100.00
9519,9519,7,1,50.00,50.00
9520,9520,7,1,50.00,50.00
9521,9521,8,1,50.00,50.00
9522,9522,8,1,50.00,50.00
9523,9523,7,1,50.00,50.00
9524,9524,1,1,100.00,100.00
9525,9525,10,1,50.00,50.00
9526,9526,3,1,100.00,100.00
9527,9527,4,1,100.00,100.00
9528,9528,5,1,100.00,100.00
9529,9529,12,1,50.00,50.00
9530,9530,11,1,50.00,50.00
9531,9531,6,1,100.00,100.00
9532,9532,9,1,50.00,50.00
9533,9533,1,1,100.00,100.00
9534,9534,9,1,50.00,50.00
9535,9535,3,1,100.00,100.00
9536,9536,10,1,50.00,50.00
9537,9537,2,1,100.00,100.00
9538,9538,10,1,50.00,50.00
9539,9539,8,1,50.00,50.00
9540,9540,10,1,50.00,50.00
9541,9541,11,1,50.00,50.00
9542,9542,2,1,100.00,100.00
9543,9543,9,1,50.00,50.00
9544,9544,3,1,100.00,100.00
9545,9545,10,1,50.00,50.00
9546,9546,6,1,100.00,100.00
9547,9547,10,1,50.00,50.00
9548,9548,8,1,50.00,50.00
9549,9549,10,1,50.00,50.00
9550,9550,3,1,100.00,100.00
9551,9551,1,1,100.00,100.00
9552,9552,1,1,100.00,100.00
9553,9553,10,1,50.00,50.00
9554,9554,9,1,50.00,50.00
9555,9555,8,1,50.00,50.00
9556,9556,1,1,100.00,100.00
9557,9557,7,1,50.00,50.00
9558,9558,11,1,50.00,50.00
9559,9559,1,1,100.00,100.00
9560,9560,7,1,50.00,50.00
9561,9561,10,1,50.00,50.00
9562,9562,5,1,100.00,100.00
9563,9563,9,1,50.00,50.00
9564,9564,8,1,50.00,50.00
9565,9565,8,1,50.00,50.00
9566,9566,4,1,100.00,100.00
9567,9567,11,1,50.00,50.00
9568,9568,6,1,100.00,100.00
9569,9569,4,1,100.00,100.00
9570,9570,7,1,50.00,50.00
9571,9571,2,1,100.00,100.00
9572,9572,5,1,100.00,100.00
9573,9573,10,1,50.00,50.00
9574,9574,5,1,100.00,100.00
9575,9575,11,1,50.00,50.00
9576,9576,4,1,100.00,100.00
9577,9577,12,1,50.00,50.00
9578,9578,10,1,50.00,50.00
9579,9579,11,1,50.00,50.00
9580,9580,2,1,100.00,100.00
9581,9581,3,1,100.00,100.00
9582,9582,4,1,100.00,100.00
9583,9583,11,1,50.00,50.00
9584,9584,3,1,100.00,100.00
9585,9585,9,1,50.00,50.00
9586,9586,10,1,50.00,50.00
9587,9587,4,1,100.00,100.00
9588,9588,10,1,50.00,50.00
9589,9589,7,1,50.00,50.00
9590,9590,6,1,100.00,100.00
9591,9591,1,1,100.00,100.00
9592,9592,5,1,100.00,100.00
9593,9593,4,1,100.00,100.00
9594,9594,11,1,50.00,50.00
9595,9595,9,1,50.00,50.00
9596,9596,2,1,100.00,100.00
9597,9597,3,1,100.00,100.00
9598,9598,9,1,50.00,50.00
9599,9599,3,1,100.00,100.00
9600,9600,2,1,100.00,100.00
9601,9601,4,1,100.00,100.00
9602,9602,8,1,50.00,50.00
9603,9603,7,1,50.00,50.00
9604,9604,2,1,100.00,100.00
9605,9605,2,1,100.00,100.00
9606,9606,8,1,50.00,50.00
9607,9607,1,1,100.00,100.00
9608,9608,3,1,100.00,100.00
9609,9609,2,1,100.00,100.00
9610,9610,1,1,100.00,100.00
9611,9611,2,1,100.00,100.00
9612,9612,5,1,100.00,100.00
9613,9613,9,1,50.00,50.00
9614,9614,10,1,50.00,50.00
9615,9615,6,1,100.00,100.00
9616,9616,7,1,50.00,50.00
9617,9617,4,1,100.00,100.00
9618,9618,3,1,100.00,100.00
9619,9619,4,1,100.00,100.00
9620,9620,6,1,100.00,100.00
9621,9621,7,1,50.00,50.00
9622,9622,9,1,50.00,50.00
9623,9623,8,1,50.00,50.00
9624,9624,10,1,50.00,50.00
9625,9625,2,1,100.00,100.00
9626,9626,12,1,50.00,50.00
9627,9627,12,1,50.00,50.00
9628,9628,12,1,50.00,50.00
9629,9629,8,1,50.00,50.00
9630,9630,9,1,50.00,50.00
9631,9631,10,1,50.00,50.00
9632,9632,12,1,50.00,50.00
9633,9633,5,1,100.00,100.00
9634,9634,6,1,100.00,100.00
9635,9635,2,1,100.00,100.00
9636,9636,8,1,50.00,50.00
9637,9637,5,1,100.00,100.00
9638,9638,3,1,100.00,100.00
9639,9639,8,1,50.00,50.00
9640,9640,2,1,100.00,100.00
9641,9641,10,1,50.00,50.00
9642,9642,1,1,100.00,100.00
9643,9643,5,1,100.00,100.00
9644,9644,7,1,50.00,50.00
9645,9645,6,1,100.00,100.00
9646,9646,10,1,50.00,50.00
9647,9647,10,1,50.00,50.00
9648,9648,4,1,100.00,100.00
9649,9649,11,1,50.00,50.00
9650,9650,6,1,100.00,100.00
9651,9651,6,1,100.00,100.00
9652,9652,6,1,100.00,100.00
9653,9653,6,1,100.00,100.00
9654,9654,12,1,50.00,50.00
9655,9655,4,1,100.00,100.00
9656,9656,12,1,50.00,50.00
9657,9657,3,1,100.00,100.00
9658,9658,9,1,50.00,50.00
9659,9659,7,1,50.00,50.00
9660,9660,3,1,100.00,100.00
9661,9661,1,1,100.00,100.00
9662,9662,9,1,50.00,50.00
9663,9663,5,1,100.00,100.00
9664,9664,5,1,100.00,100.00
9665,9665,6,1,100.00,100.00
9666,9666,11,1,50.00,50.00
9667,9667,4,1,100.00,100.00
9668,9668,6,1,100.00,100.00
9669,9669,9,1,50.00,50.00
9670,9670,8,1,50.00,50.00
9671,9671,9,1,50.00,50.00
9672,9672,11,1,50.00,50.00
9673,9673,6,1,100.00,100.00
9674,9674,9,1,50.00,50.00
9675,9675,12,1,50.00,50.00
9676,9676,10,1,50.00,50.00
9677,9677,1,1,100.00,100.00
9678,9678,11,1,50.00,50.00
9679,9679,11,1,50.00,50.00
9680,9680,10,1,50.00,50.00
9681,9681,8,1,50.00,50.00
9682,9682,3,1,100.00,100.00
9683,9683,7,1,50.00,50.00
9684,9684,3,1,100.00,100.00
9685,9685,8,1,50.00,50.00
9686,9686,3,1,100.00,100.00
9687,9687,4,1,100.00,100.00
9688,9688,12,1,50.00,50.00
9689,9689,1,1,100.00,100.00
9690,9690,11,1,50.00,50.00
9691,9691,10,1,50.00,50.00
9692,9692,10,1,50.00,50.00
9693,9693,3,1,100.00,100.00
9694,9694,8,1,50.00,50.00
9695,9695,11,1,50.00,50.00
9696,9696,9,1,50.00,50.00
9697,9697,11,1,50.00,50.00
9698,9698,10,1,50.00,50.00
9699,9699,3,1,100.00,100.00
9700,9700,7,1,50.00,50.00
9701,9701,8,1,50.00,50.00
9702,9702,3,1,100.00,100.00
9703,9703,7,1,50.00,50.00
9704,9704,7,1,50.00,50.00
9705,9705,8,1,50.00,50.00
9706,9706,9,1,50.00,50.00
9707,9707,8,1,50.00,50.00
9708,9708,7,1,50.00,50.00
9709,9709,12,1,50.00,50.00
9710,9710,6,1,100.00,100.00
9711,9711,5,1,100.00,100.00
9712,9712,11,1,50.00,50.00
9713,9713,1,1,100.00,100.00
9714,9714,3,1,100.00,100.00
9715,9715,12,1,50.00,50.00
9716,9716,8,1,50.00,50.00
9717,9717,10,1,50.00,50.00
9718,9718,11,1,50.00,50.00
9719,9719,10,1,50.00,50.00
9720,9720,12,1,50.00,50.00
9721,9721,11,1,50.00,50.00
9722,9722,11,1,50.00,50.00
9723,9723,1,1,100.00,100.00
9724,9724,3,1,100.00,100.00
9725,9725,8,1,50.00,50.00
9726,9726,3,1,100.00,100.00
9727,9727,11,1,50.00,50.00
9728,9728,9,1,50.00,50.00
9729,9729,4,1,100.00,100.00
9730,9730,1,1,100.00,100.00
9731,9731,9,1,50.00,50.00
9732,9732,6,1,100.00,100.00
9733,9733,3,1,100.00,100.00
9734,9734,9,1,50.00,50.00
9735,9735,8,1,50.00,50.00
9736,9736,10,1,50.00,50.00
9737,9737,3,1,100.00,100.00
9738,9738,5,1,100.00,100.00
9739,9739,12,1,50.00,50.00
9740,9740,8,1,50.00,50.00
9741,9741,9,1,50.00,50.00
9742,9742,10,1,50.00,50.00
9743,9743,7,1,50.00,50.00
9744,9744,7,1,50.00,50.00
9745,9745,9,1,50.00,50.00
9746,9746,8,1,50.00,50.00
9747,9747,11,1,50.00,50.00
9748,9748,11,1,50.00,50.00
9749,9749,6,1,100.00,100.00
9750,9750,4,1,100.00,100.00
9751,9751,6,1,100.00,100.00
9752,9752,4,1,100.00,100.00
9753,9753,12,1,50.00,50.00
9754,9754,10,1,50.00,50.00
9755,9755,10,1,50.00,50.00
9756,9756,5,1,100.00,100.00
9757,9757,12,1,50.00,50.00
9758,9758,8,1,50.00,50.00
9759,9759,9,1,50.00,50.00
9760,9760,7,1,50.00,50.00
9761,9761,9,1,50.00,50.00
9762,9762,8,1,50.00,50.00
9763,9763,9,1,50.00,50.00
9764,9764,5,1,100.00,100.00
9765,9765,3,1,100.00,100.00
9766,9766,9,1,50.00,50.00
9767,9767,8,1,50.00,50.00
9768,9768,4,1,100.00,100.00
9769,9769,1,1,100.00,100.00
9770,9770,12,1,50.00,50.00
9771,9771,9,1,50.00,50.00
9772,9772,6,1,100.00,100.00
9773,9773,3,1,100.00,100.00
9774,9774,5,1,100.00,100.00
9775,9775,12,1,50.00,50.00
9776,9776,2,1,100.00,100.00
9777,9777,5,1,100.00,100.00
9778,9778,11,1,50.00,50.00
9779,9779,10,1,50.00,50.00
9780,9780,11,1,50.00,50.00
9781,9781,12,1,50.00,50.00
9782,9782,11,1,50.00,50.00
9783,9783,4,1,100.00,100.00
9784,9784,3,1,100.00,100.00
9785,9785,10,1,50.00,50.00
9786,9786,10,1,50.00,50.00
9787,9787,10,1,50.00,50.00
9788,9788,3,1,100.00,100.00
9789,9789,5,1,100.00,100.00
9790,9790,7,1,50.00,50.00
9791,9791,2,1,100.00,100.00
9792,9792,3,1,100.00,100.00
9793,9793,1,1,100.00,100.00
9794,9794,10,1,50.00,50.00
9795,9795,9,1,50.00,50.00
9796,9796,10,1,50.00,50.00
9797,9797,7,1,50.00,50.00
9798,9798,12,1,50.00,50.00
9799,9799,7,1,50.00,50.00
9800,9800,6,1,100.00,100.00
9801,9801,7,1,50.00,50.00
9802,9802,7,1,50.00,50.00
9803,9803,4,1,100.00,100.00
9804,9804,4,1,100.00,100.00
9805,9805,4,1,100.00,100.00
9806,9806,5,1,100.00,100.00
9807,9807,5,1,100.00,100.00
9808,9808,4,1,100.00,100.00
9809,9809,11,1,50.00,50.00
9810,9810,10,1,50.00,50.00
9811,9811,8,1,50.00,50.00
9812,9812,11,1,50.00,50.00
9813,9813,2,1,100.00,100.00
9814,9814,6,1,100.00,100.00
9815,9815,11,1,50.00,50.00
9816,9816,3,1,100.00,100.00
9817,9817,7,1,50.00,50.00
9818,9818,6,1,100.00,100.00
9819,9819,9,1,50.00,50.00
9820,9820,8,1,50.00,50.00
9821,9821,2,1,100.00,100.00
9822,9822,1,1,100.00,100.00
9823,9823,12,1,50.00,50.00
9824,9824,8,1,50.00,50.00
9825,9825,4,1,100.00,100.00
9826,9826,6,1,100.00,100.00
9827,9827,10,1,50.00,50.00
9828,9828,4,1,100.00,100.00
9829,9829,10,1,50.00,50.00
9830,9830,12,1,50.00,50.00
9831,9831,1,1,100.00,100.00
9832,9832,2,1,100.00,100.00
9833,9833,2,1,100.00,100.00
9834,9834,3,1,100.00,100.00
9835,9835,12,1,50.00,50.00
9836,9836,7,1,50.00,50.00
9837,9837,7,1,50.00,50.00
9838,9838,7,1,50.00,50.00
9839,9839,10,1,50.00,50.00
9840,9840,4,1,100.00,100.00
9841,9841,10,1,50.00,50.00
9842,9842,10,1,50.00,50.00
9843,9843,1,1,100.00,100.00
9844,9844,8,1,50.00,50.00
9845,9845,2,1,100.00,100.00
9846,9846,12,1,50.00,50.00
9847,9847,9,1,50.00,50.00
9848,9848,3,1,100.00,100.00
9849,9849,5,1,100.00,100.00
9850,9850,4,1,100.00,100.00
9851,9851,11,1,50.00,50.00
9852,9852,7,1,50.00,50.00
9853,9853,5,1,100.00,100.00
9854,9854,1,1,100.00,100.00
9855,9855,3,1,100.00,100.00
9856,9856,7,1,50.00,50.00
9857,9857,11,1,50.00,50.00
9858,9858,12,1,50.00,50.00
9859,9859,8,1,50.00,50.00
9860,9860,2,1,100.00,100.00
9861,9861,1,1,100.00,100.00
9862,9862,10,1,50.00,50.00
9863,9863,12,1,50.00,50.00
9864,9864,11,1,50.00,50.00
9865,9865,9,1,50.00,50.00
9866,9866,9,1,50.00,50.00
9867,9867,3,1,100.00,100.00
9868,9868,1,1,100.00,100.00
9869,9869,6,1,100.00,100.00
9870,9870,7,1,50.00,50.00
9871,9871,8,1,50.00,50.00
9872,9872,8,1,50.00,50.00
9873,9873,12,1,50.00,50.00
9874,9874,8,1,50.00,50.00
9875,9875,7,1,50.00,50.00
9876,9876,8,1,50.00,50.00
9877,9877,3,1,100.00,100.00
9878,9878,8,1,50.00,50.00
9879,9879,1,1,100.00,100.00
9880,9880,11,1,50.00,50.00
9881,9881,6,1,100.00,100.00
9882,9882,3,1,100.00,100.00
9883,9883,7,1,50.00,50.00
9884,9884,8,1,50.00,50.00
9885,9885,9,1,50.00,50.00
9886,9886,4,1,100.00,100.00
9887,9887,10,1,50.00,50.00
9888,9888,8,1,50.00,50.00
9889,9889,9,1,50.00,50.00
9890,9890,12,1,50.00,50.00
9891,9891,2,1,100.00,100.00
9892,9892,8,1,50.00,50.00
9893,9893,2,1,100.00,100.00
9894,9894,11,1,50.00,50.00
9895,9895,5,1,100.00,100.00
9896,9896,9,1,50.00,50.00
9897,9897,11,1,50.00,50.00
9898,9898,2,1,100.00,100.00
9899,9899,7,1,50.00,50.00
9900,9900,11,1,50.00,50.00
9901,9901,6,1,100.00,100.00
9902,9902,7,1,50.00,50.00
9903,9903,2,1,100.00,100.00
9904,9904,1,1,100.00,100.00
9905,9905,6,1,100.00,100.00
9906,9906,12,1,50.00,50.00
9907,9907,9,1,50.00,50.00
9908,9908,10,1,50.00,50.00
9909,9909,2,1,100.00,100.00
9910,9910,11,1,50.00,50.00
9911,9911,11,1,50.00,50.00
9912,9912,4,1,100.00,100.00
9913,9913,2,1,100.00,100.00
9914,9914,9,1,50.00,50.00
9915,9915,4,1,100.00,100.00
9916,9916,10,1,50.00,50.00
9917,9917,8,1,50.00,50.00
9918,9918,6,1,100.00,100.00
9919,9919,1,1,100.00,100.00
9920,9920,7,1,50.00,50.00
9921,9921,4,1,100.00,100.00
9922,9922,3,1,100.00,100.00
9923,9923,12,1,50.00,50.00
9924,9924,11,1,50.00,50.00
9925,9925,12,1,50.00,50.00
9926,9926,7,1,50.00,50.00
9927,9927,8,1,50.00,50.00
9928,9928,11,1,50.00,50.00
9929,9929,11,1,50.00,50.00
9930,9930,12,1,50.00,50.00
9931,9931,12,1,50.00,50.00
9932,9932,1,1,100.00,100.00
9933,9933,2,1,100.00,100.00
9934,9934,9,1,50.00,50.00
9935,9935,10,1,50.00,50.00
9936,9936,1,1,100.00,100.00
9937,9937,3,1,100.00,100.00
9938,9938,1,1,100.00,100.00
9939,9939,4,1,100.00,100.00
9940,9940,8,1,50.00,50.00
9941,9941,9,1,50.00,50.00
9942,9942,11,1,50.00,50.00
9943,9943,11,1,50.00,50.00
9944,9944,7,1,50.00,50.00
9945,9945,10,1,50.00,50.00
9946,9946,11,1,50.00,50.00
9947,9947,6,1,100.00,100.00
9948,9948,7,1,50.00,50.00
9949,9949,12,1,50.00,50.00
9950,9950,12,1,50.00,50.00
9951,9951,9,1,50.00,50.00
9952,9952,4,1,100.00,100.00
9953,9953,11,1,50.00,50.00
9954,9954,5,1,100.00,100.00
9955,9955,8,1,50.00,50.00
9956,9956,11,1,50.00,50.00
9957,9957,10,1,50.00,50.00
9958,9958,12,1,50.00,50.00
9959,9959,9,1,50.00,50.00
9960,9960,7,1,50.00,50.00
9961,9961,7,1,50.00,50.00
9962,9962,11,1,50.00,50.00
9963,9963,2,1,100.00,100.00
9964,9964,10,1,50.00,50.00
9965,9965,9,1,50.00,50.00
9966,9966,10,1,50.00,50.00
9967,9967,12,1,50.00,50.00
9968,9968,7,1,50.00,50.00
9969,9969,10,1,50.00,50.00
9970,9970,10,1,50.00,50.00
9971,9971,11,1,50.00,50.00
9972,9972,5,1,100.00,100.00
9973,9973,11,1,50.00,50.00
9974,9974,8,1,50.00,50.00
9975,9975,7,1,50.00,50.00
9976,9976,4,1,100.00,100.00
9977,9977,9,1,50.00,50.00
9978,9978,3,1,100.00,100.00
9979,9979,4,1,100.00,100.00
9980,9980,12,1,50.00,50.00
9981,9981,12,1,50.00,50.00
9982,9982,6,1,100.00,100.00
9983,9983,4,1,100.00,100.00
9984,9984,12,1,50.00,50.00
9985,9985,9,1,50.00,50.00
9986,9986,3,1,100.00,100.00
9987,9987,6,1,100.00,100.00
9988,9988,8,1,50.00,50.00
9989,9989,12,1,50.00,50.00
9990,9990,11,1,50.00,50.00
9991,9991,12,1,50.00,50.00
9992,9992,4,1,100.00,100.00
9993,9993,7,1,50.00,50.00
9994,9994,2,1,100.00,100.00
9995,9995,11,1,50.00,50.00
9996,9996,11,1,50.00,50.00
9997,9997,6,1,100.00,100.00
9998,9998,3,1,100.00,100.00
9999,9999,8,1,50.00,50.00
10000,10000,8,1,50.00,50.00
10001,10001,10,1,50.00,50.00
10002,10002,9,1,50.00,50.00
10003,10003,9,1,50.00,50.00
10004,10004,7,1,50.00,50.00
10005,10005,5,1,100.00,100.00
10006,10006,11,1,50.00,50.00
10007,10007,3,1,100.00,100.00
10008,10008,10,1,50.00,50.00
10009,10009,7,1,50.00,50.00
10010,10010,6,1,100.00,100.00
10011,10011,12,1,50.00,50.00
10012,10012,9,1,50.00,50.00
10013,10013,10,1,50.00,50.00
10014,10014,9,1,50.00,50.00
10015,10015,2,1,100.00,100.00
10016,10016,9,1,50.00,50.00
10017,10017,8,1,50.00,50.00
10018,10018,6,1,100.00,100.00
10019,10019,5,1,100.00,100.00
10020,10020,5,1,100.00,100.00
10021,10021,8,1,50.00,50.00
10022,10022,2,1,100.00,100.00
10023,10023,12,1,50.00,50.00
10024,10024,7,1,50.00,50.00
10025,10025,2,1,100.00,100.00
10026,10026,12,1,50.00,50.00
10027,10027,9,1,50.00,50.00
10028,10028,5,1,100.00,100.00
10029,10029,8,1,50.00,50.00
10030,10030,6,1,100.00,100.00
10031,10031,3,1,100.00,100.00
10032,10032,6,1,100.00,100.00
10033,10033,9,1,50.00,50.00
10034,10034,7,1,50.00,50.00
10035,10035,11,1,50.00,50.00
10036,10036,8,1,50.00,50.00
10037,10037,9,1,50.00,50.00
10038,10038,5,1,100.00,100.00
10039,10039,7,1,50.00,50.00
10040,10040,6,1,100.00,100.00
10041,10041,8,1,50.00,50.00
10042,10042,8,1,50.00,50.00
10043,10043,5,1,100.00,100.00
10044,10044,10,1,50.00,50.00
10045,10045,8,1,50.00,50.00
10046,10046,9,1,50.00,50.00
10047,10047,3,1,100.00,100.00
10048,10048,2,1,100.00,100.00
10049,10049,12,1,50.00,50.00
10050,10050,5,1,100.00,100.00
10051,10051,8,1,50.00,50.00
10052,10052,2,1,100.00,100.00
10053,10053,5,1,100.00,100.00
10054,10054,11,1,50.00,50.00
10055,10055,6,1,100.00,100.00
10056,10056,12,1,50.00,50.00
10057,10057,3,1,100.00,100.00
10058,10058,12,1,50.00,50.00
10059,10059,12,1,50.00,50.00
10060,10060,12,1,50.00,50.00
10061,10061,10,1,50.00,50.00
10062,10062,1,1,100.00,100.00
10063,10063,12,1,50.00,50.00
10064,10064,10,1,50.00,50.00
10065,10065,8,1,50.00,50.00
10066,10066,2,1,100.00,100.00
10067,10067,12,1,50.00,50.00
10068,10068,7,1,50.00,50.00
10069,10069,9,1,50.00,50.00
10070,10070,2,1,100.00,100.00
10071,10071,2,1,100.00,100.00
10072,10072,2,1,100.00,100.00
10073,10073,10,1,50.00,50.00
10074,10074,6,1,100.00,100.00
10075,10075,12,1,50.00,50.00
10076,10076,11,1,50.00,50.00
10077,10077,12,1,50.00,50.00
10078,10078,3,1,100.00,100.00
10079,10079,8,1,50.00,50.00
10080,10080,10,1,50.00,50.00
10081,10081,4,1,100.00,100.00
10082,10082,10,1,50.00,50.00
10083,10083,7,1,50.00,50.00
10084,10084,10,1,50.00,50.00
10085,10085,1,1,100.00,100.00
10086,10086,8,1,50.00,50.00
10087,10087,6,1,100.00,100.00
10088,10088,12,1,50.00,50.00
10089,10089,9,1,50.00,50.00
10090,10090,7,1,50.00,50.00
10091,10091,3,1,100.00,100.00
10092,10092,2,1,100.00,100.00
10093,10093,12,1,50.00,50.00
10094,10094,4,1,100.00,100.00
10095,10095,9,1,50.00,50.00
10096,10096,8,1,50.00,50.00
10097,10097,8,1,50.00,50.00
10098,10098,10,1,50.00,50.00
10099,10099,6,1,100.00,100.00
10100,10100,3,1,100.00,100.00
10101,10101,9,1,50.00,50.00
10102,10102,4,1,100.00,100.00
10103,10103,3,1,100.00,100.00
10104,10104,2,1,100.00,100.00
10105,10105,6,1,100.00,100.00
10106,10106,5,1,100.00,100.00
10107,10107,9,1,50.00,50.00
10108,10108,5,1,100.00,100.00
10109,10109,7,1,50.00,50.00
10110,10110,2,1,100.00,100.00
10111,10111,11,1,50.00,50.00
10112,10112,9,1,50.00,50.00
10113,10113,10,1,50.00,50.00
10114,10114,12,1,50.00,50.00
10115,10115,3,1,100.00,100.00
10116,10116,3,1,100.00,100.00
10117,10117,8,1,50.00,50.00
10118,10118,5,1,100.00,100.00
10119,10119,10,1,50.00,50.00
10120,10120,11,1,50.00,50.00
10121,10121,8,1,50.00,50.00
10122,10122,1,1,100.00,100.00
10123,10123,11,1,50.00,50.00
10124,10124,10,1,50.00,50.00
10125,10125,5,1,100.00,100.00
10126,10126,9,1,50.00,50.00
10127,10127,7,1,50.00,50.00
10128,10128,5,1,100.00,100.00
10129,10129,2,1,100.00,100.00
10130,10130,5,1,100.00,100.00
10131,10131,12,1,50.00,50.00
10132,10132,9,1,50.00,50.00
10133,10133,11,1,50.00,50.00
10134,10134,11,1,50.00,50.00
10135,10135,3,1,100.00,100.00
10136,10136,12,1,50.00,50.00
10137,10137,2,1,100.00,100.00
10138,10138,11,1,50.00,50.00
10139,10139,8,1,50.00,50.00
10140,10140,3,1,100.00,100.00
10141,10141,10,1,50.00,50.00
10142,10142,11,1,50.00,50.00
10143,10143,9,1,50.00,50.00
10144,10144,1,1,100.00,100.00
10145,10145,6,1,100.00,100.00
10146,10146,8,1,50.00,50.00
10147,10147,1,1,100.00,100.00
10148,10148,12,1,50.00,50.00
10149,10149,8,1,50.00,50.00
10150,10150,2,1,100.00,100.00
10151,10151,10,1,50.00,50.00
10152,10152,12,1,50.00,50.00
10153,10153,12,1,50.00,50.00
10154,10154,2,1,100.00,100.00
10155,10155,9,1,50.00,50.00
10156,10156,4,1,100.00,100.00
10157,10157,9,1,50.00,50.00
10158,10158,9,1,50.00,50.00
10159,10159,12,1,50.00,50.00
10160,10160,7,1,50.00,50.00
10161,10161,8,1,50.00,50.00
10162,10162,12,1,50.00,50.00
10163,10163,12,1,50.00,50.00
10164,10164,8,1,50.00,50.00
10165,10165,7,1,50.00,50.00
10166,10166,3,1,100.00,100.00
10167,10167,1,1,100.00,100.00
10168,10168,10,1,50.00,50.00
10169,10169,9,1,50.00,50.00
10170,10170,10,1,50.00,50.00
10171,10171,3,1,100.00,100.00
10172,10172,12,1,50.00,50.00
10173,10173,9,1,50.00,50.00
10174,10174,11,1,50.00,50.00
10175,10175,12,1,50.00,50.00
10176,10176,5,1,100.00,100.00
10177,10177,7,1,50.00,50.00
10178,10178,9,1,50.00,50.00
10179,10179,4,1,100.00,100.00
10180,10180,2,1,100.00,100.00
10181,10181,11,1,50.00,50.00
10182,10182,10,1,50.00,50.00
10183,10183,10,1,50.00,50.00
10184,10184,7,1,50.00,50.00
10185,10185,7,1,50.00,50.00
10186,10186,12,1,50.00,50.00
10187,10187,3,1,100.00,100.00
10188,10188,6,1,100.00,100.00
10189,10189,10,1,50.00,50.00
10190,10190,12,1,50.00,50.00
10191,10191,4,1,100.00,100.00
10192,10192,11,1,50.00,50.00
10193,10193,12,1,50.00,50.00
10194,10194,10,1,50.00,50.00
10195,10195,11,1,50.00,50.00
10196,10196,5,1,100.00,100.00
10197,10197,5,1,100.00,100.00
10198,10198,10,1,50.00,50.00
10199,10199,12,1,50.00,50.00
10200,10200,8,1,50.00,50.00
10201,10201,3,1,100.00,100.00
10202,10202,1,1,100.00,100.00
10203,10203,2,1,100.00,100.00
10204,10204,3,1,100.00,100.00
10205,10205,10,1,50.00,50.00
10206,10206,7,1,50.00,50.00
10207,10207,11,1,50.00,50.00
10208,10208,12,1,50.00,50.00
10209,10209,6,1,100.00,100.00
10210,10210,6,1,100.00,100.00
10211,10211,10,1,50.00,50.00
10212,10212,6,1,100.00,100.00
10213,10213,7,1,50.00,50.00
10214,10214,2,1,100.00,100.00
10215,10215,7,1,50.00,50.00
10216,10216,6,1,100.00,100.00
10217,10217,4,1,100.00,100.00
10218,10218,10,1,50.00,50.00
10219,10219,5,1,100.00,100.00
10220,10220,6,1,100.00,100.00
10221,10221,8,1,50.00,50.00
10222,10222,5,1,100.00,100.00
10223,10223,11,1,50.00,50.00
10224,10224,7,1,50.00,50.00
10225,10225,6,1,100.00,100.00
10226,10226,10,1,50.00,50.00
10227,10227,11,1,50.00,50.00
10228,10228,2,1,100.00,100.00
10229,10229,9,1,50.00,50.00
10230,10230,12,1,50.00,50.00
10231,10231,1,1,100.00,100.00
10232,10232,5,1,100.00,100.00
10233,10233,5,1,100.00,100.00
10234,10234,7,1,50.00,50.00
10235,10235,9,1,50.00,50.00
10236,10236,10,1,50.00,50.00
10237,10237,5,1,100.00,100.00
10238,10238,10,1,50.00,50.00
10239,10239,8,1,50.00,50.00
10240,10240,4,1,100.00,100.00
10241,10241,5,1,100.00,100.00
10242,10242,1,1,100.00,100.00
10243,10243,11,1,50.00,50.00
10244,10244,3,1,100.00,100.00
10245,10245,9,1,50.00,50.00
10246,10246,9,1,50.00,50.00
10247,10247,9,1,50.00,50.00
10248,10248,10,1,50.00,50.00
10249,10249,3,1,100.00,100.00
10250,10250,5,1,100.00,100.00
10251,10251,10,1,50.00,50.00
10252,10252,5,1,100.00,100.00
10253,10253,12,1,50.00,50.00
10254,10254,11,1,50.00,50.00
10255,10255,2,1,100.00,100.00
10256,10256,7,1,50.00,50.00
10257,10257,10,1,50.00,50.00
10258,10258,4,1,100.00,100.00
10259,10259,10,1,50.00,50.00
10260,10260,8,1,50.00,50.00
10261,10261,10,1,50.00,50.00
10262,10262,12,1,50.00,50.00
10263,10263,11,1,50.00,50.00
10264,10264,2,1,100.00,100.00
10265,10265,8,1,50.00,50.00
10266,10266,6,1,100.00,100.00
10267,10267,9,1,50.00,50.00
10268,10268,9,1,50.00,50.00
10269,10269,12,1,50.00,50.00
10270,10270,6,1,100.00,100.00
10271,10271,12,1,50.00,50.00
10272,10272,11,1,50.00,50.00
10273,10273,1,1,100.00,100.00
10274,10274,11,1,50.00,50.00
10275,10275,1,1,100.00,100.00
10276,10276,9,1,50.00,50.00
10277,10277,10,1,50.00,50.00
10278,10278,2,1,100.00,100.00
10279,10279,11,1,50.00,50.00
10280,10280,7,1,50.00,50.00
10281,10281,9,1,50.00,50.00
10282,10282,8,1,50.00,50.00
10283,10283,9,1,50.00,50.00
10284,10284,7,1,50.00,50.00
10285,10285,1,1,100.00,100.00
10286,10286,7,1,50.00,50.00
10287,10287,12,1,50.00,50.00
10288,10288,7,1,50.00,50.00
10289,10289,7,1,50.00,50.00
10290,10290,3,1,100.00,100.00
10291,10291,9,1,50.00,50.00
10292,10292,7,1,50.00,50.00
10293,10293,8,1,50.00,50.00
10294,10294,12,1,50.00,50.00
10295,10295,5,1,100.00,100.00
10296,10296,1,1,100.00,100.00
10297,10297,7,1,50.00,50.00
10298,10298,4,1,100.00,100.00
10299,10299,1,1,100.00,100.00
10300,10300,11,1,50.00,50.00
10301,10301,10,1,50.00,50.00
10302,10302,9,1,50.00,50.00
10303,10303,8,1,50.00,50.00
10304,10304,4,1,100.00,100.00
10305,10305,10,1,50.00,50.00
10306,10306,10,1,50.00,50.00
10307,10307,12,1,50.00,50.00
10308,10308,12,1,50.00,50.00
10309,10309,8,1,50.00,50.00
10310,10310,11,1,50.00,50.00
10311,10311,8,1,50.00,50.00
10312,10312,6,1,100.00,100.00
10313,10313,9,1,50.00,50.00
10314,10314,10,1,50.00,50.00
10315,10315,12,1,50.00,50.00
10316,10316,5,1,100.00,100.00
10317,10317,2,1,100.00,100.00
10318,10318,8,1,50.00,50.00
10319,10319,1,1,100.00,100.00
10320,10320,2,1,100.00,100.00
10321,10321,8,1,50.00,50.00
10322,10322,12,1,50.00,50.00
10323,10323,7,1,50.00,50.00
10324,10324,5,1,100.00,100.00
10325,10325,4,1,100.00,100.00
10326,10326,12,1,50.00,50.00
10327,10327,4,1,100.00,100.00
10328,10328,10,1,50.00,50.00
10329,10329,12,1,50.00,50.00
10330,10330,2,1,100.00,100.00
10331,10331,3,1,100.00,100.00
10332,10332,1,1,100.00,100.00
10333,10333,6,1,100.00,100.00
10334,10334,10,1,50.00,50.00
10335,10335,2,1,100.00,100.00
10336,10336,11,1,50.00,50.00
10337,10337,11,1,50.00,50.00
10338,10338,11,1,50.00,50.00
10339,10339,10,1,50.00,50.00
10340,10340,8,1,50.00,50.00
10341,10341,8,1,50.00,50.00
10342,10342,5,1,100.00,100.00
10343,10343,5,1,100.00,100.00
10344,10344,5,1,100.00,100.00
10345,10345,11,1,50.00,50.00
10346,10346,7,1,50.00,50.00
10347,10347,11,1,50.00,50.00
10348,10348,3,1,100.00,100.00
10349,10349,5,1,100.00,100.00
10350,10350,10,1,50.00,50.00
10351,10351,12,1,50.00,50.00
10352,10352,5,1,100.00,100.00
10353,10353,9,1,50.00,50.00
10354,10354,9,1,50.00,50.00
10355,10355,9,1,50.00,50.00
10356,10356,4,1,100.00,100.00
10357,10357,11,1,50.00,50.00
10358,10358,3,1,100.00,100.00
10359,10359,5,1,100.00,100.00
10360,10360,11,1,50.00,50.00
10361,10361,10,1,50.00,50.00
10362,10362,1,1,100.00,100.00
10363,10363,11,1,50.00,50.00
10364,10364,2,1,100.00,100.00
10365,10365,7,1,50.00,50.00
10366,10366,12,1,50.00,50.00
10367,10367,2,1,100.00,100.00
10368,10368,11,1,50.00,50.00
10369,10369,1,1,100.00,100.00
10370,10370,1,1,100.00,100.00
10371,10371,10,1,50.00,50.00
10372,10372,8,1,50.00,50.00
10373,10373,7,1,50.00,50.00
10374,10374,9,1,50.00,50.00
10375,10375,7,1,50.00,50.00
10376,10376,11,1,50.00,50.00
10377,10377,1,1,100.00,100.00
10378,10378,3,1,100.00,100.00
10379,10379,4,1,100.00,100.00
10380,10380,12,1,50.00,50.00
10381,10381,1,1,100.00,100.00
10382,10382,1,1,100.00,100.00
10383,10383,10,1,50.00,50.00
10384,10384,8,1,50.00,50.00
10385,10385,2,1,100.00,100.00
10386,10386,9,1,50.00,50.00
10387,10387,10,1,50.00,50.00
10388,10388,6,1,100.00,100.00
10389,10389,8,1,50.00,50.00
10390,10390,7,1,50.00,50.00
10391,10391,9,1,50.00,50.00
10392,10392,12,1,50.00,50.00
10393,10393,9,1,50.00,50.00
10394,10394,11,1,50.00,50.00
10395,10395,2,1,100.00,100.00
10396,10396,3,1,100.00,100.00
10397,10397,9,1,50.00,50.00
10398,10398,9,1,50.00,50.00
10399,10399,3,1,100.00,100.00
10400,10400,8,1,50.00,50.00
10401,10401,11,1,50.00,50.00
10402,10402,3,1,100.00,100.00
10403,10403,8,1,50.00,50.00
10404,10404,6,1,100.00,100.00
10405,10405,11,1,50.00,50.00
10406,10406,4,1,100.00,100.00
10407,10407,7,1,50.00,50.00
10408,10408,6,1,100.00,100.00
10409,10409,6,1,100.00,100.00
10410,10410,10,1,50.00,50.00
10411,10411,3,1,100.00,100.00
10412,10412,8,1,50.00,50.00
10413,10413,1,1,100.00,100.00
10414,10414,6,1,100.00,100.00
10415,10415,7,1,50.00,50.00
10416,10416,4,1,100.00,100.00
10417,10417,10,1,50.00,50.00
10418,10418,6,1,100.00,100.00
10419,10419,4,1,100.00,100.00
10420,10420,2,1,100.00,100.00
10421,10421,7,1,50.00,50.00
10422,10422,10,1,50.00,50.00
10423,10423,9,1,50.00,50.00
10424,10424,8,1,50.00,50.00
10425,10425,5,1,100.00,100.00
10426,10426,7,1,50.00,50.00
10427,10427,2,1,100.00,100.00
10428,10428,11,1,50.00,50.00
10429,10429,10,1,50.00,50.00
10430,10430,9,1,50.00,50.00
10431,10431,8,1,50.00,50.00
10432,10432,11,1,50.00,50.00
10433,10433,8,1,50.00,50.00
10434,10434,9,1,50.00,50.00
10435,10435,7,1,50.00,50.00
10436,10436,7,1,50.00,50.00
10437,10437,2,1,100.00,100.00
10438,10438,2,1,100.00,100.00
10439,10439,5,1,100.00,100.00
10440,10440,11,1,50.00,50.00
10441,10441,1,1,100.00,100.00
10442,10442,7,1,50.00,50.00
10443,10443,11,1,50.00,50.00
10444,10444,1,1,100.00,100.00
10445,10445,5,1,100.00,100.00
10446,10446,12,1,50.00,50.00
10447,10447,6,1,100.00,100.00
10448,10448,10,1,50.00,50.00
10449,10449,4,1,100.00,100.00
10450,10450,9,1,50.00,50.00
10451,10451,4,1,100.00,100.00
10452,10452,11,1,50.00,50.00
10453,10453,12,1,50.00,50.00
10454,10454,9,1,50.00,50.00
10455,10455,9,1,50.00,50.00
10456,10456,10,1,50.00,50.00
10457,10457,6,1,100.00,100.00
10458,10458,1,1,100.00,100.00
10459,10459,2,1,100.00,100.00
10460,10460,8,1,50.00,50.00
